student_id,name,age,gender,attendance_rate,time_spent_hours,quiz_avg_score,assignments_completed,forum_posts,badges_earned,final_exam_score,final_grade,dropout_risk,feedback_text,sentiment
1,Suresh Verma,24,Male,0.85,37.93,0.83,9,18,6,78.2,B,0,Great course and very helpful,Positive
2,Vijay Patel,25,Male,1,51.51,0.61,6,20,0,71.31,B,0,Helped me improve a lot,Positive
3,Meena Verma,25,Female,0.8,11.3,0.36,5,41,2,47.45,D,0,Very confusing content,Negative
4,Vijay Nair,29,Female,0.78,39.48,0.93,9,20,8,71.67,B,0,Excellent platform for learning,Positive
5,Priya Sharma,28,Male,0.63,35.62,0.58,9,43,7,70.29,B,0,Very engaging and informative,Positive
6,Vijay Verma,21,Female,0.91,21.69,0.74,4,3,5,48.64,D,0,Not useful at all,Negative
7,Sneha Nair,20,Female,0.31,24.34,0.73,9,7,6,48.09,D,0,Poor explanations,Negative
8,Sneha Verma,29,Male,0.86,40.38,0.79,9,23,9,74.47,B,0,Helped me improve a lot,Positive
9,Arun Sharma,18,Female,0.77,46.29,0.51,7,0,8,49.42,D,0,Very confusing content,Negative
10,Kavya Iyer,30,Female,0.87,53.32,0.88,7,41,6,82.14,B,0,Excellent platform for learning,Positive
11,Divya Das,18,Male,0.88,43.62,0.67,3,47,6,73.45,B,0,Helped me improve a lot,Positive
12,Divya Nair,22,Male,0.53,22.06,0.86,5,34,0,64.69,C,0,Nothing special,Neutral
13,Priya Kumar,29,Male,0.82,38.78,0.79,9,13,6,71.34,B,0,Helped me improve a lot,Positive
14,Meena Gupta,27,Female,0.72,25.52,0.73,3,31,3,57.24,C,0,Average experience,Neutral
15,Meena Iyer,23,Male,0.71,45.36,1,6,12,6,66.18,C,0,Nothing special,Neutral
16,Vijay Singh,28,Female,0.59,32.47,0.88,6,43,3,66.84,C,0,Okay course,Neutral
17,Ravi Nair,25,Male,0.77,54.53,0.56,3,26,8,57.37,C,0,Okay course,Neutral
18,Priya Gupta,28,Female,0.81,43.92,0.7,3,36,0,63.11,C,0,Can be improved,Neutral
19,Ravi Verma,22,Female,0.68,27.97,0.67,3,48,0,60.71,C,0,Can be improved,Neutral
20,Anjali Sharma,26,Female,0.58,27.66,0.92,7,48,7,72.16,B,0,Helped me improve a lot,Positive
21,Divya Nair,23,Male,0.77,33.51,0.57,7,31,0,60.12,C,0,Nothing special,Neutral
22,Ravi Nair,25,Male,1,55.99,0.2,8,31,6,68.8,C,0,Nothing special,Neutral
23,Divya Sharma,25,Female,0.98,51.28,0.86,7,33,5,74.51,B,0,Loved the teaching style,Positive
24,Ravi Gupta,26,Male,0.99,34.16,0.61,5,5,2,62.72,C,0,Can be improved,Neutral
25,Meena Gupta,28,Female,1,53.1,0.7,5,19,6,68.59,C,0,Average experience,Neutral
26,Vijay Patel,28,Male,0.86,26.28,0.82,3,10,8,59.85,C,0,Nothing special,Neutral
27,Kavya Patel,18,Female,0.68,48.34,0.91,3,48,1,72.6,B,0,Loved the teaching style,Positive
28,Meena Iyer,21,Female,0.95,42.29,0.58,5,47,2,64.52,C,0,Normal learning experience,Neutral
29,Priya Kumar,30,Female,0.69,55.98,0.87,8,24,2,79.74,B,0,Very engaging and informative,Positive
30,Arun Iyer,30,Male,0.72,10.98,0.73,6,32,3,58.02,C,0,Average experience,Neutral
31,Rahul Nair,20,Female,0.6,23.04,0.85,9,2,0,63.85,C,0,Okay course,Neutral
32,Priya Nair,24,Female,0.83,11.7,1,8,45,5,74.97,B,0,Excellent platform for learning,Positive
33,Rahul Iyer,26,Female,0.75,46.2,0.67,7,29,0,69,C,0,Can be improved,Neutral
34,Rahul Das,22,Male,0.7,80.8,0.83,5,3,2,63.37,C,0,Normal learning experience,Neutral
35,Divya Reddy,25,Male,0.75,42.86,0.82,6,40,4,67.93,C,0,Normal learning experience,Neutral
36,Divya Verma,26,Male,0.73,51.11,0.61,7,31,6,67.51,C,0,Can be improved,Neutral
37,Rahul Sharma,18,Female,0.73,13.76,0.43,8,2,7,37.84,Fail,0,Not useful at all,Negative
38,Vijay Das,27,Male,0.52,60.84,0.53,4,16,7,45.73,D,0,Poor explanations,Negative
39,Priya Singh,29,Male,0.97,55.81,0.42,9,25,2,62.17,C,0,Nothing special,Neutral
40,Rahul Das,19,Female,0.88,18.46,0.46,8,15,2,57.37,C,0,Can be improved,Neutral
41,Kavya Iyer,22,Male,0.52,17.49,0.73,8,24,9,49.52,D,0,Not useful at all,Negative
42,Rahul Iyer,19,Male,0.39,45.36,0.62,6,41,5,53.97,D,0,Waste of time,Negative
43,Anjali Sharma,22,Male,0.82,11.8,0.89,6,43,4,65.71,C,0,Average experience,Neutral
44,Karthik Singh,20,Female,0.99,37.73,0.63,5,39,3,62.49,C,0,Average experience,Neutral
45,Rahul Kumar,24,Female,0.49,10.14,0.53,4,22,8,45.23,D,1,Very confusing content,Negative
46,Priya Iyer,27,Female,0.68,42.36,0.68,8,47,8,70.83,B,0,Helped me improve a lot,Positive
47,Ravi Verma,27,Female,0.5,53.77,1,9,2,9,70.32,B,0,Loved the teaching style,Positive
48,Ravi Das,30,Male,1,29.38,0.79,6,15,9,72.45,B,0,Excellent platform for learning,Positive
49,Kavya Kumar,24,Male,0.89,49,0.6,7,22,9,55.43,C,0,Normal learning experience,Neutral
50,Arun Patel,29,Female,1,59.85,0.67,4,18,9,67.34,C,0,Normal learning experience,Neutral
51,Ravi Gupta,29,Female,1,41.26,0.89,9,1,0,81.87,B,0,Helped me improve a lot,Positive
52,Priya Das,23,Male,0.82,53.89,0.82,5,32,0,76.54,B,0,Great course and very helpful,Positive
53,Anjali Kumar,28,Male,0.85,47.01,0.93,4,42,1,77.44,B,0,Very engaging and informative,Positive
54,Rahul Iyer,24,Male,0.77,33.55,0.95,7,25,9,63.85,C,0,Okay course,Neutral
55,Divya Das,21,Male,0.63,34.67,0.89,7,35,8,73.8,B,0,Very engaging and informative,Positive
56,Anjali Singh,30,Male,0.62,53.15,0.81,5,48,2,64.58,C,0,Normal learning experience,Neutral
57,Karthik Das,21,Female,0.39,21.69,0.57,8,31,4,53.15,D,0,Poor explanations,Negative
58,Karthik Iyer,20,Female,0.9,23.33,0.53,8,16,0,62.72,C,0,Normal learning experience,Neutral
59,Vijay Singh,28,Female,1,40.32,0.84,3,35,8,71.71,B,0,Helped me improve a lot,Positive
60,Vijay Iyer,25,Female,0.67,54.76,0.72,6,18,9,63.59,C,0,Can be improved,Neutral
61,Sneha Das,25,Male,0.59,71.39,0.5,5,20,3,49.91,D,0,Not useful at all,Negative
62,Priya Kumar,19,Female,1,46.07,0.72,8,6,7,70.43,B,0,Loved the teaching style,Positive
63,Suresh Verma,22,Male,0.66,43.48,0.41,6,16,6,42.96,D,0,Too difficult to follow,Negative
64,Ravi Patel,28,Male,0.61,36.8,0.76,5,9,9,62.64,C,0,Can be improved,Neutral
65,Suresh Sharma,24,Male,0.61,11.86,0.59,8,19,7,42.71,D,0,Not useful at all,Negative
66,Rahul Verma,19,Female,0.81,27.59,0.8,8,48,8,79.08,B,0,Helped me improve a lot,Positive
67,Ravi Sharma,26,Female,0.68,46.87,0.71,5,36,3,68.19,C,0,Okay course,Neutral
68,Sneha Patel,28,Male,0.84,40.82,1,8,14,0,76.2,B,0,Loved the teaching style,Positive
69,Karthik Gupta,27,Male,0.99,67.24,0.68,6,7,9,75.83,B,0,Excellent platform for learning,Positive
70,Vijay Reddy,24,Male,0.72,19.67,0.91,6,36,8,56.98,C,0,Normal learning experience,Neutral
71,Divya Reddy,25,Male,0.69,15.1,1,7,12,2,55.66,C,0,Average experience,Neutral
72,Arun Das,28,Male,0.9,62.15,0.84,4,44,4,76.77,B,0,Helped me improve a lot,Positive
73,Arun Patel,22,Female,0.74,35.77,0.76,9,24,5,60.47,C,0,Can be improved,Neutral
74,Anjali Iyer,26,Female,0.8,58.49,0.74,7,30,4,68.48,C,0,Can be improved,Neutral
75,Rahul Patel,25,Female,0.75,40.7,0.61,8,8,0,61.65,C,0,Can be improved,Neutral
76,Divya Iyer,18,Male,0.77,47.72,0.84,4,27,7,61.62,C,0,Okay course,Neutral
77,Divya Kumar,21,Female,0.75,33.61,0.96,4,11,0,63.76,C,0,Can be improved,Neutral
78,Ravi Verma,27,Male,1,66.33,0.65,9,46,6,85.82,A,0,Helped me improve a lot,Positive
79,Karthik Das,26,Female,0.88,60.53,0.51,8,33,5,71.84,B,0,Great course and very helpful,Positive
80,Arun Reddy,18,Male,1,59.11,0.53,4,37,0,69.7,C,0,Can be improved,Neutral
81,Ravi Kumar,19,Female,0.65,60.02,0.9,7,28,3,72.76,B,0,Helped me improve a lot,Positive
82,Arun Das,19,Female,0.99,37.84,0.73,4,12,2,63.16,C,0,Can be improved,Neutral
83,Kavya Das,25,Female,0.32,70.48,0.35,6,39,3,55.5,C,0,Nothing special,Neutral
84,Suresh Das,25,Male,0.9,35.64,1,4,18,4,70.13,B,0,Excellent platform for learning,Positive
85,Divya Patel,30,Female,0.64,28.11,0.68,4,45,1,53.05,D,0,Not useful at all,Negative
86,Ravi Reddy,19,Female,0.68,27.72,0.57,9,21,7,54.88,D,0,Waste of time,Negative
87,Vijay Kumar,29,Male,0.73,36.69,0.82,7,14,7,67.43,C,0,Normal learning experience,Neutral
88,Sneha Gupta,25,Female,1,35.34,0.57,7,25,7,55.21,C,0,Nothing special,Neutral
89,Sneha Kumar,19,Male,0.83,28.23,0.79,6,44,1,72.3,B,0,Very engaging and informative,Positive
90,Anjali Sharma,25,Male,1,3.15,0.54,7,27,9,54.71,D,0,Too difficult to follow,Negative
91,Meena Sharma,25,Female,0.99,43.35,0.72,3,16,3,61.79,C,0,Normal learning experience,Neutral
92,Kavya Das,24,Male,0.31,34.13,0.64,6,46,5,61.39,C,0,Average experience,Neutral
93,Arun Singh,24,Female,1,48.08,0.49,3,36,5,63.56,C,0,Okay course,Neutral
94,Arun Iyer,23,Female,0.8,52.6,0.7,8,36,8,62.53,C,0,Nothing special,Neutral
95,Rahul Nair,24,Male,0.68,36.42,0.61,6,29,7,54.65,D,0,Poor explanations,Negative
96,Priya Kumar,24,Male,0.25,50.27,0.78,6,14,5,49.33,D,0,Poor explanations,Negative
97,Priya Verma,21,Male,0.75,46.77,0.86,4,14,7,67.29,C,0,Okay course,Neutral
98,Sneha Gupta,18,Female,1,38.71,0.52,6,48,0,72.14,B,0,Excellent platform for learning,Positive
99,Anjali Singh,29,Female,0.45,51.97,0.47,6,12,2,47.73,D,0,Waste of time,Negative
100,Karthik Gupta,20,Male,0.72,33.89,0.58,7,8,0,58.18,C,0,Okay course,Neutral
101,Rahul Gupta,30,Female,0.74,24.64,0.96,9,48,4,76.85,B,0,Loved the teaching style,Positive
102,Anjali Iyer,27,Female,0.82,30.94,0.72,8,28,7,65.21,C,0,Nothing special,Neutral
103,Arun Sharma,30,Female,0.86,50.45,0.8,7,4,2,70.07,B,0,Very engaging and informative,Positive
104,Vijay Iyer,19,Male,0.81,71.13,0.87,3,17,7,69.4,C,0,Average experience,Neutral
105,Divya Singh,26,Male,1,34.02,0.75,3,22,0,70.73,B,0,Loved the teaching style,Positive
106,Rahul Reddy,23,Female,0.82,36.71,0.87,5,38,2,59.59,C,0,Can be improved,Neutral
107,Priya Nair,23,Female,0.38,28.53,0.88,6,14,0,57.76,C,0,Okay course,Neutral
108,Karthik Verma,20,Male,0.94,41.23,0.6,3,36,6,66.67,C,0,Okay course,Neutral
109,Meena Verma,25,Male,0.68,33.62,0.69,4,32,5,67.43,C,0,Nothing special,Neutral
110,Sneha Gupta,19,Male,1,33.33,0.61,6,44,1,67,C,0,Nothing special,Neutral
111,Kavya Nair,30,Male,0.76,37.97,1,5,4,3,68.78,C,0,Nothing special,Neutral
112,Rahul Patel,27,Female,0.39,62.44,0.83,6,25,7,59.81,C,0,Normal learning experience,Neutral
113,Anjali Patel,28,Male,1,41.94,0.72,6,4,7,70.42,B,0,Helped me improve a lot,Positive
114,Divya Gupta,22,Female,0.63,59.53,0.57,6,22,8,55.83,C,0,Average experience,Neutral
115,Anjali Verma,30,Female,0.5,23.51,0.81,9,8,4,47.81,D,0,Very confusing content,Negative
116,Vijay Patel,29,Male,0.96,31.26,0.87,5,37,1,61.95,C,0,Normal learning experience,Neutral
117,Rahul Das,30,Male,0.44,-1.77,0.73,5,43,2,52.22,D,1,Not useful at all,Negative
118,Vijay Reddy,18,Female,0.84,17.05,0.91,5,21,9,61.62,C,0,Average experience,Neutral
119,Meena Sharma,27,Male,0.7,23.4,1,7,29,6,68.78,C,0,Nothing special,Neutral
120,Vijay Das,28,Male,1,35.06,0.61,3,44,7,56.49,C,0,Okay course,Neutral
121,Meena Sharma,27,Male,0.42,50.51,0.75,8,27,0,67.69,C,0,Average experience,Neutral
122,Karthik Das,25,Male,1,8.9,0.63,7,38,2,63.42,C,0,Okay course,Neutral
123,Meena Singh,20,Female,0.47,28.33,0.48,9,27,1,57.33,C,0,Normal learning experience,Neutral
124,Rahul Gupta,21,Male,0.7,55.36,0.38,9,7,5,55.58,C,0,Normal learning experience,Neutral
125,Suresh Patel,21,Female,0.91,11.79,0.73,4,34,7,67.25,C,0,Normal learning experience,Neutral
126,Meena Patel,18,Female,0.89,46.66,0.63,7,20,6,71.73,B,0,Helped me improve a lot,Positive
127,Divya Singh,21,Female,0.42,66.47,0.45,4,2,6,39.71,Fail,0,Too difficult to follow,Negative
128,Sneha Gupta,23,Female,0.99,29.95,0.89,5,21,7,69.79,C,0,Can be improved,Neutral
129,Priya Verma,27,Female,0.78,25.36,0.7,3,49,2,63.94,C,0,Can be improved,Neutral
130,Suresh Reddy,24,Male,1,41.32,0.54,3,21,3,69.77,C,0,Can be improved,Neutral
131,Divya Gupta,19,Male,0.97,57.27,0.72,4,35,8,79.71,B,0,Great course and very helpful,Positive
132,Priya Iyer,20,Male,0.83,14.46,0.91,9,41,5,74.65,B,0,Excellent platform for learning,Positive
133,Ravi Iyer,20,Female,0.8,54.74,1,9,9,0,80.82,B,0,Loved the teaching style,Positive
134,Arun Reddy,29,Male,0.38,20.81,0.58,6,42,0,47.49,D,0,Too difficult to follow,Negative
135,Priya Iyer,23,Female,0.79,28.67,0.58,5,35,0,51.8,D,0,Very confusing content,Negative
136,Vijay Nair,18,Male,0.9,62.51,0.67,8,21,4,74.58,B,0,Excellent platform for learning,Positive
137,Vijay Patel,30,Female,0.4,38.14,0.45,6,42,0,48.25,D,0,Not useful at all,Negative
138,Rahul Kumar,30,Female,1,38.56,0.93,7,8,8,70.7,B,0,Great course and very helpful,Positive
139,Divya Iyer,23,Male,0.54,13.29,0.85,3,38,2,62.96,C,0,Nothing special,Neutral
140,Divya Nair,18,Female,0.85,47.99,0.48,4,11,2,60.35,C,0,Average experience,Neutral
141,Sneha Singh,25,Male,0.95,31.08,0.74,6,15,7,75.65,B,0,Loved the teaching style,Positive
142,Suresh Iyer,29,Female,0.89,59.29,0.86,8,7,8,78.41,B,0,Very engaging and informative,Positive
143,Karthik Singh,24,Female,0.8,51.02,0.64,4,46,9,67.21,C,0,Normal learning experience,Neutral
144,Kavya Verma,21,Male,0.5,79.09,0.55,9,8,2,56.11,C,0,Okay course,Neutral
145,Suresh Singh,18,Male,0.74,50.22,0.71,4,41,6,65.89,C,0,Normal learning experience,Neutral
146,Ravi Kumar,22,Female,0.77,33.07,0.61,4,2,4,50.87,D,0,Not useful at all,Negative
147,Arun Gupta,21,Male,0.24,59.47,0.99,3,3,5,42.87,D,0,Not useful at all,Negative
148,Arun Verma,24,Female,0.96,17.72,0.75,8,1,6,67.49,C,0,Nothing special,Neutral
149,Rahul Patel,22,Male,0.8,39.7,0.83,5,38,3,68.58,C,0,Okay course,Neutral
150,Rahul Singh,26,Female,0.75,31.67,0.38,3,9,8,47.87,D,0,Too difficult to follow,Negative
151,Anjali Sharma,27,Female,0.81,8.72,0.33,4,3,1,39.05,Fail,0,Too difficult to follow,Negative
152,Rahul Iyer,21,Male,0.36,21.89,0.49,4,36,4,44.49,D,0,Poor explanations,Negative
153,Vijay Sharma,26,Male,0.72,27.62,1,3,6,3,58,C,0,Normal learning experience,Neutral
154,Divya Singh,25,Male,0.72,30.11,0.6,5,44,9,62.41,C,0,Nothing special,Neutral
155,Priya Das,19,Female,0.72,32.48,0.79,8,46,6,71.54,B,0,Loved the teaching style,Positive
156,Arun Das,24,Female,1,31.44,0.53,5,37,7,66.95,C,0,Can be improved,Neutral
157,Kavya Sharma,27,Male,0.3,26.82,0.66,5,24,1,35.15,Fail,0,Waste of time,Negative
158,Ravi Reddy,20,Male,0.81,45.02,0.83,5,33,7,79.86,B,0,Excellent platform for learning,Positive
159,Arun Singh,20,Male,0.7,41.53,0.81,7,27,4,66.2,C,0,Average experience,Neutral
160,Karthik Nair,21,Male,0.76,55.46,0.73,4,39,0,71.91,B,0,Excellent platform for learning,Positive
161,Vijay Reddy,19,Male,0.8,44.58,0.89,5,47,8,76.12,B,0,Loved the teaching style,Positive
162,Karthik Verma,26,Male,0.52,28.86,0.51,7,42,9,55.04,C,0,Can be improved,Neutral
163,Anjali Reddy,19,Male,0.96,38.58,0.75,4,35,1,69.25,C,0,Average experience,Neutral
164,Meena Gupta,26,Female,0.76,59.18,0.74,3,39,1,67.87,C,0,Can be improved,Neutral
165,Ravi Verma,22,Male,0.88,72.45,0.64,8,6,9,70.39,B,0,Loved the teaching style,Positive
166,Meena Reddy,18,Male,0.99,36.45,0.46,7,28,5,61.4,C,0,Average experience,Neutral
167,Suresh Iyer,27,Male,0.79,46.13,0.66,3,11,5,55.9,C,0,Nothing special,Neutral
168,Vijay Singh,18,Female,0.7,67.7,0.58,5,34,3,73.29,B,0,Helped me improve a lot,Positive
169,Arun Reddy,29,Male,1,39.01,0.59,8,33,3,79.51,B,0,Helped me improve a lot,Positive
170,Vijay Das,27,Female,0.46,7.02,0.79,7,10,3,45.39,D,1,Too difficult to follow,Negative
171,Ravi Das,24,Female,0.84,48.67,0.6,5,16,7,59.36,C,0,Okay course,Neutral
172,Arun Sharma,22,Female,0.88,38.51,1,8,18,8,70.35,B,0,Loved the teaching style,Positive
173,Sneha Reddy,23,Female,0.38,31.5,0.93,4,34,0,51.75,D,0,Poor explanations,Negative
174,Karthik Kumar,30,Female,0.5,61.66,0.68,6,45,8,68.32,C,0,Normal learning experience,Neutral
175,Karthik Patel,18,Male,0.82,46.85,0.81,6,6,2,67.71,C,0,Normal learning experience,Neutral
176,Vijay Kumar,27,Female,0.62,54.06,0.67,8,13,6,53.41,D,0,Not useful at all,Negative
177,Kavya Nair,30,Male,0.82,28.64,0.43,3,21,5,48.85,D,0,Not useful at all,Negative
178,Vijay Das,29,Male,0.93,14.23,0.76,3,7,4,57.74,C,0,Normal learning experience,Neutral
179,Karthik Sharma,18,Female,0.72,29.68,1,5,44,8,68.86,C,0,Average experience,Neutral
180,Karthik Nair,28,Female,0.82,47.18,0.7,3,16,8,58.38,C,0,Nothing special,Neutral
181,Anjali Patel,27,Male,0.69,40.71,0.41,3,9,7,45.49,D,0,Too difficult to follow,Negative
182,Priya Sharma,26,Female,0.57,40.56,0.65,6,25,5,55.28,C,0,Average experience,Neutral
183,Priya Nair,19,Male,0.88,25.32,0.77,7,2,5,62.63,C,0,Nothing special,Neutral
184,Anjali Singh,25,Female,1,60.75,0.39,6,7,7,65.56,C,0,Okay course,Neutral
185,Rahul Iyer,18,Female,0.93,49.53,0.91,9,10,3,73.43,B,0,Helped me improve a lot,Positive
186,Karthik Sharma,23,Female,1,57.58,0.68,9,40,9,86.41,A,0,Loved the teaching style,Positive
187,Anjali Verma,24,Male,1,33.1,1,3,44,2,83.8,B,0,Helped me improve a lot,Positive
188,Suresh Verma,30,Female,0.54,32.06,0.82,5,43,1,66.46,C,0,Average experience,Neutral
189,Meena Iyer,24,Male,0.85,10.04,0.53,5,34,5,55.14,C,0,Average experience,Neutral
190,Suresh Patel,19,Female,0.97,38.34,0.89,6,36,3,81.03,B,0,Excellent platform for learning,Positive
191,Divya Patel,28,Female,0.92,51.52,1,5,31,8,80.84,B,0,Great course and very helpful,Positive
192,Priya Singh,24,Female,1,33.12,0.92,4,35,5,75.03,B,0,Very engaging and informative,Positive
193,Arun Reddy,24,Male,0.57,19.55,0.57,7,14,0,36.49,Fail,0,Very confusing content,Negative
194,Rahul Das,20,Male,0.83,29.72,0.76,7,40,5,67.19,C,0,Average experience,Neutral
195,Divya Das,26,Female,0.72,55.94,0.25,4,38,5,53.06,D,0,Poor explanations,Negative
196,Rahul Singh,19,Female,0.48,56.1,0.91,7,0,7,58.44,C,0,Okay course,Neutral
197,Sneha Kumar,29,Female,0.43,63.19,0.55,4,2,5,42.64,D,0,Very confusing content,Negative
198,Divya Singh,25,Female,0.77,20.76,0.9,3,4,3,55.58,C,0,Can be improved,Neutral
199,Anjali Nair,27,Female,0.87,41.73,0.55,6,42,4,58.82,C,0,Nothing special,Neutral
200,Suresh Das,26,Male,0.85,7.69,0.84,6,46,5,72.29,B,0,Helped me improve a lot,Positive
201,Suresh Gupta,30,Male,0.7,37.05,0.69,9,36,3,65.12,C,0,Can be improved,Neutral
202,Ravi Sharma,27,Male,0.78,32.83,0.58,5,4,0,50.48,D,0,Very confusing content,Negative
203,Karthik Das,24,Male,0.63,40.14,0.73,3,38,7,61.69,C,0,Average experience,Neutral
204,Meena Nair,27,Male,0.33,84.07,0.53,8,44,3,61.43,C,0,Average experience,Neutral
205,Meena Nair,27,Male,0.56,49.66,0.76,8,4,5,55.08,C,0,Normal learning experience,Neutral
206,Suresh Singh,25,Male,0.91,21.72,0.69,8,49,1,71.13,B,0,Great course and very helpful,Positive
207,Vijay Iyer,25,Male,0.94,44.61,0.61,3,45,3,67.76,C,0,Can be improved,Neutral
208,Karthik Singh,24,Male,0.53,50.03,0.48,7,40,9,63.46,C,0,Okay course,Neutral
209,Arun Singh,26,Female,0.55,33.4,0.38,3,40,8,50.24,D,0,Not useful at all,Negative
210,Karthik Iyer,24,Male,0.81,46.33,1,6,33,5,78.43,B,0,Very engaging and informative,Positive
211,Meena Kumar,22,Male,0.99,21.59,0.82,3,22,2,69.52,C,0,Okay course,Neutral
212,Meena Kumar,26,Male,0.69,54.22,0.9,7,14,0,61.67,C,0,Okay course,Neutral
213,Meena Verma,18,Male,0.49,15.34,0.52,3,32,0,50.53,D,1,Poor explanations,Negative
214,Kavya Singh,25,Male,0.32,66.52,0.71,8,13,9,53.64,D,0,Not useful at all,Negative
215,Ravi Singh,27,Male,0.75,64.31,0.82,4,5,4,65.25,C,0,Normal learning experience,Neutral
216,Suresh Nair,23,Female,0.77,22.28,0.67,5,47,6,53.88,D,0,Poor explanations,Negative
217,Vijay Kumar,26,Female,0.87,52.8,0.85,3,35,2,73.57,B,0,Helped me improve a lot,Positive
218,Sneha Das,21,Male,0.6,35.79,0.36,6,45,2,50.47,D,0,Poor explanations,Negative
219,Karthik Nair,20,Female,0.58,42.45,0.56,7,3,9,58.08,C,0,Average experience,Neutral
220,Ravi Kumar,29,Male,0.72,37.61,0.51,7,30,6,60.18,C,0,Okay course,Neutral
221,Arun Iyer,18,Male,0.94,30.07,0.54,8,0,7,57.66,C,0,Normal learning experience,Neutral
222,Rahul Kumar,25,Male,0.55,41.03,1,4,8,9,62.37,C,0,Average experience,Neutral
223,Karthik Iyer,27,Female,0.66,23.78,0.74,3,25,4,56.08,C,0,Average experience,Neutral
224,Kavya Gupta,19,Female,0.96,26.31,0.79,3,17,2,68.62,C,0,Normal learning experience,Neutral
225,Suresh Singh,30,Male,0.58,72.18,0.46,5,43,1,60.79,C,0,Average experience,Neutral
226,Kavya Gupta,21,Female,1,11.62,0.59,5,27,6,55.74,C,0,Can be improved,Neutral
227,Meena Kumar,29,Male,0.44,44.02,0.99,8,24,1,56.08,C,0,Can be improved,Neutral
228,Vijay Reddy,28,Male,0.88,16.76,0.58,7,38,8,71.23,B,0,Great course and very helpful,Positive
229,Meena Sharma,29,Female,0.86,64.43,0.62,7,32,3,69.67,C,0,Okay course,Neutral
230,Priya Nair,24,Female,0.63,24.78,0.57,6,12,0,43.24,D,0,Very confusing content,Negative
231,Karthik Nair,27,Female,0.85,54.48,0.74,8,7,1,64.99,C,0,Nothing special,Neutral
232,Priya Iyer,18,Female,0.53,50.99,0.43,4,22,1,46.45,D,0,Not useful at all,Negative
233,Kavya Gupta,27,Male,0.36,30.57,0.54,7,12,8,43.32,D,0,Waste of time,Negative
234,Divya Verma,23,Male,0.68,22.15,0.95,6,16,7,61.03,C,0,Can be improved,Neutral
235,Kavya Nair,18,Female,0.64,18.89,0.71,3,29,4,56.98,C,0,Nothing special,Neutral
236,Suresh Sharma,29,Male,0.7,34.05,0.79,7,15,5,63.19,C,0,Normal learning experience,Neutral
237,Rahul Das,26,Female,0.69,33.88,0.47,4,26,8,43.09,D,0,Poor explanations,Negative
238,Karthik Verma,29,Male,0.38,47.62,0.48,6,17,6,33.96,Fail,0,Very confusing content,Negative
239,Rahul Sharma,29,Male,0.84,32.04,1,6,41,0,85.27,A,0,Helped me improve a lot,Positive
240,Sneha Nair,18,Male,0.77,38.52,0.88,8,13,5,66.35,C,0,Nothing special,Neutral
241,Priya Verma,22,Female,0.68,33.25,0.59,5,1,1,54.86,D,0,Waste of time,Negative
242,Rahul Reddy,19,Female,0.89,41.8,0.56,3,35,0,75.01,B,0,Very engaging and informative,Positive
243,Arun Gupta,22,Male,1,48.37,0.7,3,5,8,58.11,C,0,Nothing special,Neutral
244,Karthik Patel,21,Male,0.59,45.27,0.89,9,3,3,46.11,D,0,Not useful at all,Negative
245,Ravi Iyer,22,Female,0.56,37.84,0.46,8,1,6,49.37,D,0,Not useful at all,Negative
246,Arun Singh,27,Female,0.71,62.36,0.73,3,22,2,61.39,C,0,Can be improved,Neutral
247,Vijay Sharma,24,Male,0.61,52.82,0.81,3,3,3,52.15,D,0,Waste of time,Negative
248,Rahul Nair,29,Male,0.44,53.69,0.8,9,49,4,78.18,B,0,Great course and very helpful,Positive
249,Vijay Das,26,Male,0.72,54.84,0.6,6,21,6,54.91,D,0,Waste of time,Negative
250,Kavya Iyer,22,Male,0.93,51.43,0.69,5,20,5,67.01,C,0,Average experience,Neutral
251,Arun Singh,30,Female,0.83,60.51,0.5,7,0,4,61.9,C,0,Normal learning experience,Neutral
252,Divya Sharma,26,Male,0.83,56.14,0.68,3,10,4,59.35,C,0,Average experience,Neutral
253,Kavya Kumar,25,Male,0.51,39.4,0.93,5,40,3,59.77,C,0,Can be improved,Neutral
254,Divya Nair,19,Male,0.69,55.39,0.76,3,0,1,53.92,D,0,Poor explanations,Negative
255,Suresh Kumar,23,Female,0.43,33.9,0.68,5,33,7,56.29,C,0,Nothing special,Neutral
256,Divya Kumar,22,Male,0.81,51.99,0.57,7,18,4,63.24,C,0,Average experience,Neutral
257,Divya Nair,26,Male,0.77,65.83,0.65,3,22,0,63.62,C,0,Okay course,Neutral
258,Divya Sharma,27,Male,0.59,59.48,0.5,9,18,6,50.56,D,0,Not useful at all,Negative
259,Vijay Sharma,19,Male,0.63,57.92,0.95,8,31,7,62.17,C,0,Okay course,Neutral
260,Karthik Verma,21,Male,0.95,28.65,0.42,4,2,0,58.74,C,0,Normal learning experience,Neutral
261,Arun Singh,21,Male,0.58,26.79,0.89,4,20,3,57.19,C,0,Average experience,Neutral
262,Vijay Das,28,Female,1,66.99,0.85,6,33,9,84.47,B,0,Excellent platform for learning,Positive
263,Kavya Sharma,21,Female,0.86,36.84,0.58,5,13,9,51.76,D,0,Waste of time,Negative
264,Suresh Verma,28,Female,0.87,42.22,0.6,5,45,0,64.89,C,0,Average experience,Neutral
265,Divya Das,22,Male,0.48,53.7,0.76,3,11,8,54.47,D,0,Too difficult to follow,Negative
266,Anjali Nair,21,Male,1,50.33,0.77,9,43,5,88.76,A,0,Very engaging and informative,Positive
267,Arun Iyer,21,Female,0.58,53.64,1,4,28,4,69.23,C,0,Normal learning experience,Neutral
268,Arun Gupta,27,Female,0.91,48.67,0.71,6,12,5,59.27,C,0,Normal learning experience,Neutral
269,Divya Patel,20,Female,1,56.13,0.32,5,22,6,60.62,C,0,Normal learning experience,Neutral
270,Rahul Gupta,18,Female,0.95,43.08,0.46,4,15,7,56.75,C,0,Nothing special,Neutral
271,Sneha Gupta,18,Male,0.92,26.1,0.96,5,24,9,69.31,C,0,Nothing special,Neutral
272,Ravi Gupta,23,Male,0.9,48.76,1,7,8,3,80.08,B,0,Very engaging and informative,Positive
273,Karthik Das,30,Female,0.99,41.25,0.76,8,13,8,72.95,B,0,Helped me improve a lot,Positive
274,Anjali Verma,27,Female,0.73,46.29,0.52,9,5,7,54.57,D,0,Poor explanations,Negative
275,Suresh Das,29,Male,0.54,40.09,1,4,23,5,56.57,C,0,Normal learning experience,Neutral
276,Anjali Sharma,27,Female,0.41,61.86,1,7,9,5,59.72,C,0,Nothing special,Neutral
277,Priya Reddy,23,Female,0.67,33.82,0.41,9,3,2,40.46,D,0,Too difficult to follow,Negative
278,Divya Singh,24,Female,0.78,29.68,1,8,23,1,81.37,B,0,Great course and very helpful,Positive
279,Sneha Sharma,19,Female,1,63.44,0.5,7,11,9,68.82,C,0,Can be improved,Neutral
280,Suresh Nair,29,Male,0.94,50.23,0.15,6,29,6,58.55,C,0,Nothing special,Neutral
281,Vijay Das,18,Male,0.57,51.74,0.58,6,46,8,59.19,C,0,Okay course,Neutral
282,Suresh Das,21,Male,0.79,48.65,1,9,26,5,72.25,B,0,Great course and very helpful,Positive
283,Meena Iyer,18,Female,0.81,19.35,0.84,8,44,5,78.55,B,0,Loved the teaching style,Positive
284,Vijay Reddy,18,Female,0.37,42.55,0.91,7,36,3,60.14,C,0,Can be improved,Neutral
285,Ravi Verma,29,Male,0.71,60.86,0.48,6,38,6,61.21,C,0,Average experience,Neutral
286,Meena Singh,21,Female,0.18,37.59,0.88,8,45,8,60.21,C,0,Nothing special,Neutral
287,Divya Das,26,Female,0.9,58.4,0.68,6,6,2,65.26,C,0,Average experience,Neutral
288,Ravi Reddy,23,Male,0.93,29.61,0.69,9,41,8,72.95,B,0,Great course and very helpful,Positive
289,Anjali Patel,26,Male,0.64,39.79,0.72,3,26,6,51.3,D,0,Waste of time,Negative
290,Arun Iyer,29,Male,0.72,36.45,0.77,9,47,6,78.84,B,0,Very engaging and informative,Positive
291,Suresh Iyer,28,Male,0.98,34.35,0.81,7,20,1,77.84,B,0,Loved the teaching style,Positive
292,Priya Nair,21,Female,0.84,29.45,0.59,5,24,4,53.27,D,0,Not useful at all,Negative
293,Suresh Das,28,Male,0.43,57.47,0.55,9,21,6,50.04,D,0,Very confusing content,Negative
294,Divya Sharma,26,Female,0.82,40.53,0.6,5,40,6,56.72,C,0,Nothing special,Neutral
295,Karthik Iyer,19,Male,0.83,67.17,0.68,3,9,4,59.39,C,0,Normal learning experience,Neutral
296,Arun Iyer,28,Male,0.83,26.74,0.66,5,38,5,61.94,C,0,Nothing special,Neutral
297,Meena Patel,20,Male,0.94,29.66,0.64,5,48,6,63.86,C,0,Average experience,Neutral
298,Priya Verma,20,Male,0.78,55.99,0.86,9,39,4,81.24,B,0,Loved the teaching style,Positive
299,Divya Singh,27,Female,0.56,46.89,1,3,1,8,61.28,C,0,Nothing special,Neutral
300,Ravi Iyer,22,Female,0.7,29.55,0.55,5,5,6,41.83,D,0,Poor explanations,Negative
301,Suresh Verma,24,Female,0.96,47.58,0.96,5,10,7,71.28,B,0,Loved the teaching style,Positive
302,Suresh Singh,30,Female,1,29.39,0.51,3,46,7,57.76,C,0,Can be improved,Neutral
303,Ravi Verma,24,Female,0.2,55.95,0.45,5,44,2,45.55,D,0,Waste of time,Negative
304,Anjali Gupta,23,Male,1,42.74,0.68,6,47,4,72.74,B,0,Loved the teaching style,Positive
305,Suresh Das,29,Male,1,23.99,0.7,3,44,6,74.66,B,0,Great course and very helpful,Positive
306,Karthik Verma,26,Female,0.82,30.76,0.78,5,32,3,61.69,C,0,Normal learning experience,Neutral
307,Suresh Singh,30,Male,0.87,44.89,0.74,7,27,8,67.91,C,0,Can be improved,Neutral
308,Arun Sharma,19,Male,0.78,59.76,0.5,5,1,8,61.25,C,0,Can be improved,Neutral
309,Anjali Gupta,27,Male,0.73,6.4,0.6,4,47,4,59.54,C,0,Can be improved,Neutral
310,Priya Singh,24,Female,0.63,64.62,0.75,4,10,8,62.43,C,0,Normal learning experience,Neutral
311,Ravi Gupta,28,Female,1,15.66,0.86,8,14,2,72.83,B,0,Excellent platform for learning,Positive
312,Suresh Patel,29,Male,0.69,29.87,0.79,3,7,6,49.74,D,0,Poor explanations,Negative
313,Meena Kumar,27,Female,0.92,19.81,0.73,8,14,4,73.96,B,0,Great course and very helpful,Positive
314,Karthik Gupta,25,Female,0.85,42.69,0.77,5,12,1,66.98,C,0,Average experience,Neutral
315,Rahul Singh,30,Male,0.92,45.19,0.39,8,35,4,56.2,C,0,Normal learning experience,Neutral
316,Vijay Singh,25,Female,0.32,52.71,0.59,8,25,5,50.39,D,0,Not useful at all,Negative
317,Sneha Verma,30,Female,0.89,33.47,0.8,4,18,8,63.7,C,0,Average experience,Neutral
318,Kavya Verma,20,Male,0.95,70.85,0.81,5,46,3,92.34,A,0,Great course and very helpful,Positive
319,Kavya Reddy,29,Male,0.82,30.31,0.52,8,8,0,56.32,C,0,Average experience,Neutral
320,Arun Nair,29,Female,0.37,35.56,0.38,5,13,8,41.11,D,0,Too difficult to follow,Negative
321,Ravi Singh,22,Female,0.84,53.49,0.88,9,15,0,75.37,B,0,Excellent platform for learning,Positive
322,Karthik Patel,29,Female,0.64,14.62,0.87,7,20,4,55.8,C,0,Okay course,Neutral
323,Meena Verma,21,Male,0.59,29.27,1,3,8,3,57.73,C,0,Okay course,Neutral
324,Divya Sharma,29,Male,0.65,43.62,0.68,9,40,2,70,B,0,Helped me improve a lot,Positive
325,Suresh Nair,29,Male,0.72,54.29,1,6,28,2,80.63,B,0,Helped me improve a lot,Positive
326,Priya Singh,30,Female,0.77,15.97,0.65,7,2,5,48.98,D,0,Too difficult to follow,Negative
327,Ravi Singh,22,Male,0.57,26.04,0.77,9,37,5,61.71,C,0,Can be improved,Neutral
328,Vijay Das,21,Female,0.77,32.96,0.66,4,0,8,55.02,C,0,Can be improved,Neutral
329,Arun Iyer,29,Female,0.71,8.98,0.79,7,19,7,51.4,D,0,Waste of time,Negative
330,Meena Patel,26,Female,0.94,75.46,0.76,3,25,6,75.54,B,0,Helped me improve a lot,Positive
331,Meena Singh,24,Female,0.81,60.11,0.32,8,40,8,62.5,C,0,Okay course,Neutral
332,Anjali Kumar,29,Male,0.63,52.81,0.73,5,38,6,70.62,B,0,Loved the teaching style,Positive
333,Arun Sharma,23,Male,0.75,56.14,0.62,3,39,2,59.86,C,0,Nothing special,Neutral
334,Arun Gupta,20,Male,0.92,37.28,0.85,3,44,9,80.01,B,0,Great course and very helpful,Positive
335,Sneha Nair,30,Male,0.78,30.78,0.56,8,32,3,62.47,C,0,Average experience,Neutral
336,Divya Sharma,21,Female,0.57,35.4,1,3,11,9,56.93,C,0,Normal learning experience,Neutral
337,Ravi Iyer,21,Male,0.98,27.81,1,4,1,2,63.84,C,0,Normal learning experience,Neutral
338,Vijay Nair,26,Male,0.73,40.28,0.84,3,38,2,66.92,C,0,Nothing special,Neutral
339,Karthik Reddy,24,Male,0.63,45.42,0.47,3,40,2,53.63,D,0,Waste of time,Negative
340,Ravi Kumar,24,Female,0.58,38.46,0.86,8,48,8,67.51,C,0,Normal learning experience,Neutral
341,Ravi Verma,18,Female,0.92,59.31,0.79,4,35,2,78.39,B,0,Very engaging and informative,Positive
342,Sneha Reddy,27,Male,0.77,27.93,0.75,6,33,2,69.04,C,0,Normal learning experience,Neutral
343,Meena Nair,22,Male,1,19.32,0.63,5,47,9,68.32,C,0,Normal learning experience,Neutral
344,Karthik Sharma,20,Female,0.7,38.88,0.82,4,27,4,50.82,D,0,Not useful at all,Negative
345,Anjali Singh,30,Female,0.67,41.94,0.75,4,27,2,49.81,D,0,Very confusing content,Negative
346,Suresh Kumar,27,Male,0.64,36.86,0.36,8,4,7,42.14,D,0,Too difficult to follow,Negative
347,Arun Gupta,24,Female,0.5,31.11,0.69,6,48,1,58.92,C,0,Okay course,Neutral
348,Kavya Das,28,Male,0.66,39.78,0.81,6,25,5,63.09,C,0,Can be improved,Neutral
349,Karthik Verma,29,Female,0.72,51.05,0.38,7,14,4,48.51,D,0,Waste of time,Negative
350,Suresh Gupta,22,Female,0.86,35.57,0.84,6,17,8,65.84,C,0,Normal learning experience,Neutral
351,Anjali Nair,20,Male,0.73,46.72,0.39,6,4,4,44.11,D,0,Too difficult to follow,Negative
352,Ravi Gupta,18,Male,1,12.92,0.6,9,2,9,56.6,C,0,Normal learning experience,Neutral
353,Divya Reddy,26,Male,0.86,52.73,0.71,9,43,4,68.64,C,0,Can be improved,Neutral
354,Suresh Das,27,Female,0.76,47.41,0.89,7,34,1,63.66,C,0,Average experience,Neutral
355,Ravi Verma,23,Female,0.24,35.71,0.92,4,18,4,59.33,C,0,Normal learning experience,Neutral
356,Rahul Sharma,29,Male,0.61,46.82,0.79,8,18,4,66.77,C,0,Average experience,Neutral
357,Ravi Nair,24,Female,0.41,57.13,0.59,8,10,6,51.18,D,0,Poor explanations,Negative
358,Arun Reddy,20,Male,0.8,34.85,0.82,6,5,0,60.72,C,0,Normal learning experience,Neutral
359,Kavya Patel,29,Female,0.75,49.81,0.74,8,35,5,67.93,C,0,Normal learning experience,Neutral
360,Priya Singh,19,Male,1,54.35,1,3,49,0,77.88,B,0,Great course and very helpful,Positive
361,Priya Iyer,25,Male,0.99,34.95,0.78,7,34,8,81.35,B,0,Excellent platform for learning,Positive
362,Sneha Gupta,23,Male,0.47,54.45,0.54,5,4,6,41.59,D,0,Waste of time,Negative
363,Divya Das,22,Male,0.75,34.17,0.92,8,9,9,71.47,B,0,Excellent platform for learning,Positive
364,Ravi Kumar,22,Female,1,59.62,0.59,5,29,8,75.49,B,0,Very engaging and informative,Positive
365,Rahul Das,28,Female,0.73,34.65,0.58,7,39,7,61.98,C,0,Can be improved,Neutral
366,Priya Verma,21,Male,0.89,57.74,0.82,4,39,6,76.9,B,0,Helped me improve a lot,Positive
367,Rahul Singh,18,Male,0.59,39.64,0.37,8,10,2,38.57,Fail,0,Very confusing content,Negative
368,Rahul Kumar,25,Female,1,51.77,1,7,18,5,84.31,B,0,Excellent platform for learning,Positive
369,Arun Sharma,28,Female,0.66,36.71,0.99,8,1,1,65.06,C,0,Average experience,Neutral
370,Vijay Patel,27,Male,0.95,58.54,0.79,5,7,6,68.61,C,0,Nothing special,Neutral
371,Suresh Patel,27,Female,0.72,50.51,0.64,7,38,0,68.67,C,0,Can be improved,Neutral
372,Suresh Singh,23,Female,0.45,43.87,1,9,16,6,62.08,C,0,Normal learning experience,Neutral
373,Suresh Gupta,19,Female,0.15,42.76,1,6,19,1,59.05,C,0,Normal learning experience,Neutral
374,Meena Nair,30,Male,0.91,25.4,0.8,8,29,3,72.71,B,0,Great course and very helpful,Positive
375,Suresh Reddy,26,Male,0.83,32.37,0.69,8,33,1,57.83,C,0,Nothing special,Neutral
376,Rahul Patel,23,Male,0.86,52.18,0.57,3,30,0,54.64,D,0,Too difficult to follow,Negative
377,Ravi Sharma,27,Male,0.62,40.23,0.89,9,23,1,61.78,C,0,Normal learning experience,Neutral
378,Priya Reddy,19,Male,0.34,33.56,0.74,4,43,3,46.45,D,0,Too difficult to follow,Negative
379,Divya Singh,19,Female,0.8,42.9,0.87,6,36,0,71.19,B,0,Helped me improve a lot,Positive
380,Kavya Das,20,Male,0.74,69.73,1,9,9,6,70.31,B,0,Great course and very helpful,Positive
381,Kavya Das,30,Male,0.86,34.6,0.58,5,16,3,54.17,D,0,Waste of time,Negative
382,Priya Sharma,29,Female,0.54,55.88,0.74,6,36,9,61.35,C,0,Average experience,Neutral
383,Divya Patel,26,Male,0.75,25.45,0.9,5,46,1,67.25,C,0,Average experience,Neutral
384,Kavya Singh,26,Female,1,49.46,0.74,6,30,1,67.46,C,0,Nothing special,Neutral
385,Arun Iyer,24,Male,0.87,22.92,0.91,3,35,6,67.61,C,0,Average experience,Neutral
386,Kavya Nair,28,Male,0.44,52.27,0.78,4,2,5,46.94,D,0,Poor explanations,Negative
387,Anjali Sharma,24,Male,0.51,64.64,0.52,6,20,2,57.02,C,0,Average experience,Neutral
388,Suresh Reddy,27,Male,0.95,47.76,0.75,9,9,4,78.75,B,0,Loved the teaching style,Positive
389,Suresh Sharma,24,Female,0.79,41.23,0.83,6,23,8,66.07,C,0,Okay course,Neutral
390,Anjali Kumar,25,Female,0.75,48.21,0.46,6,15,0,60.51,C,0,Nothing special,Neutral
391,Karthik Verma,22,Female,0.84,40.29,0.83,4,36,5,72.32,B,0,Great course and very helpful,Positive
392,Suresh Gupta,24,Female,0.37,29.12,0.95,9,11,4,52.51,D,0,Not useful at all,Negative
393,Rahul Das,27,Female,0.78,40.76,0.73,3,7,5,59.07,C,0,Nothing special,Neutral
394,Divya Kumar,29,Male,0.81,42.25,0.58,6,22,9,72.59,B,0,Excellent platform for learning,Positive
395,Anjali Das,19,Female,0.78,40.38,0.74,6,49,5,61.51,C,0,Average experience,Neutral
396,Divya Iyer,23,Female,0.5,30.75,0.62,4,24,9,46.96,D,0,Not useful at all,Negative
397,Vijay Reddy,19,Female,0.52,25.91,0.7,6,46,0,58.87,C,0,Average experience,Neutral
398,Suresh Das,22,Male,0.88,36.45,0.65,9,30,8,59.01,C,0,Okay course,Neutral
399,Karthik Gupta,30,Female,0.97,56.71,0.7,3,10,7,70.31,B,0,Great course and very helpful,Positive
400,Kavya Kumar,19,Female,0.43,42.77,1,7,5,5,59.49,C,0,Nothing special,Neutral
401,Karthik Verma,27,Male,0.49,42.87,1,8,28,7,59.09,C,0,Average experience,Neutral
402,Vijay Gupta,19,Female,0.84,45.57,0.71,5,36,8,69.47,C,0,Average experience,Neutral
403,Priya Kumar,27,Female,0.59,59.75,0.53,4,33,6,64.07,C,0,Average experience,Neutral
404,Anjali Verma,23,Male,0.96,35.23,0.55,8,0,6,65.59,C,0,Nothing special,Neutral
405,Vijay Sharma,29,Male,0.86,46.26,0.93,6,36,9,77.9,B,0,Very engaging and informative,Positive
406,Arun Patel,21,Male,0.65,47.03,0.98,8,36,8,73.84,B,0,Great course and very helpful,Positive
407,Rahul Singh,24,Male,0.93,36.73,0.7,3,28,6,67.92,C,0,Okay course,Neutral
408,Sneha Singh,18,Female,0.48,15.95,0.75,3,38,9,51.44,D,1,Very confusing content,Negative
409,Divya Kumar,27,Male,0.99,31.12,0.78,5,17,3,59.83,C,0,Average experience,Neutral
410,Karthik Reddy,21,Female,0.59,51.19,0.48,6,4,7,52.68,D,0,Poor explanations,Negative
411,Vijay Sharma,28,Female,0.86,79.51,0.54,6,6,6,69.89,C,0,Nothing special,Neutral
412,Suresh Kumar,27,Male,1,33.92,0.63,6,44,7,53.13,D,0,Not useful at all,Negative
413,Vijay Gupta,18,Male,0.64,24.61,0.63,3,26,3,53.44,D,0,Poor explanations,Negative
414,Rahul Sharma,26,Female,0.89,34.52,0.52,5,39,3,61.56,C,0,Can be improved,Neutral
415,Rahul Sharma,21,Male,0.96,51.11,0.51,3,48,6,69.04,C,0,Can be improved,Neutral
416,Anjali Kumar,24,Male,0.72,49.99,1,7,5,4,81.77,B,0,Helped me improve a lot,Positive
417,Ravi Kumar,26,Female,0.58,49.68,0.9,8,46,3,70.72,B,0,Great course and very helpful,Positive
418,Arun Sharma,20,Female,0.99,52.31,0.65,4,29,4,75.13,B,0,Great course and very helpful,Positive
419,Kavya Sharma,20,Male,0.92,48.69,0.61,5,46,5,64.16,C,0,Average experience,Neutral
420,Vijay Verma,19,Male,0.47,33.04,0.75,3,15,6,57.05,C,0,Can be improved,Neutral
421,Karthik Gupta,24,Male,1,45.75,0.8,3,16,9,66.5,C,0,Nothing special,Neutral
422,Karthik Nair,18,Male,0.3,35.59,0.73,5,20,4,49.48,D,0,Too difficult to follow,Negative
423,Anjali Nair,18,Male,0.76,25.66,0.24,3,23,1,43.52,D,0,Waste of time,Negative
424,Divya Kumar,24,Female,0.97,54.93,0.86,9,38,8,82.11,B,0,Excellent platform for learning,Positive
425,Suresh Sharma,30,Male,0.92,30.74,0.59,8,19,3,57.75,C,0,Average experience,Neutral
426,Sneha Sharma,18,Male,0.9,57.12,1,3,2,9,61.11,C,0,Average experience,Neutral
427,Suresh Singh,24,Male,0.84,31.98,0.56,5,42,3,69.02,C,0,Okay course,Neutral
428,Divya Nair,23,Male,0.8,35.15,0.92,9,3,7,70.05,B,0,Loved the teaching style,Positive
429,Vijay Singh,28,Female,0.93,48.63,0.8,5,0,4,66.87,C,0,Can be improved,Neutral
430,Divya Sharma,19,Female,0.89,46.31,0.8,5,18,9,65.93,C,0,Can be improved,Neutral
431,Meena Singh,21,Male,0.87,55.17,0.4,8,36,7,69.41,C,0,Can be improved,Neutral
432,Meena Gupta,26,Male,0.89,19.51,0.94,5,17,3,68.51,C,0,Nothing special,Neutral
433,Rahul Sharma,25,Female,0.68,42.15,0.34,5,4,0,46.87,D,0,Poor explanations,Negative
434,Vijay Kumar,22,Female,0.73,50.54,0.75,5,32,1,70.65,B,0,Very engaging and informative,Positive
435,Anjali Das,30,Male,1,30.14,0.61,9,38,3,70.11,B,0,Loved the teaching style,Positive
436,Meena Nair,19,Male,0.64,45.1,0.83,7,19,7,67.23,C,0,Normal learning experience,Neutral
437,Divya Nair,30,Male,0.65,14.97,0.43,8,4,8,44.58,D,0,Not useful at all,Negative
438,Arun Nair,28,Male,0.93,55.53,0.33,6,6,2,51.46,D,0,Very confusing content,Negative
439,Meena Patel,21,Male,0.73,18.26,0.52,4,37,5,47.53,D,0,Not useful at all,Negative
440,Divya Das,29,Female,0.81,24,0.68,6,43,2,60.48,C,0,Okay course,Neutral
441,Rahul Reddy,23,Female,1,58.72,0.94,8,40,3,91.01,A,0,Loved the teaching style,Positive
442,Sneha Iyer,23,Female,1,25.34,0.41,7,27,0,66.92,C,0,Okay course,Neutral
443,Meena Nair,21,Male,0.76,36.16,0.63,3,9,3,45.61,D,0,Very confusing content,Negative
444,Arun Reddy,24,Female,0.9,61.89,0.53,8,16,9,69.97,C,0,Average experience,Neutral
445,Ravi Iyer,27,Male,0.75,37.38,0.75,9,24,3,64.43,C,0,Can be improved,Neutral
446,Anjali Singh,22,Female,1,32.61,0.7,3,42,8,68.49,C,0,Okay course,Neutral
447,Meena Nair,20,Male,0.99,55.54,0.82,7,22,3,71.17,B,0,Great course and very helpful,Positive
448,Suresh Kumar,19,Male,0.61,26.94,1,4,32,1,62.58,C,0,Normal learning experience,Neutral
449,Ravi Kumar,19,Male,0.45,23.03,0.65,6,12,7,50.47,D,0,Very confusing content,Negative
450,Sneha Iyer,22,Male,0.85,21.44,0.87,8,7,2,69.72,C,0,Average experience,Neutral
451,Meena Singh,23,Male,0.67,62.05,0.82,9,48,0,72.78,B,0,Excellent platform for learning,Positive
452,Priya Sharma,24,Male,0.81,50.82,0.65,7,42,5,76.63,B,0,Helped me improve a lot,Positive
453,Meena Iyer,25,Female,0.43,9.47,0.81,6,17,1,49.42,D,1,Waste of time,Negative
454,Sneha Das,25,Male,1,40.01,0.44,8,6,5,62.54,C,0,Can be improved,Neutral
455,Vijay Patel,24,Male,0.95,24.9,0.69,8,37,4,68.81,C,0,Normal learning experience,Neutral
456,Rahul Verma,26,Female,0.86,24.42,0.73,6,18,2,63.01,C,0,Nothing special,Neutral
457,Karthik Reddy,29,Male,0.73,51.7,0.38,7,23,8,57.01,C,0,Okay course,Neutral
458,Anjali Sharma,28,Female,0.65,48.54,0.81,8,41,0,72.74,B,0,Great course and very helpful,Positive
459,Karthik Gupta,26,Female,0.89,40.14,0.91,5,38,5,63.93,C,0,Can be improved,Neutral
460,Vijay Gupta,18,Male,1,41.59,0.64,5,29,8,72.33,B,0,Great course and very helpful,Positive
461,Suresh Reddy,30,Female,0.29,24.01,0.55,9,44,0,55.19,C,0,Okay course,Neutral
462,Arun Nair,22,Male,0.87,46.16,0.99,8,21,5,78.04,B,0,Helped me improve a lot,Positive
463,Meena Patel,25,Male,0.61,21.12,0.66,3,41,6,51.98,D,0,Not useful at all,Negative
464,Arun Das,25,Male,0.72,31.11,0.55,6,23,7,51.43,D,0,Waste of time,Negative
465,Kavya Reddy,21,Male,0.74,43.34,0.81,5,9,7,63.8,C,0,Normal learning experience,Neutral
466,Karthik Kumar,23,Female,0.58,48.02,0.17,8,0,1,40.12,D,0,Waste of time,Negative
467,Priya Patel,21,Female,0.74,68.97,0.68,4,16,6,67.22,C,0,Average experience,Neutral
468,Vijay Patel,19,Female,0.81,33.63,0.92,9,0,0,71.21,B,0,Great course and very helpful,Positive
469,Kavya Kumar,30,Female,0.96,44.8,0.52,7,42,9,77.31,B,0,Loved the teaching style,Positive
470,Divya Sharma,25,Female,0.81,66.38,0.77,3,43,2,74.22,B,0,Great course and very helpful,Positive
471,Kavya Singh,18,Female,0.8,12.87,0.97,3,44,2,67.69,C,0,Normal learning experience,Neutral
472,Rahul Kumar,24,Male,0.74,37.02,0.52,8,5,8,50.84,D,0,Not useful at all,Negative
473,Rahul Patel,29,Female,0.88,46.95,0.77,4,1,5,63.26,C,0,Okay course,Neutral
474,Meena Sharma,22,Male,0.37,49.3,0.57,5,3,3,37.71,Fail,0,Poor explanations,Negative
475,Meena Iyer,20,Male,0.72,34.07,0.66,4,48,8,65.07,C,0,Okay course,Neutral
476,Meena Sharma,18,Male,0.8,62.7,0.98,7,38,9,82.61,B,0,Helped me improve a lot,Positive
477,Sneha Patel,26,Male,0.88,26.23,1,9,27,5,70.54,B,0,Loved the teaching style,Positive
478,Karthik Nair,22,Male,0.82,43.27,0.81,4,35,9,75.76,B,0,Excellent platform for learning,Positive
479,Sneha Iyer,21,Male,1,56.65,0.68,7,10,5,64.64,C,0,Average experience,Neutral
480,Rahul Iyer,26,Female,1,13.59,0.78,4,29,9,59.78,C,0,Average experience,Neutral
481,Vijay Verma,22,Male,0.48,40.47,0.74,6,25,6,53.3,D,0,Very confusing content,Negative
482,Arun Verma,18,Male,0.97,48.95,0.89,9,2,5,69.5,C,0,Okay course,Neutral
483,Ravi Patel,28,Male,0.59,51.01,0.96,7,45,3,73.27,B,0,Excellent platform for learning,Positive
484,Meena Kumar,30,Male,0.87,47.93,0.77,6,36,3,71.85,B,0,Great course and very helpful,Positive
485,Anjali Kumar,28,Male,0.55,10.56,0.77,8,49,5,51.69,D,0,Very confusing content,Negative
486,Rahul Iyer,29,Male,0.48,35.16,1,9,39,5,68.75,C,0,Normal learning experience,Neutral
487,Priya Patel,24,Female,0.8,34.26,0.82,8,47,3,77.33,B,0,Very engaging and informative,Positive
488,Arun Iyer,21,Male,0.87,55.63,0.7,9,14,0,69.07,C,0,Okay course,Neutral
489,Suresh Nair,30,Male,0.69,56.49,0.49,9,14,9,64.06,C,0,Can be improved,Neutral
490,Arun Singh,20,Female,1,55.36,0.75,3,3,2,72.4,B,0,Great course and very helpful,Positive
491,Meena Patel,18,Female,1,32.62,0.43,5,22,7,56.06,C,0,Nothing special,Neutral
492,Priya Nair,21,Female,0.45,19.02,1,7,20,1,65.06,C,1,Can be improved,Neutral
493,Divya Verma,20,Male,0.97,48.24,0.84,5,31,1,83.13,B,0,Great course and very helpful,Positive
494,Karthik Kumar,27,Female,0.94,34.68,0.6,5,24,8,63.7,C,0,Nothing special,Neutral
495,Meena Iyer,30,Female,0.77,28.77,0.85,3,14,7,63.15,C,0,Nothing special,Neutral
496,Priya Nair,22,Male,0.67,67.3,0.89,8,49,3,80.43,B,0,Great course and very helpful,Positive
497,Divya Sharma,23,Female,0.71,20.98,1,8,2,7,61.58,C,0,Okay course,Neutral
498,Divya Das,28,Male,0.99,44.5,0.57,5,7,7,63.19,C,0,Normal learning experience,Neutral
499,Priya Singh,27,Female,1,51.34,0.74,9,15,6,78.16,B,0,Excellent platform for learning,Positive
500,Priya Iyer,25,Female,0.84,40.02,0.5,9,23,8,69.26,C,0,Nothing special,Neutral
501,Rahul Patel,18,Male,0.8,52.31,0.69,9,29,3,72.24,B,0,Loved the teaching style,Positive
502,Suresh Kumar,26,Female,0.59,10.96,1,4,29,2,54.66,D,0,Not useful at all,Negative
503,Arun Iyer,20,Male,1,43.86,0.46,5,19,1,59.87,C,0,Normal learning experience,Neutral
504,Divya Das,21,Male,0.65,35.73,0.65,5,36,8,57.14,C,0,Normal learning experience,Neutral
505,Kavya Nair,18,Male,0.74,47.19,0.87,8,7,7,63.89,C,0,Average experience,Neutral
506,Priya Verma,27,Female,0.67,31.3,0.97,6,36,9,62.97,C,0,Can be improved,Neutral
507,Karthik Singh,20,Male,0.67,44.98,0.88,9,22,5,66.99,C,0,Nothing special,Neutral
508,Meena Nair,22,Female,0.37,37.75,0.97,7,37,9,63.56,C,0,Nothing special,Neutral
509,Rahul Singh,20,Male,0.52,40.27,0.41,8,22,0,52.26,D,0,Not useful at all,Negative
510,Sneha Nair,24,Female,0.81,39.44,1,7,33,8,72.04,B,0,Helped me improve a lot,Positive
511,Karthik Iyer,29,Female,0.64,23.62,0.74,3,14,9,52.03,D,0,Poor explanations,Negative
512,Kavya Sharma,22,Female,0.83,11.08,0.64,5,20,1,59.54,C,0,Can be improved,Neutral
513,Vijay Verma,18,Male,1,34.1,1,6,6,8,76.95,B,0,Excellent platform for learning,Positive
514,Divya Kumar,18,Female,0.7,55.82,0.59,3,31,7,49.24,D,0,Very confusing content,Negative
515,Suresh Gupta,19,Male,0.8,21.17,0.63,9,3,6,70.16,B,0,Loved the teaching style,Positive
516,Suresh Singh,20,Male,0.77,42.56,0.57,6,29,2,58.51,C,0,Average experience,Neutral
517,Suresh Reddy,22,Female,0.63,31.91,0.59,7,37,7,61.55,C,0,Nothing special,Neutral
518,Ravi Singh,30,Female,0.34,53.98,0.56,4,2,0,46.2,D,0,Too difficult to follow,Negative
519,Arun Singh,25,Male,0.85,64.43,1,9,21,3,92.92,A,0,Excellent platform for learning,Positive
520,Divya Gupta,25,Male,0.86,58.43,0.57,3,0,0,59.88,C,0,Okay course,Neutral
521,Anjali Kumar,19,Female,0.55,28.25,0.84,9,12,6,59.66,C,0,Normal learning experience,Neutral
522,Anjali Reddy,29,Male,0.92,62.78,0.72,8,38,1,85.41,A,0,Very engaging and informative,Positive
523,Meena Nair,24,Female,0.98,34.52,0.58,5,14,8,55.95,C,0,Normal learning experience,Neutral
524,Anjali Nair,24,Female,1,37.34,0.76,8,32,8,70.12,B,0,Loved the teaching style,Positive
525,Meena Verma,24,Female,0.99,36.72,0.39,9,11,0,58.44,C,0,Normal learning experience,Neutral
526,Meena Reddy,18,Male,0.78,41.3,0.88,4,10,6,71.84,B,0,Very engaging and informative,Positive
527,Meena Nair,27,Male,0.82,33.31,0.85,7,39,6,65.97,C,0,Okay course,Neutral
528,Arun Singh,28,Male,0.71,49.49,0.92,5,7,8,61.11,C,0,Normal learning experience,Neutral
529,Divya Verma,29,Female,0.63,15.38,0.5,4,39,2,42.61,D,0,Poor explanations,Negative
530,Sneha Nair,28,Male,0.99,65.54,0.48,6,1,5,66.14,C,0,Average experience,Neutral
531,Divya Patel,23,Male,0.57,54.33,0.88,8,18,9,73.33,B,0,Helped me improve a lot,Positive
532,Meena Gupta,29,Female,0.61,33.44,0.87,4,17,7,56.22,C,0,Can be improved,Neutral
533,Priya Verma,18,Male,0.82,40.42,0.68,8,43,8,73.19,B,0,Great course and very helpful,Positive
534,Meena Verma,30,Male,0.91,25.2,0.52,7,24,1,53.44,D,0,Not useful at all,Negative
535,Suresh Verma,26,Male,0.49,52.81,0.59,5,26,0,48.8,D,0,Poor explanations,Negative
536,Arun Das,20,Male,0.56,66.21,0.89,6,11,6,63.76,C,0,Normal learning experience,Neutral
537,Karthik Nair,21,Female,0.54,24.06,0.67,4,29,2,46.18,D,0,Poor explanations,Negative
538,Divya Kumar,21,Male,0.58,11.73,0.75,8,14,9,61.61,C,0,Can be improved,Neutral
539,Priya Singh,24,Male,0.91,15.63,0.46,3,4,5,46.83,D,0,Poor explanations,Negative
540,Kavya Gupta,23,Male,0.69,50.73,0.87,4,20,2,71.2,B,0,Helped me improve a lot,Positive
541,Priya Reddy,25,Female,1,52.15,0.66,3,48,7,77.13,B,0,Very engaging and informative,Positive
542,Divya Reddy,27,Male,0.84,47.6,0.74,9,36,7,68.56,C,0,Okay course,Neutral
543,Anjali Gupta,28,Female,0.78,27.46,0.76,4,0,7,54.58,D,0,Not useful at all,Negative
544,Ravi Singh,23,Male,0.76,36.82,0.51,4,12,7,52.25,D,0,Not useful at all,Negative
545,Ravi Nair,30,Male,0.82,37.67,0.32,9,30,3,52.43,D,0,Too difficult to follow,Negative
546,Karthik Reddy,23,Female,0.75,32.99,0.48,4,41,4,56.8,C,0,Normal learning experience,Neutral
547,Meena Iyer,20,Female,0.7,42.2,0.73,8,46,0,69.49,C,0,Can be improved,Neutral
548,Ravi Singh,18,Female,0.53,30.45,0.69,8,44,5,55.23,C,0,Average experience,Neutral
549,Priya Nair,23,Female,0.49,44,0.75,7,26,0,52.79,D,0,Waste of time,Negative
550,Vijay Patel,28,Female,0.58,30.11,0.67,4,25,4,48.73,D,0,Too difficult to follow,Negative
551,Karthik Patel,19,Male,0.53,27.66,0.94,6,16,8,66.51,C,0,Normal learning experience,Neutral
552,Anjali Gupta,29,Female,0.68,42.56,0.51,5,42,2,56.58,C,0,Okay course,Neutral
553,Priya Das,21,Female,0.71,30.55,0.26,6,39,7,54.73,D,0,Very confusing content,Negative
554,Sneha Sharma,25,Female,0.44,60.7,0.61,6,12,5,50.6,D,0,Very confusing content,Negative
555,Sneha Reddy,30,Female,0.98,59.3,0.67,6,39,3,71.76,B,0,Loved the teaching style,Positive
556,Meena Singh,23,Male,0.51,35.62,0.73,8,7,7,58.81,C,0,Okay course,Neutral
557,Suresh Reddy,30,Female,0.93,32.55,0.69,9,41,8,69.11,C,0,Average experience,Neutral
558,Divya Reddy,28,Female,0.65,36.05,0.66,7,28,6,58.67,C,0,Average experience,Neutral
559,Priya Patel,19,Female,0.91,48.3,0.75,8,45,3,75.22,B,0,Helped me improve a lot,Positive
560,Suresh Das,23,Male,0.75,63.68,0.39,4,31,8,55.06,C,0,Can be improved,Neutral
561,Rahul Verma,18,Male,0.88,13.53,0.65,5,41,0,61.38,C,0,Nothing special,Neutral
562,Meena Kumar,22,Male,0.54,57.9,0.56,8,5,2,50.26,D,0,Very confusing content,Negative
563,Vijay Iyer,23,Male,0.72,48.7,0.56,5,41,2,65.62,C,0,Okay course,Neutral
564,Meena Iyer,23,Male,0.28,19.5,0.51,4,18,4,32.08,Fail,1,Too difficult to follow,Negative
565,Rahul Sharma,28,Female,0.84,11.95,0.47,7,47,8,56.67,C,0,Average experience,Neutral
566,Priya Iyer,27,Male,0.88,53,0.49,9,40,8,75.11,B,0,Loved the teaching style,Positive
567,Rahul Verma,20,Male,0.96,64.83,0.6,5,20,4,65.71,C,0,Average experience,Neutral
568,Priya Sharma,26,Male,0.73,44.1,0.52,4,11,8,47.68,D,0,Very confusing content,Negative
569,Ravi Verma,21,Female,0.63,38.41,0.72,4,34,4,56.38,C,0,Can be improved,Neutral
570,Kavya Iyer,28,Female,0.61,55.68,0.86,6,12,3,58.39,C,0,Nothing special,Neutral
571,Karthik Verma,26,Male,0.76,46.65,0.89,9,7,6,64.12,C,0,Okay course,Neutral
572,Divya Reddy,23,Male,0.76,23.42,0.47,9,16,7,52.24,D,0,Too difficult to follow,Negative
573,Vijay Patel,28,Male,0.68,36.75,0.73,7,29,6,59.93,C,0,Normal learning experience,Neutral
574,Sneha Das,22,Female,0.89,28.37,0.7,7,28,2,62.69,C,0,Okay course,Neutral
575,Kavya Singh,24,Male,1,37.66,0.41,7,36,6,65.39,C,0,Normal learning experience,Neutral
576,Sneha Nair,29,Female,0.72,37.45,0.54,8,31,1,52.76,D,0,Poor explanations,Negative
577,Kavya Das,18,Male,1,27.11,0.81,7,35,5,68.03,C,0,Average experience,Neutral
578,Kavya Nair,27,Female,0.5,23.6,0.87,9,19,8,60.32,C,0,Normal learning experience,Neutral
579,Suresh Verma,25,Male,0.56,41.65,0.73,5,36,5,57.36,C,0,Can be improved,Neutral
580,Sneha Patel,24,Female,0.51,53.41,0.88,7,30,2,74.53,B,0,Excellent platform for learning,Positive
581,Meena Singh,27,Male,0.41,9.03,1,8,38,4,65.24,C,1,Can be improved,Neutral
582,Meena Patel,19,Male,0.42,32.03,0.81,6,30,0,67.45,C,0,Nothing special,Neutral
583,Meena Reddy,24,Male,0.56,29.85,0.55,6,43,2,58.02,C,0,Average experience,Neutral
584,Karthik Patel,27,Male,0.93,46.77,0.94,3,1,0,62.76,C,0,Normal learning experience,Neutral
585,Divya Singh,30,Male,0.9,66.73,0.37,3,31,9,58.02,C,0,Average experience,Neutral
586,Anjali Reddy,20,Male,0.54,51.36,0.97,4,46,4,72.25,B,0,Excellent platform for learning,Positive
587,Kavya Reddy,19,Male,0.52,49.14,0.77,5,40,1,58.06,C,0,Okay course,Neutral
588,Meena Das,19,Female,0.82,21.48,0.5,4,8,9,48.31,D,0,Very confusing content,Negative
589,Anjali Verma,24,Male,0.71,35.17,0.72,3,35,7,58.57,C,0,Normal learning experience,Neutral
590,Suresh Iyer,25,Male,1,38.09,0.62,9,11,4,73.71,B,0,Great course and very helpful,Positive
591,Anjali Nair,26,Male,1,69.27,0.55,8,36,1,75.56,B,0,Helped me improve a lot,Positive
592,Arun Iyer,20,Male,0.8,35.09,0.88,7,35,7,74.93,B,0,Excellent platform for learning,Positive
593,Rahul Kumar,24,Male,0.88,55.87,0.77,5,22,4,70.81,B,0,Loved the teaching style,Positive
594,Priya Nair,21,Male,0.99,61.55,0.65,8,11,0,71.94,B,0,Very engaging and informative,Positive
595,Anjali Patel,29,Female,0.88,69.12,0.52,6,16,8,63.13,C,0,Nothing special,Neutral
596,Arun Sharma,29,Male,0.73,-7.82,0.84,9,39,0,60.76,C,0,Okay course,Neutral
597,Kavya Reddy,21,Male,0.52,42.67,0.72,9,24,5,64.16,C,0,Okay course,Neutral
598,Suresh Patel,20,Female,0.64,19.81,0.47,5,38,5,49.55,D,0,Too difficult to follow,Negative
599,Priya Kumar,30,Male,1,2.68,0.96,4,46,0,74.23,B,0,Great course and very helpful,Positive
600,Anjali Singh,21,Female,1,25.82,0.47,5,32,2,66.35,C,0,Average experience,Neutral
601,Meena Iyer,19,Female,0.92,58.1,0.74,6,8,6,64.06,C,0,Nothing special,Neutral
602,Arun Verma,27,Female,0.75,56.25,0.85,7,12,8,75.85,B,0,Very engaging and informative,Positive
603,Anjali Kumar,19,Male,0.66,13.93,0.91,5,7,3,58.03,C,0,Nothing special,Neutral
604,Rahul Iyer,29,Female,1,80.27,0.5,7,27,8,68.16,C,0,Okay course,Neutral
605,Suresh Iyer,29,Female,0.79,26.44,0.39,4,41,5,54.18,D,0,Very confusing content,Negative
606,Karthik Kumar,30,Male,0.4,42.68,1,3,41,0,53.69,D,0,Not useful at all,Negative
607,Arun Patel,28,Male,0.76,46.17,0.56,5,36,4,66.85,C,0,Average experience,Neutral
608,Ravi Verma,28,Male,0.68,37.67,0.85,3,3,0,62.09,C,0,Nothing special,Neutral
609,Priya Verma,30,Female,0.51,56.31,0.86,7,22,1,53.23,D,0,Too difficult to follow,Negative
610,Ravi Verma,21,Male,0.84,41.16,0.58,5,32,3,61.4,C,0,Average experience,Neutral
611,Sneha Singh,26,Female,0.55,39.97,0.67,3,37,9,60.3,C,0,Can be improved,Neutral
612,Divya Kumar,19,Female,1,62.22,0.25,9,24,9,59.07,C,0,Okay course,Neutral
613,Suresh Nair,21,Male,0.62,46.16,0.6,3,6,1,47.57,D,0,Not useful at all,Negative
614,Arun Iyer,26,Female,0.41,24.64,0.64,4,3,0,36.21,Fail,0,Very confusing content,Negative
615,Ravi Iyer,29,Male,1,53.63,0.55,7,23,2,67.52,C,0,Normal learning experience,Neutral
616,Rahul Das,28,Female,0.8,12.1,0.88,3,17,2,67.69,C,0,Okay course,Neutral
617,Sneha Patel,28,Male,0.71,22.76,0.55,8,25,6,56.21,C,0,Okay course,Neutral
618,Karthik Iyer,25,Female,0.46,40.18,0.91,6,29,3,57.67,C,0,Average experience,Neutral
619,Divya Gupta,30,Female,0.61,53.48,0.81,8,18,4,60.83,C,0,Can be improved,Neutral
620,Meena Singh,28,Female,0.83,32.66,0.39,8,20,6,60.9,C,0,Normal learning experience,Neutral
621,Vijay Iyer,28,Female,0.82,17.91,0.94,9,43,5,65.98,C,0,Nothing special,Neutral
622,Karthik Verma,18,Female,0.71,36.03,1,4,32,9,67.6,C,0,Nothing special,Neutral
623,Meena Gupta,22,Female,0.48,35.96,0.71,8,1,5,42.42,D,0,Too difficult to follow,Negative
624,Arun Reddy,29,Female,0.26,17.35,0.68,6,48,8,47.88,D,1,Poor explanations,Negative
625,Karthik Nair,30,Male,0.85,48.45,0.86,5,38,9,71.05,B,0,Excellent platform for learning,Positive
626,Meena Patel,26,Female,0.73,27.93,0.62,6,28,2,55.62,C,0,Average experience,Neutral
627,Ravi Verma,25,Male,0.72,31.59,0.11,9,19,3,54.28,D,0,Waste of time,Negative
628,Rahul Kumar,23,Female,0.96,81.26,0.6,9,14,6,73.24,B,0,Great course and very helpful,Positive
629,Sneha Reddy,26,Male,1,48.95,0.6,3,49,8,74.69,B,0,Loved the teaching style,Positive
630,Sneha Verma,25,Male,0.42,41.79,0.76,4,12,1,50.81,D,0,Waste of time,Negative
631,Kavya Iyer,25,Male,0.56,47.54,0.67,9,8,7,54.92,D,0,Not useful at all,Negative
632,Arun Patel,19,Male,0.94,67.46,0.81,9,29,4,81.08,B,0,Excellent platform for learning,Positive
633,Vijay Das,22,Female,0.87,55.6,0.42,9,11,1,74.25,B,0,Helped me improve a lot,Positive
634,Meena Reddy,18,Female,1,59.06,0.61,4,45,5,77.65,B,0,Very engaging and informative,Positive
635,Karthik Verma,23,Female,0.73,66.38,0.97,8,22,7,80.4,B,0,Excellent platform for learning,Positive
636,Priya Verma,20,Male,0.63,56.17,0.59,5,32,2,67.23,C,0,Okay course,Neutral
637,Suresh Singh,24,Female,0.6,40.58,0.76,8,12,6,63.24,C,0,Average experience,Neutral
638,Sneha Patel,21,Female,0.62,41.56,0.96,7,45,7,74.88,B,0,Loved the teaching style,Positive
639,Ravi Kumar,21,Female,1,22.47,0.17,8,12,1,47.39,D,0,Not useful at all,Negative
640,Priya Nair,27,Female,0.51,43.95,1,7,43,1,62.9,C,0,Average experience,Neutral
641,Vijay Reddy,23,Male,0.71,14.95,0.71,5,8,4,51.65,D,0,Very confusing content,Negative
642,Divya Iyer,29,Female,1,44.7,0.84,7,48,6,88.07,A,0,Very engaging and informative,Positive
643,Priya Singh,27,Male,0.87,36.08,0.73,4,24,9,62.17,C,0,Can be improved,Neutral
644,Anjali Kumar,18,Female,0.75,36.58,0.9,7,10,1,61.27,C,0,Normal learning experience,Neutral
645,Arun Gupta,27,Female,0.57,39.07,0.87,7,23,2,73.22,B,0,Very engaging and informative,Positive
646,Meena Singh,24,Female,0.74,40.75,0.89,4,28,2,67.57,C,0,Can be improved,Neutral
647,Vijay Nair,23,Female,0.84,58.32,0.49,4,18,0,54.85,D,0,Poor explanations,Negative
648,Priya Sharma,30,Female,0.58,30.43,0.54,7,44,5,50.15,D,0,Not useful at all,Negative
649,Arun Kumar,23,Female,0.61,42.14,0.62,9,41,9,64.52,C,0,Nothing special,Neutral
650,Arun Iyer,29,Male,0.45,41.41,0.56,3,30,3,39.77,Fail,0,Poor explanations,Negative
651,Vijay Reddy,20,Female,1,57.74,0.68,6,14,1,75.75,B,0,Great course and very helpful,Positive
652,Meena Das,18,Female,0.76,41.12,0.62,5,47,8,62.45,C,0,Okay course,Neutral
653,Sneha Sharma,18,Male,0.67,19.56,0.84,3,6,1,52.19,D,0,Poor explanations,Negative
654,Suresh Reddy,21,Male,0.85,42.98,0.94,7,22,9,76.1,B,0,Excellent platform for learning,Positive
655,Anjali Kumar,30,Female,0.89,51.02,0.5,4,24,9,59.28,C,0,Can be improved,Neutral
656,Meena Patel,22,Male,0.48,45.27,0.3,4,10,5,38.69,Fail,0,Not useful at all,Negative
657,Arun Das,19,Male,0.96,18.7,0.86,3,3,8,62.17,C,0,Okay course,Neutral
658,Arun Iyer,30,Male,0.97,28.85,0.78,6,6,2,60.91,C,0,Normal learning experience,Neutral
659,Priya Nair,20,Male,0.78,41.65,0.86,4,27,3,63.95,C,0,Normal learning experience,Neutral
660,Divya Reddy,24,Male,1,26.31,0.56,8,23,1,69.08,C,0,Normal learning experience,Neutral
661,Suresh Patel,21,Male,0.78,45.46,0.7,5,25,2,53.06,D,0,Not useful at all,Negative
662,Arun Kumar,28,Female,0.67,37.38,0.53,8,38,7,58.53,C,0,Okay course,Neutral
663,Ravi Verma,30,Male,0.67,50.38,0.83,7,0,7,65.02,C,0,Okay course,Neutral
664,Rahul Patel,22,Male,0.52,52.3,0.69,9,26,0,61.32,C,0,Okay course,Neutral
665,Priya Kumar,22,Male,0.99,38.74,0.48,5,41,4,63.08,C,0,Nothing special,Neutral
666,Sneha Kumar,18,Female,0.51,65.42,0.35,3,34,4,52.21,D,0,Very confusing content,Negative
667,Divya Singh,23,Male,0.72,50.01,1,7,30,0,73.2,B,0,Loved the teaching style,Positive
668,Sneha Reddy,23,Female,0.59,33.64,0.39,4,14,5,47.42,D,0,Too difficult to follow,Negative
669,Meena Sharma,23,Male,0.93,34.35,0.85,8,46,8,72.28,B,0,Very engaging and informative,Positive
670,Ravi Iyer,19,Male,0.73,41.96,0.44,4,6,6,49.23,D,0,Waste of time,Negative
671,Ravi Verma,21,Male,1,74.62,0.66,8,24,7,76.99,B,0,Excellent platform for learning,Positive
672,Arun Verma,30,Female,0.3,72.02,0.95,7,15,1,60.16,C,0,Average experience,Neutral
673,Karthik Sharma,22,Female,0.55,67.41,0.37,4,3,4,44.25,D,0,Waste of time,Negative
674,Divya Gupta,20,Male,0.99,51.94,0.87,7,19,2,74.65,B,0,Helped me improve a lot,Positive
675,Vijay Iyer,25,Male,0.47,33.87,0.8,9,28,5,62.87,C,0,Okay course,Neutral
676,Vijay Patel,29,Male,0.87,45.52,0.52,3,23,3,62.24,C,0,Nothing special,Neutral
677,Suresh Iyer,30,Male,0.31,42.68,0.99,6,41,8,54.37,D,0,Too difficult to follow,Negative
678,Divya Nair,27,Female,0.81,42.53,0.65,4,41,7,62.61,C,0,Normal learning experience,Neutral
679,Suresh Patel,20,Male,0.73,33.19,0.59,7,42,6,67.1,C,0,Average experience,Neutral
680,Rahul Kumar,19,Male,0.79,42.49,0.84,8,33,9,77.6,B,0,Great course and very helpful,Positive
681,Priya Das,18,Female,0.88,12.12,0.88,6,45,0,66.67,C,0,Normal learning experience,Neutral
682,Priya Sharma,26,Female,0.55,59.55,0.83,6,23,5,61.15,C,0,Okay course,Neutral
683,Suresh Singh,25,Male,0.77,23.25,0.64,3,34,5,50.31,D,0,Poor explanations,Negative
684,Meena Kumar,28,Female,0.8,65.37,0.61,4,16,5,67.4,C,0,Nothing special,Neutral
685,Karthik Iyer,19,Female,0.57,32.61,0.62,9,18,8,56.27,C,0,Nothing special,Neutral
686,Kavya Reddy,25,Male,0.85,32.98,0.54,5,0,4,53.72,D,0,Waste of time,Negative
687,Meena Patel,20,Female,0.71,43.31,1,4,42,0,72.71,B,0,Loved the teaching style,Positive
688,Sneha Patel,24,Female,0.62,26.64,0.53,6,13,6,41.11,D,0,Waste of time,Negative
689,Priya Singh,27,Female,1,51.3,0.65,6,5,5,59.95,C,0,Average experience,Neutral
690,Kavya Singh,26,Female,0.91,59.51,0.73,8,18,1,66.72,C,0,Okay course,Neutral
691,Anjali Verma,22,Male,0.63,31.69,0.88,9,26,8,71.14,B,0,Loved the teaching style,Positive
692,Kavya Gupta,23,Female,0.76,68.25,0.71,8,15,9,75.21,B,0,Great course and very helpful,Positive
693,Priya Das,25,Male,0.87,59.51,0.54,3,22,6,72.11,B,0,Helped me improve a lot,Positive
694,Priya Reddy,23,Male,0.81,52.93,0.45,8,38,9,58.45,C,0,Okay course,Neutral
695,Vijay Sharma,23,Male,0.81,23.73,0.61,3,32,9,62.65,C,0,Nothing special,Neutral
696,Divya Patel,20,Male,0.76,43.22,0.84,3,31,0,66.38,C,0,Average experience,Neutral
697,Divya Sharma,29,Male,0.72,19.22,0.24,4,6,8,35.25,Fail,0,Poor explanations,Negative
698,Arun Verma,21,Male,0.53,57.21,0.73,5,37,8,58.75,C,0,Can be improved,Neutral
699,Anjali Verma,26,Female,0.64,36.04,0.49,3,3,0,44.48,D,0,Very confusing content,Negative
700,Divya Sharma,18,Female,0.78,25.66,1,7,20,1,72.66,B,0,Loved the teaching style,Positive
701,Divya Singh,24,Female,0.78,54.94,0.42,6,36,1,60.98,C,0,Average experience,Neutral
702,Arun Iyer,23,Female,0.79,37.61,1,9,42,8,78.95,B,0,Loved the teaching style,Positive
703,Kavya Reddy,25,Female,0.75,10.16,0.78,4,25,8,55.38,C,0,Average experience,Neutral
704,Arun Reddy,30,Female,0.53,53.18,0.92,5,1,0,61.43,C,0,Average experience,Neutral
705,Karthik Kumar,28,Male,0.78,52.74,0.84,9,2,0,71.46,B,0,Great course and very helpful,Positive
706,Meena Patel,23,Female,0.67,55.02,0.98,7,0,0,71.06,B,0,Great course and very helpful,Positive
707,Divya Verma,30,Male,1,12.81,1,6,15,6,68.17,C,0,Average experience,Neutral
708,Vijay Singh,19,Male,0.81,64.32,0.57,4,44,3,62.41,C,0,Nothing special,Neutral
709,Karthik Kumar,26,Male,0.57,1.17,0.71,7,13,7,52.98,D,0,Too difficult to follow,Negative
710,Divya Patel,18,Male,0.98,58.58,0.15,4,41,8,59.93,C,0,Nothing special,Neutral
711,Ravi Das,29,Female,0.47,22.29,0.5,4,19,3,39.79,Fail,0,Waste of time,Negative
712,Sneha Iyer,28,Male,0.88,62.92,0.88,6,13,2,77.79,B,0,Great course and very helpful,Positive
713,Priya Singh,23,Male,1,20.01,0.63,5,29,4,59.84,C,0,Can be improved,Neutral
714,Arun Gupta,18,Female,0.63,4.15,0.62,5,42,4,56.3,C,0,Can be improved,Neutral
715,Priya Iyer,27,Male,0.86,46.42,0.64,4,4,6,52.69,D,0,Very confusing content,Negative
716,Kavya Sharma,19,Female,0.68,43.83,0.61,4,20,7,51.83,D,0,Not useful at all,Negative
717,Rahul Kumar,19,Female,0.88,11.85,0.78,5,13,6,64.17,C,0,Average experience,Neutral
718,Suresh Nair,25,Female,0.82,42.55,0.36,3,9,9,49.68,D,0,Very confusing content,Negative
719,Ravi Das,19,Male,0.78,37.35,0.68,9,3,9,67.72,C,0,Nothing special,Neutral
720,Priya Verma,19,Female,0.67,23.47,0.77,7,18,1,58.93,C,0,Can be improved,Neutral
721,Rahul Kumar,22,Female,0.82,30.61,0.59,5,11,8,50.58,D,0,Waste of time,Negative
722,Sneha Gupta,24,Male,0.43,30.06,0.78,7,19,7,49.8,D,0,Too difficult to follow,Negative
723,Sneha Verma,29,Male,0.64,59.96,0.93,4,20,5,67.2,C,0,Okay course,Neutral
724,Kavya Singh,27,Female,0.35,51.27,0.29,8,37,5,45,D,0,Very confusing content,Negative
725,Suresh Nair,30,Female,0.67,52.17,0.73,8,23,2,62.51,C,0,Nothing special,Neutral
726,Anjali Singh,23,Male,1,45.66,0.68,5,17,7,59.95,C,0,Can be improved,Neutral
727,Suresh Singh,20,Male,0.69,64.34,0.84,4,31,9,66.29,C,0,Okay course,Neutral
728,Priya Nair,21,Male,0.55,42.98,0.68,7,1,1,49.8,D,0,Waste of time,Negative
729,Divya Gupta,19,Female,0.7,27.36,0.9,7,17,7,65.49,C,0,Can be improved,Neutral
730,Priya Kumar,25,Male,0.93,44.08,0.6,3,10,1,52.66,D,0,Too difficult to follow,Negative
731,Meena Nair,27,Female,1,52.03,0.87,7,29,2,72.22,B,0,Loved the teaching style,Positive
732,Rahul Singh,19,Male,0.62,27.64,0.51,4,47,4,51.83,D,0,Not useful at all,Negative
733,Ravi Das,19,Female,0.54,29.58,0.51,9,11,1,48.8,D,0,Very confusing content,Negative
734,Karthik Nair,20,Female,1,15.51,0.75,4,25,7,61.9,C,0,Normal learning experience,Neutral
735,Anjali Gupta,29,Female,0.7,38.64,0.85,9,36,4,73.58,B,0,Helped me improve a lot,Positive
736,Kavya Verma,28,Female,0.87,27.08,0.52,9,41,7,58.62,C,0,Can be improved,Neutral
737,Anjali Patel,23,Male,0.79,44.46,0.46,6,20,5,61.66,C,0,Average experience,Neutral
738,Ravi Singh,27,Male,0.44,37.83,0.61,7,20,0,50.63,D,0,Poor explanations,Negative
739,Sneha Sharma,27,Female,0.69,34.58,0.62,9,41,8,70.77,B,0,Very engaging and informative,Positive
740,Divya Verma,21,Male,0.24,42.12,0.97,5,4,1,58.01,C,0,Nothing special,Neutral
741,Meena Reddy,20,Male,0.78,46.26,0.81,6,32,6,68.48,C,0,Normal learning experience,Neutral
742,Sneha Das,25,Male,0.95,51.55,0.83,7,28,2,80.37,B,0,Very engaging and informative,Positive
743,Divya Gupta,19,Female,0.6,30.34,0.67,9,11,1,53.51,D,0,Very confusing content,Negative
744,Priya Kumar,28,Female,0.69,60.35,0.66,5,33,8,65.33,C,0,Can be improved,Neutral
745,Kavya Iyer,19,Male,0.69,78.57,0.62,6,41,3,66.5,C,0,Can be improved,Neutral
746,Divya Iyer,19,Female,0.7,11.65,0.61,5,26,7,46.63,D,0,Too difficult to follow,Negative
747,Priya Singh,27,Female,0.94,43.11,0.76,8,22,5,66.54,C,0,Normal learning experience,Neutral
748,Sneha Nair,18,Female,0.71,34,0.39,3,23,7,50.09,D,0,Waste of time,Negative
749,Sneha Das,18,Male,0.69,41.48,0.73,5,42,1,64.08,C,0,Can be improved,Neutral
750,Kavya Sharma,26,Male,0.73,57.24,0.81,7,14,3,56.67,C,0,Nothing special,Neutral
751,Vijay Das,22,Female,0.72,44.84,1,3,21,1,66.99,C,0,Average experience,Neutral
752,Rahul Reddy,20,Male,0.74,56.92,0.72,6,30,9,63.45,C,0,Average experience,Neutral
753,Suresh Gupta,26,Male,0.79,58.94,0.33,4,36,2,57.15,C,0,Average experience,Neutral
754,Rahul Patel,18,Male,0.56,30.94,0.62,6,18,6,47.58,D,0,Not useful at all,Negative
755,Kavya Gupta,20,Male,0.98,33.37,0.7,3,12,6,61.45,C,0,Okay course,Neutral
756,Sneha Nair,18,Female,0.73,54.64,0.51,7,29,4,65.84,C,0,Okay course,Neutral
757,Meena Iyer,27,Female,0.89,38.01,0.34,4,32,7,53.05,D,0,Not useful at all,Negative
758,Rahul Sharma,21,Female,0.72,54.05,0.36,4,30,5,66.4,C,0,Average experience,Neutral
759,Vijay Das,22,Female,0.76,41.35,0.84,8,22,3,68.57,C,0,Average experience,Neutral
760,Divya Gupta,19,Male,0.4,34.43,0.37,7,18,0,43.61,D,0,Very confusing content,Negative
761,Vijay Patel,18,Female,0.59,42.24,0.66,8,44,6,56.88,C,0,Okay course,Neutral
762,Ravi Iyer,18,Male,0.73,56.36,0.55,7,12,0,66.76,C,0,Nothing special,Neutral
763,Kavya Kumar,19,Male,0.76,48.38,1,3,4,6,63.87,C,0,Normal learning experience,Neutral
764,Anjali Nair,24,Female,0.84,35.38,0.6,7,17,9,59.18,C,0,Nothing special,Neutral
765,Kavya Nair,23,Male,1,30.85,0.62,9,31,8,64.32,C,0,Average experience,Neutral
766,Anjali Das,30,Male,0.73,62.65,0.77,5,44,3,78.16,B,0,Very engaging and informative,Positive
767,Priya Sharma,18,Male,0.6,29.18,0.36,5,31,6,46,D,0,Too difficult to follow,Negative
768,Meena Patel,30,Male,0.17,48.87,0.71,4,38,0,50.13,D,0,Poor explanations,Negative
769,Kavya Patel,23,Male,0.96,42.98,1,9,35,1,86.51,A,0,Great course and very helpful,Positive
770,Priya Reddy,24,Female,0.67,30.86,1,9,34,1,75.12,B,0,Excellent platform for learning,Positive
771,Rahul Iyer,28,Male,0.6,21.31,0.32,5,13,5,36.48,Fail,0,Very confusing content,Negative
772,Karthik Gupta,19,Female,0.64,34.71,0.63,9,23,8,57.42,C,0,Can be improved,Neutral
773,Sneha Das,22,Male,0.48,23.8,0.3,4,41,5,39.85,Fail,0,Very confusing content,Negative
774,Sneha Das,20,Male,0.77,63.92,0.72,6,16,3,74.27,B,0,Great course and very helpful,Positive
775,Divya Nair,20,Female,0.68,55.61,0.65,4,37,9,62.41,C,0,Can be improved,Neutral
776,Arun Das,24,Male,0.61,17.09,0.89,7,49,2,68.07,C,0,Average experience,Neutral
777,Vijay Verma,26,Female,0.79,46.64,0.4,7,1,3,51.78,D,0,Very confusing content,Negative
778,Meena Verma,19,Female,0.8,32.69,0.88,4,8,2,58.54,C,0,Average experience,Neutral
779,Meena Iyer,29,Male,0.71,55.32,0.34,8,34,7,54.79,D,0,Too difficult to follow,Negative
780,Rahul Patel,19,Male,1,40.49,0.72,5,5,0,66.23,C,0,Normal learning experience,Neutral
781,Rahul Das,30,Female,0.64,30.1,0.56,6,42,9,59.96,C,0,Okay course,Neutral
782,Vijay Gupta,22,Male,0.53,37.47,0.75,6,23,4,57.99,C,0,Average experience,Neutral
783,Karthik Gupta,22,Male,0.89,22.69,0.85,3,39,5,68.54,C,0,Normal learning experience,Neutral
784,Anjali Das,20,Male,0.42,47.55,0.29,5,6,4,35.42,Fail,0,Too difficult to follow,Negative
785,Divya Kumar,21,Female,1,55.38,0.57,5,44,6,72.11,B,0,Very engaging and informative,Positive
786,Sneha Gupta,27,Female,0.83,37.12,0.77,4,49,8,64.98,C,0,Average experience,Neutral
787,Ravi Verma,28,Female,0.39,47.23,0.45,9,26,5,48.02,D,0,Too difficult to follow,Negative
788,Ravi Iyer,23,Female,0.87,35.5,0.51,3,28,7,67.21,C,0,Nothing special,Neutral
789,Divya Das,25,Male,1,54.73,1,9,17,5,70.88,B,0,Loved the teaching style,Positive
790,Priya Reddy,19,Female,0.37,39.89,0.61,6,17,6,38.65,Fail,0,Poor explanations,Negative
791,Kavya Iyer,28,Male,0.28,70.63,0.76,7,38,3,56.04,C,0,Normal learning experience,Neutral
792,Kavya Iyer,25,Male,0.62,42.97,0.58,7,37,4,56.97,C,0,Nothing special,Neutral
793,Kavya Reddy,22,Female,0.78,48.78,0.8,9,18,8,73.86,B,0,Great course and very helpful,Positive
794,Divya Reddy,27,Male,0.7,21.38,0.99,7,10,0,63.07,C,0,Okay course,Neutral
795,Arun Iyer,19,Male,0.66,19.12,0.75,5,0,2,48.05,D,0,Not useful at all,Negative
796,Suresh Nair,27,Male,0.42,43.97,0.85,6,2,2,57.33,C,0,Average experience,Neutral
797,Vijay Reddy,18,Female,0.99,45.15,0.68,8,30,9,78.83,B,0,Helped me improve a lot,Positive
798,Anjali Patel,29,Male,0.61,17.05,0.66,3,2,9,47.59,D,0,Waste of time,Negative
799,Sneha Das,25,Female,0.96,47.96,0.87,9,43,9,87.32,A,0,Loved the teaching style,Positive
800,Priya Nair,29,Female,0.6,34.38,0.64,7,2,3,52.02,D,0,Too difficult to follow,Negative
801,Kavya Das,19,Female,0.75,45.56,0.78,4,37,8,69.45,C,0,Okay course,Neutral
802,Vijay Kumar,23,Female,0.68,47.5,0.43,7,7,2,52.32,D,0,Very confusing content,Negative
803,Karthik Das,24,Female,0.7,40.96,0.72,8,30,1,73.81,B,0,Very engaging and informative,Positive
804,Kavya Patel,22,Female,0.87,9.65,0.74,7,15,3,58.63,C,0,Can be improved,Neutral
805,Kavya Sharma,20,Female,0.65,32.72,0.72,7,15,5,54.51,D,0,Not useful at all,Negative
806,Karthik Iyer,18,Male,0.77,31.1,0.59,3,26,7,60.18,C,0,Average experience,Neutral
807,Divya Gupta,28,Male,0.74,47.36,0.84,9,28,4,68.97,C,0,Can be improved,Neutral
808,Rahul Iyer,25,Male,0.81,49.97,0.9,4,24,8,64.61,C,0,Okay course,Neutral
809,Meena Sharma,18,Male,0.52,46.99,1,4,17,6,68.61,C,0,Normal learning experience,Neutral
810,Ravi Verma,22,Female,0.86,55.37,0.83,6,0,0,67.75,C,0,Normal learning experience,Neutral
811,Rahul Nair,21,Female,0.79,38.79,0.72,9,2,6,60.15,C,0,Normal learning experience,Neutral
812,Rahul Patel,21,Female,0.64,30.19,0.87,3,23,9,58.88,C,0,Okay course,Neutral
813,Anjali Das,20,Male,0.75,64.33,0.45,9,33,0,67.84,C,0,Okay course,Neutral
814,Suresh Verma,26,Male,0.59,56.15,0.27,4,10,1,37.06,Fail,0,Waste of time,Negative
815,Suresh Sharma,23,Female,0.42,35.63,0.66,9,1,8,50.08,D,0,Too difficult to follow,Negative
816,Sneha Patel,28,Male,0.48,48.16,1,6,12,0,64.8,C,0,Nothing special,Neutral
817,Suresh Nair,29,Female,0.6,39.16,0.59,9,24,9,62.46,C,0,Can be improved,Neutral
818,Kavya Nair,23,Female,0.55,40.5,0.42,7,36,4,40.29,D,0,Very confusing content,Negative
819,Meena Verma,20,Male,0.58,41.4,0.57,3,17,5,46.71,D,0,Poor explanations,Negative
820,Kavya Das,18,Male,0.61,29.67,0.78,5,8,0,40.36,D,0,Not useful at all,Negative
821,Kavya Nair,18,Male,0.85,26.82,0.85,5,40,2,66.18,C,0,Okay course,Neutral
822,Sneha Nair,18,Female,0.81,44.81,0.58,8,11,2,46.18,D,0,Poor explanations,Negative
823,Priya Verma,19,Male,0.57,42.43,0.84,7,44,9,66.19,C,0,Okay course,Neutral
824,Divya Reddy,20,Female,0.57,52.77,0.67,3,28,1,55.17,C,0,Nothing special,Neutral
825,Ravi Reddy,26,Male,0.56,53.09,0.99,3,48,6,62.59,C,0,Okay course,Neutral
826,Anjali Kumar,24,Female,0.89,21.75,1,8,44,9,69.81,C,0,Can be improved,Neutral
827,Anjali Sharma,21,Female,0.7,46.51,0.56,8,32,3,57.28,C,0,Can be improved,Neutral
828,Priya Nair,25,Male,0.75,52.88,0.62,9,44,8,71.07,B,0,Very engaging and informative,Positive
829,Anjali Iyer,22,Female,0.76,37.94,0.4,7,2,9,50.35,D,0,Very confusing content,Negative
830,Divya Iyer,27,Male,0.6,36.68,0.46,7,38,2,62.84,C,0,Can be improved,Neutral
831,Priya Reddy,25,Male,0.64,52.47,0.74,4,31,1,57.17,C,0,Average experience,Neutral
832,Ravi Reddy,26,Male,0.72,10.99,0.73,5,24,1,52.38,D,0,Poor explanations,Negative
833,Ravi Verma,20,Male,0.63,42.94,0.81,7,2,9,48.33,D,0,Not useful at all,Negative
834,Ravi Iyer,22,Female,0.94,45.44,0.47,3,41,0,54.56,D,0,Very confusing content,Negative
835,Anjali Sharma,23,Female,0.55,52.54,0.64,6,21,4,56.81,C,0,Average experience,Neutral
836,Vijay Singh,20,Female,0.6,29.95,0.52,4,46,8,58.53,C,0,Average experience,Neutral
837,Sneha Nair,23,Female,0.87,26.96,0.45,5,22,7,60.82,C,0,Normal learning experience,Neutral
838,Rahul Patel,30,Male,0.56,69.8,0.42,7,38,8,58.55,C,0,Okay course,Neutral
839,Anjali Iyer,21,Female,0.52,33.7,0.54,7,4,0,36.44,Fail,0,Poor explanations,Negative
840,Rahul Nair,29,Female,0.44,31.91,0.78,9,32,1,62.57,C,0,Okay course,Neutral
841,Ravi Reddy,23,Male,0.85,21.7,0.3,8,1,0,32.88,Fail,0,Too difficult to follow,Negative
842,Vijay Patel,26,Female,0.91,62,0.84,8,5,9,71.31,B,0,Excellent platform for learning,Positive
843,Kavya Kumar,18,Female,1,48.35,0.49,9,39,1,71.79,B,0,Loved the teaching style,Positive
844,Arun Sharma,18,Male,0.74,51.43,0.59,3,14,3,51.42,D,0,Not useful at all,Negative
845,Arun Patel,22,Female,0.89,37.63,0.57,8,2,9,68.05,C,0,Nothing special,Neutral
846,Kavya Reddy,29,Female,0.88,15.53,0.8,5,29,3,59.03,C,0,Average experience,Neutral
847,Sneha Singh,18,Male,0.89,56.59,0.87,7,40,1,80.37,B,0,Helped me improve a lot,Positive
848,Vijay Patel,29,Female,0.74,34.75,0.74,5,45,2,57.82,C,0,Can be improved,Neutral
849,Suresh Das,27,Male,0.67,41.8,0.54,5,1,7,48.51,D,0,Waste of time,Negative
850,Suresh Kumar,22,Male,0.69,44.06,0.79,3,47,0,63.07,C,0,Okay course,Neutral
851,Rahul Iyer,27,Male,0.81,26.72,0.75,7,0,4,63.19,C,0,Normal learning experience,Neutral
852,Priya Verma,18,Female,0.73,41.11,0.59,6,44,0,62.74,C,0,Average experience,Neutral
853,Divya Iyer,22,Female,0.63,48.89,0.78,3,20,4,60.86,C,0,Can be improved,Neutral
854,Karthik Sharma,24,Male,1,57.76,0.84,9,36,4,83.51,B,0,Helped me improve a lot,Positive
855,Karthik Verma,24,Male,0.83,38.01,0.76,7,37,3,72.37,B,0,Great course and very helpful,Positive
856,Suresh Singh,22,Male,0.76,69.95,0.68,3,2,0,68.53,C,0,Average experience,Neutral
857,Karthik Patel,25,Male,0.98,41.72,0.8,3,34,4,65,C,0,Normal learning experience,Neutral
858,Suresh Kumar,28,Female,0.44,48.56,0.82,7,23,7,59.98,C,0,Okay course,Neutral
859,Arun Singh,21,Male,0.64,45.73,1,4,11,9,74.68,B,0,Helped me improve a lot,Positive
860,Divya Patel,29,Male,0.7,33.9,0.59,7,31,1,60.15,C,0,Average experience,Neutral
861,Priya Verma,24,Male,0.63,44.32,0.52,4,23,1,46.17,D,0,Waste of time,Negative
862,Sneha Das,30,Female,0.55,43.74,0.46,4,28,6,47.38,D,0,Very confusing content,Negative
863,Arun Singh,27,Female,0.8,56.58,0.26,4,13,3,47.68,D,0,Waste of time,Negative
864,Priya Kumar,26,Female,1,45.7,0.92,8,45,0,80.92,B,0,Great course and very helpful,Positive
865,Ravi Singh,19,Female,0.68,57.5,0.68,3,18,5,48.44,D,0,Not useful at all,Negative
866,Kavya Iyer,20,Female,0.74,61.82,0.55,4,23,4,58.12,C,0,Average experience,Neutral
867,Divya Iyer,26,Male,0.79,35.34,0.66,3,15,6,50.29,D,0,Too difficult to follow,Negative
868,Kavya Sharma,28,Male,0.85,10.76,0.29,3,20,1,47.05,D,0,Not useful at all,Negative
869,Sneha Verma,26,Female,0.51,26.06,0.7,5,19,8,43.53,D,0,Not useful at all,Negative
870,Sneha Singh,23,Female,0.88,26.05,0.69,8,38,0,66.23,C,0,Normal learning experience,Neutral
871,Ravi Singh,18,Female,0.77,40.87,0.73,7,25,8,69.12,C,0,Normal learning experience,Neutral
872,Vijay Patel,27,Male,0.81,36.28,0.96,5,30,9,66.98,C,0,Okay course,Neutral
873,Rahul Patel,19,Male,0.78,13.89,0.61,7,26,8,55.03,C,0,Okay course,Neutral
874,Divya Patel,19,Female,0.73,39.39,0.09,6,41,5,44.56,D,0,Too difficult to follow,Negative
875,Rahul Reddy,30,Female,0.87,49.3,0.32,6,14,4,54.82,D,0,Waste of time,Negative
876,Suresh Reddy,30,Female,0.81,36.64,0.58,6,14,3,52.89,D,0,Not useful at all,Negative
877,Anjali Verma,30,Male,0.89,37.88,0.93,5,27,7,75.23,B,0,Helped me improve a lot,Positive
878,Arun Verma,22,Male,0.81,32.82,0.8,5,38,7,62.58,C,0,Nothing special,Neutral
879,Divya Sharma,22,Male,0.92,54.23,0.73,6,43,1,74.24,B,0,Loved the teaching style,Positive
880,Rahul Verma,28,Female,0.86,44.87,0.68,3,34,4,61.46,C,0,Okay course,Neutral
881,Arun Gupta,20,Male,0.48,55.19,0.35,3,42,1,45.74,D,0,Very confusing content,Negative
882,Suresh Nair,22,Female,0.79,54.77,0.94,7,16,6,68.46,C,0,Average experience,Neutral
883,Sneha Singh,19,Male,0.7,26.77,0.56,5,17,7,50.33,D,0,Waste of time,Negative
884,Rahul Verma,29,Female,0.95,60.61,0.53,3,17,8,65.3,C,0,Nothing special,Neutral
885,Priya Verma,26,Female,0.77,47.45,0.36,6,28,9,55.77,C,0,Can be improved,Neutral
886,Vijay Singh,24,Female,0.59,21.71,0.59,4,44,4,51.92,D,0,Too difficult to follow,Negative
887,Ravi Das,22,Female,0.41,23.2,0.83,8,7,6,54.26,D,0,Very confusing content,Negative
888,Arun Sharma,19,Female,0.69,40.6,0.58,6,38,6,65.96,C,0,Nothing special,Neutral
889,Arun Verma,18,Male,0.8,27.65,0.6,9,37,4,70.56,B,0,Great course and very helpful,Positive
890,Rahul Gupta,23,Female,0.5,43.17,0.91,6,10,7,57.06,C,0,Nothing special,Neutral
891,Anjali Verma,28,Male,1,44.58,0.82,7,41,8,85.79,A,0,Excellent platform for learning,Positive
892,Karthik Sharma,22,Female,0.66,43.58,0.44,5,39,9,53.8,D,0,Very confusing content,Negative
893,Priya Reddy,26,Male,0.97,7.13,1,9,13,0,77.74,B,0,Excellent platform for learning,Positive
894,Arun Verma,22,Female,0.74,55.39,0.42,4,10,1,52.32,D,0,Not useful at all,Negative
895,Divya Reddy,26,Male,0.89,35.69,0.73,9,1,0,67.14,C,0,Average experience,Neutral
896,Anjali Reddy,24,Male,0.87,59.54,0.91,9,39,2,83.74,B,0,Helped me improve a lot,Positive
897,Karthik Gupta,30,Male,0.6,40.22,0.5,7,16,7,40.74,D,0,Too difficult to follow,Negative
898,Ravi Singh,22,Female,0.74,47.55,0.64,9,14,4,57.56,C,0,Nothing special,Neutral
899,Meena Verma,18,Female,0.95,21.84,0.52,8,10,7,65.71,C,0,Can be improved,Neutral
900,Priya Verma,30,Female,0.76,37.4,0.75,7,26,7,58.95,C,0,Normal learning experience,Neutral
901,Suresh Das,30,Female,1,14.94,1,7,8,0,70.96,B,0,Very engaging and informative,Positive
902,Kavya Nair,19,Male,0.78,44.21,1,4,5,7,72.1,B,0,Excellent platform for learning,Positive
903,Suresh Gupta,22,Female,0.56,60.68,0.67,4,8,0,50.8,D,0,Too difficult to follow,Negative
904,Suresh Kumar,28,Male,0.98,22.74,0.63,3,10,5,60.36,C,0,Okay course,Neutral
905,Vijay Verma,28,Male,0.64,16.03,0.99,7,29,7,62.52,C,0,Can be improved,Neutral
906,Priya Das,19,Female,0.81,29.37,0.93,6,15,6,69.64,C,0,Okay course,Neutral
907,Divya Nair,25,Female,1,51,0.7,5,38,9,72.61,B,0,Great course and very helpful,Positive
908,Rahul Reddy,18,Female,0.36,10.56,0.5,3,23,0,32.22,Fail,1,Not useful at all,Negative
909,Anjali Verma,22,Male,1,50.48,0.86,9,30,7,77.71,B,0,Great course and very helpful,Positive
910,Suresh Kumar,19,Male,1,40.22,0.45,8,26,8,71.02,B,0,Excellent platform for learning,Positive
911,Rahul Gupta,29,Female,0.8,53.52,0.61,5,46,6,67.35,C,0,Nothing special,Neutral
912,Vijay Sharma,27,Female,0.76,66.2,0.65,3,26,0,69.78,C,0,Normal learning experience,Neutral
913,Priya Das,28,Female,0.75,12.98,0.57,4,48,1,46.26,D,0,Too difficult to follow,Negative
914,Divya Reddy,30,Male,0.68,51.11,0.73,3,35,9,52.59,D,0,Very confusing content,Negative
915,Ravi Patel,27,Female,0.63,30.87,0.65,9,41,8,60.71,C,0,Average experience,Neutral
916,Ravi Reddy,27,Male,0.92,49.79,0.81,6,34,1,73.01,B,0,Very engaging and informative,Positive
917,Arun Patel,30,Male,0.66,15.61,0.55,4,21,9,52.07,D,0,Very confusing content,Negative
918,Sneha Singh,23,Female,0.76,55.56,0.77,7,22,8,75.8,B,0,Helped me improve a lot,Positive
919,Arun Patel,27,Male,0.96,55.05,0.86,8,38,4,75.04,B,0,Very engaging and informative,Positive
920,Arun Verma,22,Female,0.85,40.62,0.55,8,43,1,66.59,C,0,Average experience,Neutral
921,Sneha Iyer,20,Female,0.75,32.18,0.57,7,2,5,54.17,D,0,Poor explanations,Negative
922,Priya Sharma,22,Male,0.89,45.27,0.7,4,44,0,72.85,B,0,Excellent platform for learning,Positive
923,Priya Iyer,25,Female,0.89,57.86,0.8,5,40,1,80.58,B,0,Loved the teaching style,Positive
924,Meena Kumar,20,Male,0.88,60.49,1,5,2,1,75.21,B,0,Great course and very helpful,Positive
925,Arun Das,18,Female,0.52,14.06,0.69,5,38,0,42.94,D,0,Very confusing content,Negative
926,Vijay Verma,22,Female,0.69,37.88,0.5,3,35,4,57.22,C,0,Can be improved,Neutral
927,Suresh Nair,29,Female,0.68,25.94,0.57,3,6,9,49.94,D,0,Waste of time,Negative
928,Ravi Patel,21,Male,0.49,54.23,0.36,5,41,4,51.85,D,0,Too difficult to follow,Negative
929,Karthik Sharma,20,Female,0.83,46.8,0.38,7,30,1,58.91,C,0,Average experience,Neutral
930,Sneha Kumar,27,Female,0.79,18.24,0.85,7,1,6,66.98,C,0,Okay course,Neutral
931,Vijay Singh,21,Male,0.96,33.89,0.88,8,25,6,75.6,B,0,Great course and very helpful,Positive
932,Anjali Iyer,26,Male,0.61,39.99,0.87,8,48,8,77.27,B,0,Loved the teaching style,Positive
933,Divya Patel,19,Female,0.58,39.84,0.73,4,9,0,67.66,C,0,Nothing special,Neutral
934,Anjali Sharma,24,Male,0.71,10.08,0.49,3,13,0,39.24,Fail,0,Too difficult to follow,Negative
935,Meena Iyer,21,Male,0.55,31.69,0.47,6,5,3,45.22,D,0,Not useful at all,Negative
936,Karthik Verma,26,Female,0.82,27.92,0.95,9,19,0,67.55,C,0,Can be improved,Neutral
937,Ravi Kumar,28,Male,0.79,33.31,0.66,6,7,7,59.4,C,0,Normal learning experience,Neutral
938,Meena Verma,28,Female,1,40.6,0.12,3,26,0,50.34,D,0,Waste of time,Negative
939,Divya Gupta,25,Male,0.55,27.39,0.48,5,46,2,48.18,D,0,Very confusing content,Negative
940,Vijay Sharma,28,Male,0.84,49.3,0.58,6,43,0,65.32,C,0,Can be improved,Neutral
941,Sneha Verma,18,Male,1,9.84,0.18,4,42,5,60.08,C,0,Average experience,Neutral
942,Suresh Singh,20,Female,0.78,43.65,0.58,3,5,1,54.24,D,0,Not useful at all,Negative
943,Meena Patel,27,Female,0.58,49.64,0.71,5,23,5,46.58,D,0,Waste of time,Negative
944,Arun Verma,29,Female,0.67,1.8,0.96,6,11,5,58.31,C,0,Can be improved,Neutral
945,Priya Reddy,21,Female,0.86,67.52,0.55,6,30,0,76.14,B,0,Excellent platform for learning,Positive
946,Sneha Gupta,30,Male,0.73,28.67,0.41,4,1,5,47.37,D,0,Not useful at all,Negative
947,Divya Reddy,30,Female,0.85,19.37,0.59,5,14,3,56.21,C,0,Okay course,Neutral
948,Meena Patel,27,Male,0.58,49.07,0.67,9,17,1,64.41,C,0,Can be improved,Neutral
949,Anjali Patel,28,Male,0.56,31.92,0.61,4,6,5,39.27,Fail,0,Poor explanations,Negative
950,Sneha Verma,26,Female,0.77,36.48,0.3,5,1,4,48.84,D,0,Not useful at all,Negative
951,Anjali Gupta,20,Male,0.84,44.33,0.55,8,19,1,68.21,C,0,Normal learning experience,Neutral
952,Anjali Verma,27,Female,0.62,53.34,0.87,5,23,6,66.68,C,0,Okay course,Neutral
953,Suresh Sharma,28,Female,0.82,54.52,0.77,8,45,0,67.55,C,0,Can be improved,Neutral
954,Vijay Reddy,24,Female,0.85,34.35,0.92,4,38,9,66.1,C,0,Okay course,Neutral
955,Kavya Sharma,19,Female,0.87,8.81,0.84,8,31,9,61.86,C,0,Nothing special,Neutral
956,Suresh Das,25,Female,0.91,58.37,0.92,4,16,7,71.15,B,0,Excellent platform for learning,Positive
957,Karthik Nair,27,Male,0.61,60.89,0.62,3,0,8,42.74,D,0,Too difficult to follow,Negative
958,Priya Singh,25,Female,0.57,27.72,0.56,3,40,5,44.62,D,0,Not useful at all,Negative
959,Vijay Singh,21,Male,0.66,35.08,0.5,7,15,0,55.87,C,0,Nothing special,Neutral
960,Anjali Nair,29,Male,1,45.5,0.71,4,29,3,68.48,C,0,Normal learning experience,Neutral
961,Karthik Das,20,Male,0.52,35.87,0.95,7,17,7,66.59,C,0,Okay course,Neutral
962,Sneha Patel,24,Male,0.79,25.52,0.69,3,41,4,66.36,C,0,Can be improved,Neutral
963,Anjali Das,18,Female,1,33.67,0.71,9,6,7,63.16,C,0,Normal learning experience,Neutral
964,Rahul Nair,20,Male,0.8,57.9,0.55,8,36,1,64.79,C,0,Okay course,Neutral
965,Ravi Sharma,26,Female,0.68,51.56,0.49,5,39,5,60.35,C,0,Normal learning experience,Neutral
966,Divya Kumar,22,Male,0.68,65.12,0.65,3,14,3,47.72,D,0,Not useful at all,Negative
967,Vijay Verma,23,Male,0.61,16.95,0.74,9,9,5,60.15,C,0,Can be improved,Neutral
968,Arun Iyer,26,Female,0.53,53,0.63,4,12,9,50.16,D,0,Too difficult to follow,Negative
969,Meena Singh,22,Male,0.86,7.2,0.82,3,9,7,59.26,C,0,Normal learning experience,Neutral
970,Kavya Verma,29,Male,0.5,23.12,0.48,6,35,5,46.68,D,0,Poor explanations,Negative
971,Divya Singh,18,Female,0.78,49.84,0.81,4,42,9,72.83,B,0,Great course and very helpful,Positive
972,Ravi Das,25,Female,0.65,48.08,0.83,7,7,1,57.05,C,0,Can be improved,Neutral
973,Sneha Kumar,30,Male,0.75,26.74,0.62,5,10,4,48.3,D,0,Too difficult to follow,Negative
974,Anjali Sharma,19,Male,0.88,15.35,1,4,25,8,71.79,B,0,Excellent platform for learning,Positive
975,Ravi Singh,30,Male,0.94,32.87,0.72,8,13,3,57.15,C,0,Nothing special,Neutral
976,Anjali Kumar,30,Male,0.77,42.24,0.42,5,6,9,54.36,D,0,Poor explanations,Negative
977,Anjali Sharma,24,Male,0.84,35.05,0.59,6,22,8,63.67,C,0,Average experience,Neutral
978,Divya Iyer,25,Female,0.81,21.19,0.7,7,30,4,65.5,C,0,Can be improved,Neutral
979,Suresh Reddy,21,Male,0.5,22.1,0.66,8,31,5,44.31,D,0,Too difficult to follow,Negative
980,Arun Reddy,26,Female,0.6,53.14,0.56,9,3,2,58.25,C,0,Okay course,Neutral
981,Meena Reddy,19,Male,0.74,58.44,0.73,7,17,3,76.85,B,0,Great course and very helpful,Positive
982,Karthik Singh,27,Male,0.72,3.91,0.41,5,7,7,38.97,Fail,0,Very confusing content,Negative
983,Priya Iyer,28,Male,0.49,51.9,0.78,8,29,4,64.08,C,0,Normal learning experience,Neutral
984,Kavya Reddy,30,Male,0.79,48.99,0.97,6,26,7,70.57,B,0,Great course and very helpful,Positive
985,Rahul Gupta,26,Female,0.71,42.95,1,6,11,8,71.28,B,0,Loved the teaching style,Positive
986,Suresh Singh,27,Male,0.95,60.99,0.57,6,18,7,66.01,C,0,Average experience,Neutral
987,Anjali Verma,21,Female,0.74,49.89,0.92,4,21,9,64.24,C,0,Average experience,Neutral
988,Divya Singh,20,Male,0.94,75.24,0.83,8,12,1,76.77,B,0,Great course and very helpful,Positive
989,Anjali Das,28,Female,0.81,36.99,0.69,6,15,4,56.91,C,0,Can be improved,Neutral
990,Sneha Nair,20,Female,0.57,18.11,0.3,8,11,1,40.42,D,0,Very confusing content,Negative
991,Vijay Iyer,18,Female,0.61,34.23,0.62,8,14,6,59.65,C,0,Average experience,Neutral
992,Karthik Verma,19,Female,1,55.13,0.61,7,30,8,76.23,B,0,Great course and very helpful,Positive
993,Suresh Verma,21,Female,0.57,34.63,0.72,3,7,8,60.33,C,0,Okay course,Neutral
994,Karthik Sharma,29,Female,0.81,44.34,0.57,3,7,5,45.88,D,0,Waste of time,Negative
995,Sneha Nair,30,Male,0.59,28.23,1,5,9,0,64.44,C,0,Average experience,Neutral
996,Karthik Kumar,25,Male,0.64,49.99,0.48,7,6,2,59.88,C,0,Okay course,Neutral
997,Priya Singh,20,Female,0.5,17.46,0.55,5,8,9,38.28,Fail,0,Waste of time,Negative
998,Meena Das,26,Female,0.82,22.93,0.85,4,8,7,56.04,C,0,Average experience,Neutral
999,Vijay Sharma,22,Female,0.6,37.47,0.85,6,40,9,72.21,B,0,Great course and very helpful,Positive
1000,Priya Gupta,19,Female,0.9,19.9,0.92,8,17,4,69.28,C,0,Average experience,Neutral
1001,Sneha Nair,30,Male,0.67,49.65,0.73,3,49,8,77.76,B,0,Very engaging and informative,Positive
1002,Anjali Iyer,21,Female,0.96,50.21,0.62,5,7,4,65.43,C,0,Nothing special,Neutral
1003,Sneha Verma,25,Female,0.9,40.73,0.33,4,15,0,36.44,Fail,0,Very confusing content,Negative
1004,Vijay Iyer,22,Female,1,13.83,0.51,9,25,7,50.49,D,0,Not useful at all,Negative
1005,Kavya Singh,24,Male,0.35,30.82,0.42,4,34,6,37.04,Fail,0,Not useful at all,Negative
1006,Priya Singh,26,Male,0.55,10.64,0.57,4,28,0,46.29,D,0,Not useful at all,Negative
1007,Kavya Verma,25,Male,0.79,55.36,0.5,4,18,7,45.76,D,0,Too difficult to follow,Negative
1008,Divya Nair,29,Female,0.88,77.54,0.7,6,0,0,69.92,C,0,Can be improved,Neutral
1009,Priya Patel,30,Female,0.73,37.2,0.88,9,37,6,69.72,C,0,Average experience,Neutral
1010,Sneha Reddy,22,Male,0.46,50.3,0.8,9,27,4,60.63,C,0,Average experience,Neutral
1011,Meena Verma,19,Male,0.72,51.53,0.72,6,3,8,53.18,D,0,Poor explanations,Negative
1012,Anjali Das,29,Male,0.8,34.26,1,5,25,0,70.64,B,0,Great course and very helpful,Positive
1013,Priya Nair,19,Male,0.72,35.11,0.78,9,49,9,70.05,B,0,Loved the teaching style,Positive
1014,Arun Reddy,25,Female,1,78.96,0.83,7,30,3,89.59,A,0,Helped me improve a lot,Positive
1015,Ravi Reddy,24,Male,0.78,32.83,0.87,8,44,4,74.22,B,0,Great course and very helpful,Positive
1016,Meena Gupta,20,Male,1,48.73,0.64,8,18,5,73.26,B,0,Excellent platform for learning,Positive
1017,Rahul Iyer,22,Female,0.9,13.86,0.58,6,8,4,62.61,C,0,Can be improved,Neutral
1018,Kavya Das,19,Female,0.72,56.92,0.52,7,42,2,59.96,C,0,Normal learning experience,Neutral
1019,Meena Reddy,27,Female,1,29.93,0.69,6,45,7,67.07,C,0,Normal learning experience,Neutral
1020,Priya Das,18,Male,0.3,25.49,0.62,6,9,8,36.51,Fail,0,Too difficult to follow,Negative
1021,Rahul Sharma,19,Male,0.78,51.18,0.71,4,7,2,48.39,D,0,Too difficult to follow,Negative
1022,Rahul Patel,26,Female,0.81,33.25,0.84,5,3,8,64.72,C,0,Normal learning experience,Neutral
1023,Sneha Kumar,26,Male,0.71,17.17,0.88,9,25,6,60.6,C,0,Normal learning experience,Neutral
1024,Anjali Gupta,26,Male,0.55,40.72,0.59,9,38,7,51.47,D,0,Very confusing content,Negative
1025,Arun Reddy,24,Male,0.7,42.89,0.71,9,45,9,67.54,C,0,Okay course,Neutral
1026,Karthik Singh,30,Male,0.73,49.19,0.69,6,9,8,59.15,C,0,Average experience,Neutral
1027,Divya Singh,29,Female,0.69,52.69,0.79,8,24,1,63.77,C,0,Okay course,Neutral
1028,Meena Nair,21,Male,0.77,24.46,0.87,4,0,7,60.08,C,0,Okay course,Neutral
1029,Ravi Reddy,28,Female,0.62,11.83,0.43,3,35,7,52,D,0,Poor explanations,Negative
1030,Divya Nair,22,Male,0.43,34.45,0.81,7,21,7,50.12,D,0,Very confusing content,Negative
1031,Vijay Das,21,Male,0.69,42.5,0.69,9,4,9,56.63,C,0,Can be improved,Neutral
1032,Anjali Nair,18,Female,0.77,45,0.69,4,16,4,58.09,C,0,Can be improved,Neutral
1033,Suresh Nair,20,Male,0.79,34.99,0.96,4,12,0,75.65,B,0,Very engaging and informative,Positive
1034,Divya Verma,22,Female,1,41.65,0.72,6,4,7,69.84,C,0,Okay course,Neutral
1035,Divya Singh,26,Male,0.5,39.6,0.25,4,8,7,34.97,Fail,0,Poor explanations,Negative
1036,Meena Kumar,29,Female,0.46,53.51,1,6,19,1,58.77,C,0,Nothing special,Neutral
1037,Suresh Verma,27,Female,0.65,52.8,0.71,5,19,5,62.74,C,0,Okay course,Neutral
1038,Meena Nair,30,Male,0.56,43.95,0.86,6,16,8,58.63,C,0,Normal learning experience,Neutral
1039,Kavya Singh,27,Female,0.49,33.4,0.82,7,30,8,62.79,C,0,Can be improved,Neutral
1040,Karthik Das,26,Male,0.76,22.63,0.61,3,44,2,62.59,C,0,Okay course,Neutral
1041,Vijay Reddy,22,Male,0.42,2.4,0.76,7,45,0,52.58,D,1,Not useful at all,Negative
1042,Meena Kumar,27,Female,0.56,47.96,0.9,9,27,0,72.99,B,0,Excellent platform for learning,Positive
1043,Kavya Verma,23,Male,0.52,64.07,0.82,7,8,1,57.51,C,0,Can be improved,Neutral
1044,Suresh Singh,19,Male,0.37,42.69,0.36,3,38,7,37.75,Fail,0,Poor explanations,Negative
1045,Meena Reddy,29,Male,0.26,50.26,0.54,7,39,5,49.73,D,0,Very confusing content,Negative
1046,Priya Das,23,Female,0.76,44.03,0.48,3,13,0,57.59,C,0,Normal learning experience,Neutral
1047,Meena Das,24,Male,1,26.67,0.98,7,42,2,90.42,A,0,Very engaging and informative,Positive
1048,Arun Nair,19,Female,0.53,56.04,0.49,8,4,3,52.46,D,0,Very confusing content,Negative
1049,Priya Das,26,Female,0.51,93.99,0.59,9,25,3,64.75,C,0,Can be improved,Neutral
1050,Divya Patel,30,Male,0.43,34.73,0.69,4,42,3,59.49,C,0,Okay course,Neutral
1051,Karthik Patel,30,Male,0.56,30.86,0.75,9,4,3,50.78,D,0,Waste of time,Negative
1052,Sneha Gupta,29,Female,0.47,13.03,0.26,3,43,2,33.52,Fail,1,Poor explanations,Negative
1053,Priya Verma,22,Male,0.55,50.46,0.64,5,43,0,52.95,D,0,Not useful at all,Negative
1054,Karthik Gupta,19,Female,0.72,43.26,0.55,7,28,9,54.72,D,0,Poor explanations,Negative
1055,Priya Sharma,27,Female,0.7,62.51,0.81,3,22,3,67.48,C,0,Average experience,Neutral
1056,Meena Gupta,27,Female,0.59,44.82,0.22,5,37,7,52.63,D,0,Too difficult to follow,Negative
1057,Anjali Singh,28,Male,0.57,39.91,0.68,8,48,5,64.07,C,0,Can be improved,Neutral
1058,Meena Verma,20,Male,0.89,36.57,0.42,7,37,0,53.78,D,0,Poor explanations,Negative
1059,Sneha Reddy,26,Female,0.82,45.11,0.48,7,5,8,61.14,C,0,Okay course,Neutral
1060,Sneha Verma,25,Female,1,50.56,0.66,5,49,3,74.81,B,0,Very engaging and informative,Positive
1061,Vijay Patel,20,Female,0.71,23.53,0.19,3,33,0,40.82,D,0,Not useful at all,Negative
1062,Anjali Das,24,Female,0.84,51.94,0.59,7,6,0,57.63,C,0,Okay course,Neutral
1063,Sneha Kumar,24,Female,0.67,47.29,0.8,4,4,0,68.31,C,0,Average experience,Neutral
1064,Karthik Kumar,26,Female,0.93,29.91,0.84,9,25,0,67.69,C,0,Nothing special,Neutral
1065,Rahul Sharma,29,Female,0.8,26.54,0.59,6,0,9,57.24,C,0,Can be improved,Neutral
1066,Meena Gupta,29,Male,0.62,56.23,0.88,4,13,2,69.2,C,0,Okay course,Neutral
1067,Divya Iyer,18,Male,0.56,54.2,0.65,9,20,2,65.9,C,0,Normal learning experience,Neutral
1068,Suresh Kumar,21,Male,0.7,43.48,0.59,7,38,3,46.67,D,0,Very confusing content,Negative
1069,Karthik Nair,28,Female,0.83,45.68,0.84,5,45,3,71.33,B,0,Excellent platform for learning,Positive
1070,Sneha Singh,24,Male,0.89,32.08,0.75,4,35,7,67.2,C,0,Nothing special,Neutral
1071,Divya Das,30,Male,0.42,43.14,0.8,6,21,9,65.23,C,0,Can be improved,Neutral
1072,Ravi Patel,29,Female,0.46,58.88,0.54,5,23,7,43.63,D,0,Very confusing content,Negative
1073,Rahul Reddy,25,Female,0.73,34.33,0.47,4,15,3,50.57,D,0,Too difficult to follow,Negative
1074,Meena Kumar,28,Male,1,49.35,0.75,5,20,5,73.8,B,0,Great course and very helpful,Positive
1075,Meena Das,27,Female,1,45.89,1,5,32,0,77.73,B,0,Excellent platform for learning,Positive
1076,Divya Nair,22,Female,0.88,38.76,0.6,4,24,9,66.82,C,0,Average experience,Neutral
1077,Divya Reddy,23,Male,0.94,21.65,0.76,3,46,1,61.35,C,0,Nothing special,Neutral
1078,Vijay Nair,18,Male,0.8,43.45,0.78,3,6,4,61.79,C,0,Average experience,Neutral
1079,Kavya Das,21,Female,0.46,31.31,0.32,3,36,8,37.12,Fail,0,Too difficult to follow,Negative
1080,Arun Verma,26,Male,0.86,24.87,0.75,3,21,1,58.23,C,0,Normal learning experience,Neutral
1081,Rahul Patel,21,Female,0.55,34.61,0.51,5,35,0,49.6,D,0,Not useful at all,Negative
1082,Anjali Gupta,21,Female,0.95,41.07,0.73,4,24,8,62.13,C,0,Can be improved,Neutral
1083,Meena Verma,21,Female,0.42,33.63,0.8,9,35,0,54.87,D,0,Waste of time,Negative
1084,Ravi Sharma,29,Female,0.92,14.58,0.86,6,12,8,68.8,C,0,Okay course,Neutral
1085,Vijay Patel,24,Male,0.68,41.64,0.96,3,29,8,69.16,C,0,Average experience,Neutral
1086,Anjali Das,24,Male,0.73,40.49,0.85,7,14,7,67.86,C,0,Can be improved,Neutral
1087,Vijay Verma,20,Male,1,81.79,1,7,4,0,86.56,A,0,Excellent platform for learning,Positive
1088,Rahul Sharma,26,Male,1,49.05,0.52,9,17,0,67.61,C,0,Can be improved,Neutral
1089,Ravi Das,24,Female,1,52.06,1,9,18,2,85.35,A,0,Very engaging and informative,Positive
1090,Rahul Sharma,29,Female,0.88,42.12,0.53,4,15,3,66.41,C,0,Normal learning experience,Neutral
1091,Arun Das,29,Male,0.93,24.89,1,9,18,5,78.28,B,0,Great course and very helpful,Positive
1092,Rahul Verma,21,Male,0.8,63.69,0.44,8,9,4,56.45,C,0,Can be improved,Neutral
1093,Divya Iyer,20,Female,0.84,27.97,0.77,5,49,2,63.91,C,0,Okay course,Neutral
1094,Anjali Patel,27,Male,0.9,41.75,0.68,3,42,7,64.02,C,0,Can be improved,Neutral
1095,Arun Sharma,19,Male,0.44,22.95,0.74,4,18,7,52.75,D,0,Not useful at all,Negative
1096,Rahul Verma,18,Male,0.79,29.03,0.8,5,31,1,61.07,C,0,Normal learning experience,Neutral
1097,Sneha Singh,28,Female,0.52,45.32,0.53,3,35,8,55.88,C,0,Nothing special,Neutral
1098,Sneha Kumar,20,Male,1,36.6,0.71,4,45,5,76.6,B,0,Great course and very helpful,Positive
1099,Divya Reddy,30,Female,0.77,46.94,0.64,7,42,8,67.27,C,0,Can be improved,Neutral
1100,Vijay Patel,29,Male,0.75,45.51,0.8,7,46,6,73.99,B,0,Very engaging and informative,Positive
1101,Divya Singh,23,Female,1,40.52,0.54,4,34,6,59.37,C,0,Average experience,Neutral
1102,Divya Das,30,Male,0.89,60.14,0.62,4,1,5,69.43,C,0,Normal learning experience,Neutral
1103,Ravi Verma,29,Male,0.32,37.81,0.97,6,32,3,69.71,C,0,Can be improved,Neutral
1104,Karthik Das,22,Male,0.88,42.35,0.61,8,43,6,67.94,C,0,Nothing special,Neutral
1105,Suresh Verma,19,Female,0.61,34.83,0.76,8,17,2,56.64,C,0,Normal learning experience,Neutral
1106,Anjali Nair,22,Male,0.65,17.89,0.62,3,30,4,62.59,C,0,Average experience,Neutral
1107,Anjali Nair,23,Female,1,58.73,0.59,9,31,1,75.66,B,0,Very engaging and informative,Positive
1108,Divya Gupta,20,Female,0.49,13.41,0.63,8,11,2,55.04,C,1,Normal learning experience,Neutral
1109,Karthik Reddy,24,Female,0.7,20.49,0.4,6,49,3,44.51,D,0,Not useful at all,Negative
1110,Anjali Verma,28,Female,0.76,31.94,0.48,8,16,8,57.86,C,0,Average experience,Neutral
1111,Rahul Nair,25,Female,0.4,69.29,0.69,9,12,2,54.21,D,0,Not useful at all,Negative
1112,Priya Iyer,19,Female,0.49,51.18,0.71,7,1,9,59.72,C,0,Nothing special,Neutral
1113,Karthik Das,28,Female,0.46,32.85,0.64,4,30,9,47.78,D,0,Waste of time,Negative
1114,Divya Iyer,25,Male,0.64,23.54,1,4,47,3,76.65,B,0,Very engaging and informative,Positive
1115,Rahul Verma,28,Male,0.64,19.95,1,4,16,7,57.79,C,0,Can be improved,Neutral
1116,Arun Nair,26,Female,0.65,48.41,0.38,8,47,0,53.35,D,0,Too difficult to follow,Negative
1117,Karthik Sharma,23,Female,1,40.25,0.61,6,38,5,55.53,C,0,Nothing special,Neutral
1118,Kavya Verma,24,Male,0.41,39,0.74,5,18,6,55.72,C,0,Can be improved,Neutral
1119,Kavya Iyer,28,Male,0.72,64.19,0.68,3,22,7,61.19,C,0,Average experience,Neutral
1120,Vijay Kumar,30,Female,0.95,4.47,0.86,9,44,3,67.4,C,0,Okay course,Neutral
1121,Divya Kumar,20,Female,0.72,25.78,0.47,5,0,1,40.19,D,0,Poor explanations,Negative
1122,Arun Sharma,26,Female,0.82,47.43,0.78,7,22,7,66.86,C,0,Nothing special,Neutral
1123,Arun Patel,28,Male,0.74,32.08,0.64,7,5,7,51.77,D,0,Poor explanations,Negative
1124,Rahul Patel,28,Male,1,19.82,0.5,8,43,9,63.91,C,0,Can be improved,Neutral
1125,Kavya Kumar,27,Female,0.72,44.62,0.58,5,37,1,61.02,C,0,Normal learning experience,Neutral
1126,Sneha Verma,22,Male,0.91,28.38,0.39,9,3,4,57.08,C,0,Can be improved,Neutral
1127,Vijay Kumar,25,Male,0.88,42.31,0.66,7,29,2,66.84,C,0,Nothing special,Neutral
1128,Divya Das,18,Female,0.76,53.67,0.86,9,4,2,73.64,B,0,Very engaging and informative,Positive
1129,Priya Kumar,28,Female,0.54,50.48,0.99,9,28,2,69.02,C,0,Average experience,Neutral
1130,Rahul Patel,24,Male,0.95,20.84,0.78,7,11,1,61.27,C,0,Can be improved,Neutral
1131,Anjali Singh,27,Male,0.86,41.04,0.42,9,49,3,69.06,C,0,Nothing special,Neutral
1132,Divya Nair,30,Female,0.57,56.1,0.66,6,47,3,59.17,C,0,Okay course,Neutral
1133,Anjali Kumar,23,Female,0.92,23.8,1,5,43,5,72.03,B,0,Excellent platform for learning,Positive
1134,Vijay Reddy,18,Female,0.43,28.05,0.57,6,20,9,49.81,D,0,Too difficult to follow,Negative
1135,Arun Nair,21,Female,1,39.88,0.62,6,45,1,78.11,B,0,Loved the teaching style,Positive
1136,Karthik Patel,18,Male,0.65,49.29,0.98,6,17,2,68.71,C,0,Can be improved,Neutral
1137,Kavya Singh,23,Female,0.66,35.67,0.68,4,23,5,56.35,C,0,Okay course,Neutral
1138,Suresh Verma,22,Female,0.78,39.32,0.51,9,30,2,61,C,0,Nothing special,Neutral
1139,Suresh Verma,21,Female,1,36.3,0.51,3,31,0,60.99,C,0,Normal learning experience,Neutral
1140,Kavya Nair,30,Male,0.53,32.6,0.42,9,22,3,54.14,D,0,Poor explanations,Negative
1141,Sneha Kumar,24,Male,0.75,34.86,0.58,4,22,1,45.45,D,0,Poor explanations,Negative
1142,Kavya Nair,18,Male,0.83,29.79,0.66,3,21,9,55.27,C,0,Nothing special,Neutral
1143,Suresh Nair,28,Female,1,66.81,0.65,9,16,8,63.55,C,0,Normal learning experience,Neutral
1144,Sneha Verma,25,Female,0.85,44.51,0.99,9,30,5,66.55,C,0,Okay course,Neutral
1145,Meena Patel,23,Male,0.72,56.48,0.77,5,23,2,65.92,C,0,Okay course,Neutral
1146,Ravi Gupta,28,Male,1,18.42,0.6,6,27,6,62.45,C,0,Normal learning experience,Neutral
1147,Suresh Nair,20,Female,0.73,47.64,0.8,4,13,9,56.04,C,0,Can be improved,Neutral
1148,Anjali Singh,19,Female,0.56,65.91,0.89,6,18,5,61.66,C,0,Normal learning experience,Neutral
1149,Ravi Verma,18,Female,0.38,43.91,0.52,3,3,8,40.86,D,0,Too difficult to follow,Negative
1150,Sneha Kumar,27,Female,0.6,35.36,0.84,6,33,8,60.38,C,0,Average experience,Neutral
1151,Ravi Kumar,18,Female,1,68.97,0.99,8,4,3,81.67,B,0,Helped me improve a lot,Positive
1152,Karthik Reddy,22,Male,1,53.96,0.9,7,41,2,81.74,B,0,Loved the teaching style,Positive
1153,Anjali Reddy,27,Male,0.76,32.16,0.57,5,46,8,62.26,C,0,Average experience,Neutral
1154,Vijay Nair,19,Female,0.9,22.77,0.72,5,34,9,64.62,C,0,Average experience,Neutral
1155,Anjali Verma,24,Female,0.9,67.21,0.42,3,40,0,47.78,D,0,Waste of time,Negative
1156,Priya Patel,23,Female,0.45,19.91,0.73,5,28,0,48.35,D,1,Waste of time,Negative
1157,Vijay Iyer,21,Male,0.85,47.92,0.32,6,5,0,51.04,D,0,Waste of time,Negative
1158,Ravi Reddy,19,Female,0.91,26.53,0.55,9,16,9,59,C,0,Normal learning experience,Neutral
1159,Vijay Kumar,27,Female,0.83,28.49,0.64,8,15,7,58.62,C,0,Normal learning experience,Neutral
1160,Sneha Kumar,27,Male,0.51,54.94,0.56,8,34,0,58.51,C,0,Nothing special,Neutral
1161,Rahul Sharma,28,Male,0.72,48.99,0.46,3,24,1,57.04,C,0,Can be improved,Neutral
1162,Rahul Nair,30,Male,0.79,43.74,0.76,6,25,2,68.72,C,0,Nothing special,Neutral
1163,Meena Gupta,27,Male,0.52,24.48,0.82,8,33,6,61.62,C,0,Normal learning experience,Neutral
1164,Karthik Singh,24,Male,0.6,21.65,0.76,5,14,5,46.94,D,0,Poor explanations,Negative
1165,Anjali Patel,22,Male,0.81,10.68,0.56,7,4,3,49.4,D,0,Waste of time,Negative
1166,Meena Das,19,Female,0.99,20.95,0.63,9,4,2,71.1,B,0,Loved the teaching style,Positive
1167,Sneha Sharma,26,Female,0.84,19.45,0.91,3,39,6,65.9,C,0,Normal learning experience,Neutral
1168,Arun Gupta,27,Male,1,47.37,0.46,3,6,3,64.6,C,0,Average experience,Neutral
1169,Divya Nair,21,Male,0.6,35.41,0.73,3,35,9,53.46,D,0,Not useful at all,Negative
1170,Kavya Das,25,Male,0.21,45.09,0.63,7,23,8,45.44,D,0,Poor explanations,Negative
1171,Vijay Gupta,18,Male,0.86,48.45,0.84,7,9,3,71,B,0,Very engaging and informative,Positive
1172,Rahul Gupta,21,Female,0.66,43.03,0.82,6,34,7,62.5,C,0,Average experience,Neutral
1173,Divya Patel,28,Female,0.55,49.93,0.7,8,21,4,57.68,C,0,Normal learning experience,Neutral
1174,Sneha Kumar,22,Female,0.65,24.65,0.76,4,17,9,41.26,D,0,Very confusing content,Negative
1175,Sneha Iyer,26,Female,0.77,34.46,0.38,9,24,9,51.1,D,0,Not useful at all,Negative
1176,Priya Kumar,24,Male,0.75,57.35,0.78,3,45,4,65.63,C,0,Okay course,Neutral
1177,Arun Singh,26,Female,0.73,56.68,0.84,8,44,9,82.25,B,0,Helped me improve a lot,Positive
1178,Rahul Nair,23,Female,0.71,62.07,0.7,4,20,8,66.25,C,0,Okay course,Neutral
1179,Vijay Patel,19,Male,0.51,44.02,0.8,6,8,9,55.35,C,0,Okay course,Neutral
1180,Suresh Sharma,19,Female,0.47,43.31,0.47,7,28,5,44.64,D,0,Not useful at all,Negative
1181,Anjali Verma,21,Male,0.67,55.26,0.9,3,27,0,73.18,B,0,Great course and very helpful,Positive
1182,Arun Sharma,28,Female,0.57,44.04,0.66,8,14,1,50.62,D,0,Not useful at all,Negative
1183,Anjali Singh,26,Female,0.38,59.92,0.6,5,38,7,50.94,D,0,Not useful at all,Negative
1184,Vijay Sharma,27,Male,0.49,22.63,0.56,3,29,5,45.52,D,0,Very confusing content,Negative
1185,Sneha Singh,28,Male,0.59,42.82,0.54,5,18,3,52.08,D,0,Very confusing content,Negative
1186,Divya Reddy,18,Male,0.38,55.27,0.87,7,41,6,60.67,C,0,Average experience,Neutral
1187,Karthik Sharma,30,Female,0.97,75.48,0.41,9,36,4,71.57,B,0,Loved the teaching style,Positive
1188,Arun Kumar,29,Male,0.32,44.76,0.63,5,15,8,49.02,D,0,Too difficult to follow,Negative
1189,Ravi Verma,30,Female,0.8,22.97,0.54,9,5,9,51.06,D,0,Very confusing content,Negative
1190,Sneha Sharma,18,Male,0.61,34.73,0.64,5,7,8,49.15,D,0,Not useful at all,Negative
1191,Vijay Gupta,30,Female,0.69,16.07,0.71,9,14,4,56.43,C,0,Okay course,Neutral
1192,Divya Kumar,23,Female,0.76,30.21,0.81,3,45,7,57.45,C,0,Can be improved,Neutral
1193,Arun Das,27,Male,0.54,28.13,0.81,3,12,8,50.01,D,0,Not useful at all,Negative
1194,Kavya Das,26,Male,0.79,45.73,0.79,7,22,7,65.97,C,0,Can be improved,Neutral
1195,Arun Singh,30,Male,0.92,30.55,0.87,5,5,6,52.27,D,0,Very confusing content,Negative
1196,Rahul Sharma,24,Female,0.61,26.14,0.45,5,28,9,46.55,D,0,Waste of time,Negative
1197,Sneha Patel,29,Female,1,41.81,0.63,7,12,8,61.21,C,0,Average experience,Neutral
1198,Vijay Verma,28,Male,0.4,28.48,0.72,7,28,0,52.23,D,0,Too difficult to follow,Negative
1199,Suresh Singh,29,Female,0.5,43.16,0.55,9,30,5,46.25,D,0,Poor explanations,Negative
1200,Vijay Sharma,26,Female,0.79,48.31,0.9,3,21,7,70.94,B,0,Excellent platform for learning,Positive
1201,Vijay Iyer,23,Female,0.58,31.18,0.96,4,38,4,68.72,C,0,Nothing special,Neutral
1202,Karthik Kumar,20,Male,0.7,23.43,0.36,9,4,2,45.68,D,0,Too difficult to follow,Negative
1203,Divya Gupta,22,Female,1,39.19,0.55,4,47,7,69.28,C,0,Average experience,Neutral
1204,Priya Singh,21,Female,1,35.64,0.91,9,14,4,83.37,B,0,Helped me improve a lot,Positive
1205,Arun Singh,22,Female,0.46,14.51,0.47,6,13,3,40.66,D,1,Waste of time,Negative
1206,Ravi Patel,21,Male,0.96,47.95,0.36,6,14,6,62.9,C,0,Nothing special,Neutral
1207,Anjali Patel,19,Male,0.59,36.65,0.49,8,41,9,64.85,C,0,Okay course,Neutral
1208,Ravi Sharma,21,Male,1,47.26,0.62,9,8,4,70.55,B,0,Helped me improve a lot,Positive
1209,Priya Sharma,25,Female,0.96,49.73,0.61,6,4,4,62.73,C,0,Average experience,Neutral
1210,Meena Patel,20,Female,0.41,34.1,0.39,6,1,2,29.56,Fail,0,Poor explanations,Negative
1211,Karthik Reddy,20,Female,0.99,20.86,0.51,4,18,2,53.28,D,0,Very confusing content,Negative
1212,Sneha Patel,19,Female,0.7,45.49,0.31,9,33,8,43.07,D,0,Too difficult to follow,Negative
1213,Ravi Gupta,22,Male,0.79,61.27,0.54,8,3,7,58.56,C,0,Average experience,Neutral
1214,Priya Reddy,20,Male,0.8,46.1,1,3,16,5,81.79,B,0,Very engaging and informative,Positive
1215,Priya Verma,26,Female,1,39.71,0.72,3,21,8,67.1,C,0,Nothing special,Neutral
1216,Karthik Patel,29,Male,0.51,39.37,0.41,7,0,1,36.89,Fail,0,Waste of time,Negative
1217,Karthik Patel,23,Male,0.7,34.47,0.7,5,17,3,50.61,D,0,Not useful at all,Negative
1218,Ravi Reddy,29,Female,0.84,47.33,0.45,5,46,9,58.32,C,0,Nothing special,Neutral
1219,Priya Gupta,19,Male,0.43,29.53,0.81,4,26,9,55.07,C,0,Okay course,Neutral
1220,Rahul Verma,21,Female,0.69,58.46,0.51,3,48,1,55.76,C,0,Normal learning experience,Neutral
1221,Meena Singh,23,Male,0.84,36.87,0.36,7,10,2,60.46,C,0,Can be improved,Neutral
1222,Ravi Kumar,20,Female,0.75,48.58,0.67,6,25,9,58.45,C,0,Normal learning experience,Neutral
1223,Ravi Singh,30,Male,0.72,55.02,0.61,6,7,9,57.86,C,0,Nothing special,Neutral
1224,Arun Reddy,25,Male,0.73,40.45,1,5,6,6,70.2,B,0,Great course and very helpful,Positive
1225,Rahul Iyer,21,Male,0.58,33.65,0.76,7,22,3,67.46,C,0,Average experience,Neutral
1226,Sneha Gupta,21,Male,0.7,53.97,0.55,8,21,6,69.13,C,0,Okay course,Neutral
1227,Anjali Kumar,30,Male,0.62,31.52,1,6,1,9,56.85,C,0,Can be improved,Neutral
1228,Anjali Kumar,20,Female,0.53,4.99,0.95,8,32,5,52.44,D,0,Waste of time,Negative
1229,Kavya Sharma,23,Male,0.83,43.48,0.78,5,39,4,73.98,B,0,Very engaging and informative,Positive
1230,Karthik Iyer,25,Male,0.63,53.48,0.53,4,18,7,62.33,C,0,Nothing special,Neutral
1231,Karthik Reddy,28,Female,0.84,36.01,0.81,4,30,0,71.44,B,0,Loved the teaching style,Positive
1232,Arun Gupta,27,Female,1,56.84,0.83,5,12,7,67.95,C,0,Normal learning experience,Neutral
1233,Meena Patel,30,Female,0.76,60.97,0.14,5,7,4,40.43,D,0,Too difficult to follow,Negative
1234,Rahul Das,23,Female,0.59,32.51,0.51,7,11,8,44.84,D,0,Too difficult to follow,Negative
1235,Kavya Iyer,25,Male,0.5,46.75,0.56,5,9,2,45.26,D,0,Too difficult to follow,Negative
1236,Priya Das,30,Male,0.61,23.12,0.69,9,29,4,51.05,D,0,Too difficult to follow,Negative
1237,Sneha Gupta,19,Female,0.63,51.45,0.81,7,0,4,53.03,D,0,Too difficult to follow,Negative
1238,Divya Kumar,19,Female,0.7,25.3,0.59,9,21,6,53.41,D,0,Not useful at all,Negative
1239,Ravi Reddy,24,Male,0.55,59.06,0.63,8,43,9,60.92,C,0,Nothing special,Neutral
1240,Priya Gupta,28,Male,0.64,54.86,0.65,9,7,6,54.03,D,0,Too difficult to follow,Negative
1241,Rahul Das,30,Female,1,39.53,0.75,7,15,0,67.25,C,0,Can be improved,Neutral
1242,Priya Nair,19,Male,1,42.53,0.42,4,19,1,53.31,D,0,Too difficult to follow,Negative
1243,Vijay Singh,23,Male,0.74,23.88,0.54,6,38,1,61.04,C,0,Normal learning experience,Neutral
1244,Divya Iyer,26,Female,1,44.93,0.52,3,39,1,61.81,C,0,Can be improved,Neutral
1245,Kavya Iyer,29,Female,0.7,35.23,0.92,8,43,0,70.68,B,0,Helped me improve a lot,Positive
1246,Kavya Kumar,22,Male,0.65,36.24,0.54,5,38,7,60.99,C,0,Nothing special,Neutral
1247,Karthik Gupta,27,Female,0.95,20.03,0.5,3,11,7,44.68,D,0,Too difficult to follow,Negative
1248,Vijay Iyer,29,Female,0.77,67.09,1,8,48,8,84.6,B,0,Loved the teaching style,Positive
1249,Divya Kumar,18,Male,0.97,43.48,0.8,6,17,4,69.49,C,0,Nothing special,Neutral
1250,Rahul Das,20,Male,0.79,48.06,0.58,7,48,5,66.92,C,0,Can be improved,Neutral
1251,Rahul Verma,26,Female,0.52,39.84,0.68,9,36,2,64.18,C,0,Nothing special,Neutral
1252,Vijay Singh,29,Female,0.58,43.53,0.39,4,39,5,48.23,D,0,Waste of time,Negative
1253,Priya Nair,26,Male,0.86,52.07,0.61,6,28,6,68.59,C,0,Nothing special,Neutral
1254,Priya Verma,18,Male,1,53.15,0.65,9,10,9,70.22,B,0,Very engaging and informative,Positive
1255,Suresh Sharma,23,Female,0.52,17.69,0.78,4,24,0,44.45,D,0,Not useful at all,Negative
1256,Karthik Nair,19,Male,0.77,52.72,0.68,6,3,1,57.27,C,0,Average experience,Neutral
1257,Suresh Gupta,25,Male,0.81,35.56,0.86,9,40,7,66.17,C,0,Average experience,Neutral
1258,Karthik Verma,24,Male,0.6,42.08,0.67,7,3,3,56.75,C,0,Normal learning experience,Neutral
1259,Kavya Nair,24,Female,0.85,7.02,0.78,6,40,5,68.12,C,0,Can be improved,Neutral
1260,Rahul Gupta,20,Male,0.84,44.88,1,6,48,2,66.15,C,0,Can be improved,Neutral
1261,Meena Nair,18,Male,0.84,54.86,1,4,22,5,74.66,B,0,Very engaging and informative,Positive
1262,Anjali Singh,19,Male,0.67,54.83,0.66,9,33,5,61.83,C,0,Average experience,Neutral
1263,Meena Kumar,22,Female,0.96,64.03,0.56,7,7,7,68.02,C,0,Nothing special,Neutral
1264,Arun Reddy,28,Male,1,29.71,0.9,7,21,4,71.22,B,0,Great course and very helpful,Positive
1265,Vijay Iyer,18,Female,0.42,48.34,0.32,6,33,9,48.32,D,0,Poor explanations,Negative
1266,Suresh Iyer,28,Male,0.46,44.66,0.93,9,30,8,62.45,C,0,Can be improved,Neutral
1267,Kavya Singh,26,Female,0.83,41.97,0.83,3,47,5,73.59,B,0,Loved the teaching style,Positive
1268,Arun Nair,29,Male,1,7.22,0.89,8,29,3,79.95,B,0,Great course and very helpful,Positive
1269,Meena Kumar,27,Female,0.85,26.71,0.97,6,44,8,80.04,B,0,Loved the teaching style,Positive
1270,Priya Das,23,Female,1,60.95,0.65,6,30,2,73.83,B,0,Loved the teaching style,Positive
1271,Sneha Verma,27,Female,0.45,48.02,0.58,9,27,4,49.36,D,0,Not useful at all,Negative
1272,Priya Sharma,24,Female,0.76,52.98,0.6,4,5,0,64.78,C,0,Average experience,Neutral
1273,Kavya Kumar,27,Female,0.27,51.79,1,3,12,5,51.19,D,0,Waste of time,Negative
1274,Kavya Das,28,Female,0.77,35.53,0.83,9,3,3,62.77,C,0,Okay course,Neutral
1275,Vijay Reddy,24,Male,1,40.52,0.52,9,49,3,70.91,B,0,Loved the teaching style,Positive
1276,Rahul Gupta,29,Female,0.57,60.94,0.67,7,49,5,72.42,B,0,Great course and very helpful,Positive
1277,Rahul Singh,19,Male,0.84,50.44,0.61,7,21,1,62.9,C,0,Normal learning experience,Neutral
1278,Sneha Reddy,24,Female,0.69,15.21,0.68,8,27,3,55.62,C,0,Can be improved,Neutral
1279,Meena Verma,28,Female,0.61,34.97,0.51,8,22,6,46.16,D,0,Waste of time,Negative
1280,Anjali Singh,24,Male,0.88,41.72,0.82,9,5,1,73.19,B,0,Loved the teaching style,Positive
1281,Ravi Kumar,24,Female,0.81,37.59,0.89,3,26,4,64.89,C,0,Okay course,Neutral
1282,Suresh Sharma,22,Male,0.81,28.76,0.8,6,22,0,68.39,C,0,Average experience,Neutral
1283,Vijay Nair,19,Female,0.63,23.48,0.29,3,46,9,42.68,D,0,Waste of time,Negative
1284,Anjali Nair,24,Male,0.9,61.08,0.77,5,20,7,73.35,B,0,Loved the teaching style,Positive
1285,Rahul Iyer,21,Male,0.6,38.26,1,9,20,8,68.08,C,0,Nothing special,Neutral
1286,Meena Iyer,26,Male,0.92,38.46,0.72,4,5,2,68.68,C,0,Can be improved,Neutral
1287,Kavya Kumar,29,Female,0.71,36.37,0.82,7,0,5,59.18,C,0,Okay course,Neutral
1288,Priya Reddy,25,Female,0.9,26.03,0.71,9,46,2,75.14,B,0,Very engaging and informative,Positive
1289,Meena Iyer,26,Female,0.77,33.39,0.29,5,7,6,51.38,D,0,Not useful at all,Negative
1290,Ravi Nair,28,Female,1,33.61,0.65,7,10,9,69.54,C,0,Okay course,Neutral
1291,Meena Nair,28,Female,1,51.53,1,8,9,0,81.88,B,0,Great course and very helpful,Positive
1292,Divya Singh,29,Male,0.73,61.58,0.59,6,9,9,65.64,C,0,Average experience,Neutral
1293,Vijay Iyer,20,Female,0.67,41.27,0.79,9,40,4,63.64,C,0,Okay course,Neutral
1294,Arun Kumar,18,Female,0.97,5.88,0.66,4,19,0,73.46,B,0,Helped me improve a lot,Positive
1295,Anjali Verma,21,Female,0.47,55.49,0.47,3,48,4,54.97,D,0,Waste of time,Negative
1296,Divya Sharma,28,Female,0.56,42.08,0.66,3,34,9,57.36,C,0,Can be improved,Neutral
1297,Arun Das,20,Male,0.7,44.16,0.51,9,45,4,58.15,C,0,Normal learning experience,Neutral
1298,Karthik Gupta,28,Male,1,64.72,1,7,47,2,95.08,A,0,Excellent platform for learning,Positive
1299,Priya Sharma,22,Male,0.37,17.93,0.77,4,8,7,39.7,Fail,1,Poor explanations,Negative
1300,Vijay Iyer,18,Female,0.89,67.3,0.68,8,47,2,81.2,B,0,Excellent platform for learning,Positive
1301,Rahul Gupta,25,Female,0.52,35.15,0.79,5,11,5,54.56,D,0,Very confusing content,Negative
1302,Vijay Kumar,28,Male,0.72,30.15,0.87,8,44,9,70.92,B,0,Helped me improve a lot,Positive
1303,Suresh Iyer,23,Male,0.92,76.39,0.8,5,42,5,78.87,B,0,Very engaging and informative,Positive
1304,Anjali Sharma,25,Female,0.42,34.82,0.55,5,41,7,52.87,D,0,Too difficult to follow,Negative
1305,Rahul Das,21,Male,0.73,39.66,0.7,7,43,1,61.69,C,0,Can be improved,Neutral
1306,Karthik Reddy,30,Female,0.97,56.09,0.69,4,30,4,80.48,B,0,Loved the teaching style,Positive
1307,Arun Das,26,Male,0.62,25.33,0.72,9,46,2,61.37,C,0,Okay course,Neutral
1308,Karthik Singh,26,Female,0.61,59.08,0.87,5,2,9,57.88,C,0,Nothing special,Neutral
1309,Priya Nair,27,Male,0.98,47.4,0.69,7,4,9,66.91,C,0,Average experience,Neutral
1310,Ravi Iyer,21,Male,0.55,23.25,1,9,13,4,64.14,C,0,Average experience,Neutral
1311,Vijay Reddy,18,Male,0.48,53.04,0.96,8,47,9,71.48,B,0,Great course and very helpful,Positive
1312,Meena Iyer,27,Female,0.84,55.17,0.56,9,35,1,80.68,B,0,Loved the teaching style,Positive
1313,Divya Das,22,Male,1,50.87,1,9,4,5,86.95,A,0,Loved the teaching style,Positive
1314,Priya Nair,26,Male,0.7,33.04,0.94,7,31,9,68.92,C,0,Can be improved,Neutral
1315,Karthik Iyer,29,Male,0.96,39.73,0.4,7,37,0,59.8,C,0,Average experience,Neutral
1316,Sneha Patel,27,Male,0.92,9.05,0.99,5,17,5,61.16,C,0,Average experience,Neutral
1317,Arun Verma,28,Female,0.81,39.99,0.54,8,6,1,57.35,C,0,Normal learning experience,Neutral
1318,Sneha Iyer,30,Male,0.96,31.67,0.91,5,26,8,76.46,B,0,Helped me improve a lot,Positive
1319,Vijay Reddy,25,Male,1,27.6,0.77,8,45,3,69.59,C,0,Average experience,Neutral
1320,Meena Patel,24,Male,0.89,45.23,0.24,5,26,3,50.38,D,0,Waste of time,Negative
1321,Priya Patel,22,Male,0.68,51.5,0.4,5,25,7,44.3,D,0,Very confusing content,Negative
1322,Priya Nair,28,Female,0.7,44.71,0.64,4,48,9,64.31,C,0,Okay course,Neutral
1323,Meena Sharma,18,Male,1,41.17,0.44,6,18,1,59.31,C,0,Normal learning experience,Neutral
1324,Vijay Das,29,Male,1,42.14,0.78,9,39,9,85.46,A,0,Helped me improve a lot,Positive
1325,Ravi Kumar,28,Female,0.73,37.24,0.55,4,44,3,66.98,C,0,Average experience,Neutral
1326,Karthik Singh,24,Male,0.65,41.92,0.73,7,9,1,59.6,C,0,Normal learning experience,Neutral
1327,Suresh Iyer,28,Female,0.88,41.04,0.55,3,26,5,66.48,C,0,Nothing special,Neutral
1328,Priya Das,25,Male,0.57,-5.47,0.8,3,30,9,40.17,D,0,Poor explanations,Negative
1329,Kavya Das,30,Female,0.7,38.21,0.54,8,19,0,57.56,C,0,Okay course,Neutral
1330,Arun Reddy,27,Male,0.72,34.71,0.76,4,15,5,62.25,C,0,Average experience,Neutral
1331,Ravi Kumar,22,Male,0.85,20.74,0.9,6,33,4,79.53,B,0,Very engaging and informative,Positive
1332,Karthik Kumar,28,Female,0.66,47.13,0.49,3,47,5,61.43,C,0,Average experience,Neutral
1333,Ravi Nair,29,Female,0.57,51.39,0.58,6,12,8,46.44,D,0,Poor explanations,Negative
1334,Rahul Kumar,27,Female,0.53,42.77,0.78,8,21,7,57.72,C,0,Okay course,Neutral
1335,Ravi Sharma,28,Female,0.67,49.32,0.89,3,32,1,64.53,C,0,Can be improved,Neutral
1336,Anjali Reddy,26,Female,0.73,65.95,0.25,8,36,7,58.77,C,0,Average experience,Neutral
1337,Vijay Nair,18,Male,0.92,14.88,0.46,3,8,1,57.24,C,0,Normal learning experience,Neutral
1338,Sneha Nair,28,Male,0.92,17.32,0.7,9,4,5,50.48,D,0,Too difficult to follow,Negative
1339,Vijay Das,24,Female,0.8,58.23,0.43,5,38,5,63.12,C,0,Nothing special,Neutral
1340,Anjali Iyer,27,Male,0.77,17.6,0.78,6,16,4,67.48,C,0,Can be improved,Neutral
1341,Priya Kumar,26,Male,0.62,41.97,0.88,7,10,3,59.64,C,0,Normal learning experience,Neutral
1342,Rahul Reddy,21,Male,1,36.29,0.22,4,12,6,53.61,D,0,Not useful at all,Negative
1343,Kavya Verma,27,Female,0.64,52.16,0.59,6,27,1,47.85,D,0,Waste of time,Negative
1344,Suresh Sharma,27,Male,0.95,33.95,0.4,3,13,8,42.64,D,0,Poor explanations,Negative
1345,Arun Sharma,29,Male,0.77,33.4,0.59,9,27,1,56.5,C,0,Nothing special,Neutral
1346,Ravi Gupta,18,Female,0.73,32.49,0.44,6,39,2,44.35,D,0,Too difficult to follow,Negative
1347,Arun Singh,20,Male,0.91,60.24,0.91,4,19,9,76.8,B,0,Loved the teaching style,Positive
1348,Suresh Singh,25,Female,0.9,65.2,0.77,8,26,9,85.93,A,0,Very engaging and informative,Positive
1349,Anjali Kumar,25,Male,0.92,43.96,0.96,4,0,6,69.11,C,0,Okay course,Neutral
1350,Vijay Das,18,Female,0.44,23.07,0.89,4,34,9,59.68,C,0,Nothing special,Neutral
1351,Vijay Nair,19,Male,0.73,48.18,0.65,6,23,5,55.94,C,0,Nothing special,Neutral
1352,Ravi Kumar,20,Male,1,36.1,0.57,8,47,1,81.59,B,0,Excellent platform for learning,Positive
1353,Arun Das,27,Female,0.45,30.28,0.69,8,9,7,38.27,Fail,0,Waste of time,Negative
1354,Suresh Patel,25,Male,1,41.54,0.69,3,4,1,55.02,C,0,Nothing special,Neutral
1355,Kavya Das,23,Female,0.76,39.51,0.22,9,42,0,50.64,D,0,Waste of time,Negative
1356,Suresh Patel,27,Male,0.84,51.76,0.54,9,20,2,62.18,C,0,Can be improved,Neutral
1357,Kavya Patel,29,Male,1,30.09,0.39,8,47,5,59.86,C,0,Normal learning experience,Neutral
1358,Arun Reddy,21,Female,0.52,55.52,0.65,7,2,5,55.77,C,0,Nothing special,Neutral
1359,Anjali Iyer,23,Female,0.74,34.89,0.7,3,39,9,58.89,C,0,Okay course,Neutral
1360,Kavya Reddy,22,Male,0.75,26.36,0.64,5,48,6,55.73,C,0,Okay course,Neutral
1361,Kavya Singh,25,Female,0.82,10.52,0.82,4,14,4,58.18,C,0,Can be improved,Neutral
1362,Rahul Singh,27,Female,0.71,50.24,0.67,3,9,3,57.62,C,0,Okay course,Neutral
1363,Priya Verma,18,Female,0.96,27.2,0.89,5,5,2,70.46,B,0,Helped me improve a lot,Positive
1364,Suresh Nair,19,Male,0.53,34.58,0.99,9,43,6,60.97,C,0,Normal learning experience,Neutral
1365,Ravi Kumar,26,Female,0.34,35.9,0.63,8,19,2,49.02,D,0,Waste of time,Negative
1366,Arun Kumar,26,Male,0.4,33.9,0.53,4,23,0,35.72,Fail,0,Poor explanations,Negative
1367,Sneha Reddy,28,Male,0.81,28.57,0.92,4,2,2,58.3,C,0,Average experience,Neutral
1368,Priya Reddy,29,Female,0.9,27.41,0.97,3,6,4,66.49,C,0,Nothing special,Neutral
1369,Kavya Gupta,26,Male,1,41.15,0.7,8,11,0,73.84,B,0,Loved the teaching style,Positive
1370,Anjali Patel,23,Male,0.75,56.83,0.63,3,37,7,60.8,C,0,Can be improved,Neutral
1371,Sneha Reddy,30,Male,0.74,22.39,0.74,6,13,9,54.23,D,0,Too difficult to follow,Negative
1372,Ravi Reddy,24,Female,0.95,53.53,0.6,8,15,3,70.92,B,0,Great course and very helpful,Positive
1373,Priya Nair,18,Female,0.83,31.05,1,8,18,1,71.91,B,0,Loved the teaching style,Positive
1374,Sneha Gupta,27,Female,0.77,66.65,0.42,9,7,5,67.52,C,0,Okay course,Neutral
1375,Kavya Verma,20,Male,0.52,53.31,0.9,9,12,8,67.92,C,0,Nothing special,Neutral
1376,Rahul Reddy,19,Male,0.71,48.19,0.7,6,2,3,53.45,D,0,Waste of time,Negative
1377,Karthik Kumar,23,Female,0.86,42.6,0.95,5,10,7,74.08,B,0,Very engaging and informative,Positive
1378,Vijay Nair,20,Female,1,50.01,0.56,3,18,6,69.29,C,0,Average experience,Neutral
1379,Suresh Sharma,27,Male,1,9.07,0.39,6,8,9,57.73,C,0,Nothing special,Neutral
1380,Arun Iyer,29,Male,0.63,38.58,0.75,7,26,7,57.83,C,0,Average experience,Neutral
1381,Sneha Kumar,21,Male,0.67,40.03,0.72,4,31,8,51.55,D,0,Poor explanations,Negative
1382,Divya Verma,30,Female,1,47.8,0.74,9,34,3,80.64,B,0,Loved the teaching style,Positive
1383,Suresh Reddy,19,Female,0.9,29.23,0.69,3,3,8,59.51,C,0,Can be improved,Neutral
1384,Ravi Verma,27,Male,0.89,52.39,0.5,8,17,7,64.01,C,0,Average experience,Neutral
1385,Sneha Kumar,24,Female,0.7,32.78,0.77,3,2,9,56.38,C,0,Okay course,Neutral
1386,Sneha Iyer,28,Male,0.47,20.53,0.96,8,15,2,61.57,C,0,Average experience,Neutral
1387,Anjali Das,20,Male,0.37,60.81,0.87,7,41,5,59.76,C,0,Okay course,Neutral
1388,Priya Verma,25,Female,0.69,46.66,0.86,5,14,9,66.64,C,0,Normal learning experience,Neutral
1389,Anjali Verma,28,Male,0.99,34.86,0.91,7,16,8,77.43,B,0,Excellent platform for learning,Positive
1390,Divya Verma,25,Female,0.99,13.67,1,8,25,4,75.72,B,0,Loved the teaching style,Positive
1391,Vijay Das,20,Female,0.89,47.52,0.28,9,5,4,53.54,D,0,Poor explanations,Negative
1392,Sneha Das,21,Female,0.76,57.9,0.43,7,12,7,55.08,C,0,Nothing special,Neutral
1393,Karthik Kumar,18,Male,0.61,49.61,0.83,8,1,6,69.65,C,0,Normal learning experience,Neutral
1394,Suresh Reddy,26,Female,0.72,31.67,0.79,3,39,1,71.05,B,0,Great course and very helpful,Positive
1395,Vijay Kumar,19,Female,0.85,41.02,0.84,7,25,3,66.23,C,0,Can be improved,Neutral
1396,Ravi Reddy,20,Female,0.79,20.49,0.57,4,26,1,51.09,D,0,Waste of time,Negative
1397,Karthik Verma,27,Male,0.65,44.26,0.89,6,40,3,74.88,B,0,Great course and very helpful,Positive
1398,Divya Kumar,18,Female,0.6,2.42,0.84,8,2,9,51.35,D,0,Too difficult to follow,Negative
1399,Rahul Gupta,21,Female,0.8,51.06,0.33,9,16,5,62.02,C,0,Nothing special,Neutral
1400,Anjali Kumar,21,Male,0.71,64.41,0.61,6,16,1,58.27,C,0,Can be improved,Neutral
1401,Ravi Das,28,Male,0.83,11.97,0.7,3,26,2,54.48,D,0,Poor explanations,Negative
1402,Kavya Kumar,19,Male,1,54.85,0.91,6,43,0,86.43,A,0,Excellent platform for learning,Positive
1403,Rahul Sharma,18,Female,0.71,35.2,0.69,7,15,6,54.13,D,0,Too difficult to follow,Negative
1404,Rahul Singh,29,Female,0.86,54.49,0.67,6,33,1,65.15,C,0,Can be improved,Neutral
1405,Sneha Kumar,23,Male,0.87,-2.58,0.49,6,41,7,62.36,C,0,Average experience,Neutral
1406,Ravi Verma,19,Male,1,28.11,0.85,6,18,1,76.59,B,0,Helped me improve a lot,Positive
1407,Arun Patel,22,Female,0.63,80.7,0.6,6,44,1,82.77,B,0,Loved the teaching style,Positive
1408,Divya Gupta,29,Female,0.81,33.03,0.68,6,33,2,60.46,C,0,Normal learning experience,Neutral
1409,Divya Singh,29,Female,0.45,16.66,0.51,6,38,5,47.18,D,1,Poor explanations,Negative
1410,Rahul Gupta,19,Male,0.37,49.44,0.66,8,16,9,58.59,C,0,Okay course,Neutral
1411,Arun Das,19,Female,0.93,39.5,0.65,3,49,8,69.25,C,0,Nothing special,Neutral
1412,Kavya Iyer,18,Female,0.48,32.71,0.4,7,47,2,43.72,D,0,Very confusing content,Negative
1413,Anjali Reddy,23,Male,1,50.3,0.79,6,16,7,74.46,B,0,Loved the teaching style,Positive
1414,Kavya Iyer,23,Male,0.65,39.83,0.46,8,20,9,62.4,C,0,Nothing special,Neutral
1415,Priya Kumar,25,Male,0.61,47.02,0.96,3,48,1,74.96,B,0,Very engaging and informative,Positive
1416,Arun Gupta,19,Male,0.81,51.14,0.85,3,19,7,65.33,C,0,Average experience,Neutral
1417,Divya Singh,26,Male,0.8,40.13,0.59,8,7,2,70.49,B,0,Loved the teaching style,Positive
1418,Karthik Patel,21,Female,0.76,37.29,0.64,6,23,3,69.43,C,0,Average experience,Neutral
1419,Rahul Iyer,28,Male,0.21,22.32,0.73,3,4,8,44.12,D,0,Not useful at all,Negative
1420,Meena Das,24,Female,0.63,45.44,1,7,12,5,71.55,B,0,Very engaging and informative,Positive
1421,Karthik Das,27,Female,0.82,48.29,0.65,5,38,3,63.16,C,0,Nothing special,Neutral
1422,Rahul Gupta,23,Male,0.97,68.03,0.78,3,14,7,70.74,B,0,Loved the teaching style,Positive
1423,Sneha Das,28,Male,0.65,39.95,1,4,19,2,69.2,C,0,Nothing special,Neutral
1424,Ravi Singh,28,Female,0.81,28.3,0.49,6,8,3,45.63,D,0,Not useful at all,Negative
1425,Meena Iyer,20,Male,1,13.6,0.51,3,17,3,58.45,C,0,Average experience,Neutral
1426,Kavya Iyer,30,Female,0.7,77,0.43,6,21,3,57.35,C,0,Can be improved,Neutral
1427,Divya Patel,20,Female,1,47,0.58,7,18,6,78.31,B,0,Loved the teaching style,Positive
1428,Kavya Gupta,27,Female,0.76,36.29,0.86,8,31,4,64.15,C,0,Can be improved,Neutral
1429,Ravi Nair,19,Female,0.84,35.58,0.63,7,1,7,59.34,C,0,Average experience,Neutral
1430,Vijay Verma,28,Female,1,53.62,0.56,6,43,3,83.17,B,0,Helped me improve a lot,Positive
1431,Meena Verma,23,Male,0.97,46.39,0.61,9,25,5,71.62,B,0,Loved the teaching style,Positive
1432,Rahul Kumar,22,Female,0.62,37.12,0.73,7,17,6,59.05,C,0,Can be improved,Neutral
1433,Suresh Iyer,21,Female,0.59,25.79,0.41,5,16,8,41.15,D,0,Poor explanations,Negative
1434,Meena Sharma,20,Female,0.79,58.52,0.6,8,48,3,82.71,B,0,Great course and very helpful,Positive
1435,Priya Singh,28,Male,0.51,7.94,0.68,5,8,8,49.21,D,0,Too difficult to follow,Negative
1436,Kavya Verma,26,Male,0.23,27.51,0.73,9,10,7,50.93,D,0,Too difficult to follow,Negative
1437,Divya Nair,22,Female,0.39,9.75,0.9,3,6,5,33.1,Fail,1,Not useful at all,Negative
1438,Priya Reddy,21,Male,0.73,73.81,0.66,4,20,0,63.55,C,0,Can be improved,Neutral
1439,Rahul Nair,20,Female,0.94,51.84,0.57,5,42,2,65.53,C,0,Nothing special,Neutral
1440,Vijay Patel,24,Male,0.85,34.1,0.8,5,15,6,63.92,C,0,Can be improved,Neutral
1441,Meena Kumar,23,Female,0.72,66.36,0.94,9,7,6,73.56,B,0,Great course and very helpful,Positive
1442,Vijay Verma,26,Male,0.92,42.25,0.81,7,19,0,77.51,B,0,Great course and very helpful,Positive
1443,Priya Gupta,28,Female,0.54,55.41,0.51,7,44,7,54.42,D,0,Too difficult to follow,Negative
1444,Anjali Gupta,24,Male,0.76,34.56,0.89,7,0,3,66.79,C,0,Nothing special,Neutral
1445,Meena Kumar,28,Male,0.34,42.31,0.68,8,44,2,61.54,C,0,Normal learning experience,Neutral
1446,Kavya Iyer,30,Male,0.56,12.69,0.71,5,35,2,43.74,D,0,Waste of time,Negative
1447,Priya Iyer,30,Female,0.84,32.19,0.49,7,43,9,66.17,C,0,Can be improved,Neutral
1448,Sneha Das,23,Female,0.8,48.67,0.78,8,10,6,65.87,C,0,Nothing special,Neutral
1449,Rahul Singh,19,Male,0.8,31.45,0.93,3,10,5,69.31,C,0,Can be improved,Neutral
1450,Priya Reddy,26,Female,0.97,32.49,0.96,4,4,8,71.85,B,0,Loved the teaching style,Positive
1451,Priya Das,22,Female,0.74,52.28,0.92,3,27,9,70.73,B,0,Great course and very helpful,Positive
1452,Anjali Sharma,28,Female,0.75,41.35,0.86,3,24,7,70.31,B,0,Great course and very helpful,Positive
1453,Vijay Iyer,20,Female,0.57,37.6,0.5,5,30,5,52.31,D,0,Not useful at all,Negative
1454,Vijay Nair,21,Male,0.79,54.6,0.92,9,35,0,75.77,B,0,Excellent platform for learning,Positive
1455,Arun Das,21,Male,0.67,38.02,0.66,8,1,8,56.58,C,0,Average experience,Neutral
1456,Rahul Das,29,Male,0.71,44.22,0.65,6,17,8,61.97,C,0,Average experience,Neutral
1457,Anjali Gupta,30,Male,0.87,37.73,1,7,32,6,66.61,C,0,Average experience,Neutral
1458,Anjali Gupta,26,Female,1,34.84,0.6,8,38,9,62.81,C,0,Average experience,Neutral
1459,Vijay Iyer,27,Male,0.46,33.02,0.92,8,12,7,58.28,C,0,Can be improved,Neutral
1460,Sneha Singh,29,Male,0.7,38.64,0.56,4,29,8,47.41,D,0,Very confusing content,Negative
1461,Ravi Singh,28,Female,0.84,28.57,0.67,8,25,7,68.4,C,0,Can be improved,Neutral
1462,Karthik Reddy,21,Male,0.4,84.89,1,5,13,7,70.19,B,0,Helped me improve a lot,Positive
1463,Sneha Sharma,19,Female,0.36,35.21,1,8,37,3,69.3,C,0,Normal learning experience,Neutral
1464,Karthik Sharma,27,Male,0.87,62.36,0.39,4,27,3,54.33,D,0,Not useful at all,Negative
1465,Arun Nair,20,Male,1,62.92,0.85,3,14,2,72.62,B,0,Loved the teaching style,Positive
1466,Rahul Kumar,25,Female,1,58.08,0.78,8,40,4,85.6,A,0,Loved the teaching style,Positive
1467,Sneha Reddy,25,Male,0.66,27.84,0.39,9,8,4,49.77,D,0,Not useful at all,Negative
1468,Suresh Kumar,29,Male,0.88,71.16,1,3,37,8,81.43,B,0,Very engaging and informative,Positive
1469,Kavya Iyer,28,Male,0.67,33.3,0.82,4,39,8,55.36,C,0,Can be improved,Neutral
1470,Anjali Gupta,21,Female,0.87,49.62,0.54,6,35,1,60.33,C,0,Okay course,Neutral
1471,Sneha Das,26,Female,0.54,34.49,0.81,9,37,2,74.51,B,0,Very engaging and informative,Positive
1472,Suresh Kumar,25,Female,0.42,54.5,0.81,6,42,6,64.45,C,0,Okay course,Neutral
1473,Meena Reddy,26,Female,0.66,72.79,0.65,5,38,9,70.13,B,0,Very engaging and informative,Positive
1474,Arun Das,22,Female,0.34,31.32,0.91,8,33,7,62.31,C,0,Can be improved,Neutral
1475,Arun Gupta,28,Female,0.93,25.19,1,3,14,8,63.91,C,0,Average experience,Neutral
1476,Anjali Reddy,27,Male,0.88,34.59,0.46,8,12,5,52.57,D,0,Poor explanations,Negative
1477,Suresh Singh,22,Female,0.72,39.39,0.84,8,36,8,86.87,A,0,Helped me improve a lot,Positive
1478,Anjali Kumar,30,Male,0.75,34.53,0.77,3,31,6,62.44,C,0,Okay course,Neutral
1479,Vijay Nair,23,Male,0.73,30.61,0.91,3,18,2,63.85,C,0,Nothing special,Neutral
1480,Vijay Sharma,27,Male,0.93,38.78,0.7,6,18,0,55.96,C,0,Can be improved,Neutral
1481,Priya Iyer,18,Male,0.96,51.22,0.73,4,17,9,71.28,B,0,Loved the teaching style,Positive
1482,Priya Patel,25,Male,1,51.23,0.72,4,44,5,64.99,C,0,Average experience,Neutral
1483,Priya Kumar,20,Female,0.58,57.03,0.64,3,45,6,66.88,C,0,Average experience,Neutral
1484,Divya Singh,25,Male,0.63,42.84,0.85,3,44,8,61.73,C,0,Okay course,Neutral
1485,Arun Patel,29,Male,0.62,56.67,0.82,8,27,9,58.5,C,0,Average experience,Neutral
1486,Ravi Nair,23,Male,0.78,49.27,0.72,5,2,4,59.59,C,0,Nothing special,Neutral
1487,Anjali Reddy,24,Male,0.97,43.5,0.38,8,20,0,57.08,C,0,Can be improved,Neutral
1488,Ravi Gupta,27,Male,1,45.31,0.6,4,2,4,56.91,C,0,Nothing special,Neutral
1489,Ravi Patel,25,Male,0.67,51.07,0.65,6,18,6,53.47,D,0,Very confusing content,Negative
1490,Ravi Kumar,29,Female,1,47.6,0.51,4,32,1,65.34,C,0,Can be improved,Neutral
1491,Meena Patel,18,Male,0.72,36.35,0.71,3,14,5,55.35,C,0,Nothing special,Neutral
1492,Karthik Nair,19,Male,1,58.35,0.6,6,20,7,73.72,B,0,Loved the teaching style,Positive
1493,Suresh Gupta,24,Male,0.68,58.22,0.7,3,44,4,66.14,C,0,Okay course,Neutral
1494,Arun Verma,23,Female,0.64,36.69,0.71,9,29,5,63.12,C,0,Okay course,Neutral
1495,Vijay Patel,30,Female,1,60.44,0.69,7,21,3,85.27,A,0,Excellent platform for learning,Positive
1496,Arun Das,30,Male,0.67,42.37,0.42,3,0,1,45.73,D,0,Waste of time,Negative
1497,Meena Das,28,Female,0.49,33.46,0.88,9,13,6,61.15,C,0,Nothing special,Neutral
1498,Ravi Gupta,19,Female,1,43.54,0.62,5,27,3,63.13,C,0,Can be improved,Neutral
1499,Priya Das,27,Male,0.49,32.92,0.65,4,7,7,46.18,D,0,Too difficult to follow,Negative
1500,Vijay Singh,20,Male,0.95,46.76,0.41,4,45,4,63.78,C,0,Nothing special,Neutral
1501,Meena Iyer,19,Male,0.97,22.65,0.79,8,26,8,74.71,B,0,Very engaging and informative,Positive
1502,Sneha Sharma,24,Male,0.62,47.56,0.6,3,15,9,38.89,Fail,0,Too difficult to follow,Negative
1503,Vijay Kumar,21,Female,0.8,57.47,0.83,6,14,9,68.35,C,0,Normal learning experience,Neutral
1504,Karthik Singh,20,Male,0.94,26.11,0.8,3,13,1,67.08,C,0,Okay course,Neutral
1505,Vijay Reddy,18,Female,0.63,65.13,0.45,8,8,5,59.02,C,0,Average experience,Neutral
1506,Vijay Iyer,26,Female,0.62,30.75,0.79,6,43,6,64.67,C,0,Can be improved,Neutral
1507,Divya Das,19,Female,0.77,48.33,0.65,3,44,1,59.82,C,0,Normal learning experience,Neutral
1508,Sneha Das,22,Male,0.88,31.44,0.66,8,4,2,60.81,C,0,Okay course,Neutral
1509,Ravi Gupta,30,Female,0.88,73.14,0.54,9,38,8,75.49,B,0,Loved the teaching style,Positive
1510,Sneha Kumar,23,Male,0.57,30.63,0.48,7,19,9,52.09,D,0,Very confusing content,Negative
1511,Sneha Verma,24,Female,0.89,33.14,0.8,3,32,3,62.99,C,0,Normal learning experience,Neutral
1512,Divya Sharma,24,Female,0.67,40.7,0.49,4,24,8,53.29,D,0,Waste of time,Negative
1513,Rahul Patel,29,Female,0.88,29.76,0.39,7,12,3,53.07,D,0,Too difficult to follow,Negative
1514,Arun Nair,29,Male,0.8,30.78,0.71,8,41,9,61.12,C,0,Okay course,Neutral
1515,Suresh Kumar,26,Female,1,51.36,0.78,7,45,2,74.75,B,0,Helped me improve a lot,Positive
1516,Vijay Iyer,26,Male,1,25.43,0.68,7,48,2,69.31,C,0,Okay course,Neutral
1517,Suresh Patel,19,Male,0.91,20.51,1,9,11,2,72.48,B,0,Very engaging and informative,Positive
1518,Karthik Sharma,23,Female,0.96,27.43,0.58,9,33,2,70.25,B,0,Helped me improve a lot,Positive
1519,Suresh Patel,18,Female,0.54,18.96,0.93,3,19,4,61.92,C,0,Average experience,Neutral
1520,Sneha Reddy,21,Male,0.76,56.98,0.3,5,0,4,42.82,D,0,Waste of time,Negative
1521,Divya Reddy,22,Female,0.87,24.33,0.9,7,5,9,72.77,B,0,Very engaging and informative,Positive
1522,Divya Verma,22,Male,1,55.47,0.77,6,4,9,61.68,C,0,Okay course,Neutral
1523,Sneha Singh,29,Male,0.49,28.51,0.5,7,7,3,45.81,D,0,Waste of time,Negative
1524,Divya Das,24,Male,0.58,45.83,0.52,3,15,9,47.11,D,0,Waste of time,Negative
1525,Kavya Reddy,20,Male,0.66,40.09,0.39,7,14,2,50.01,D,0,Waste of time,Negative
1526,Priya Sharma,18,Male,0.76,48.12,0.3,9,7,1,58.35,C,0,Okay course,Neutral
1527,Arun Sharma,20,Female,1,33.63,1,8,19,6,84.66,B,0,Great course and very helpful,Positive
1528,Kavya Kumar,21,Male,0.98,57.81,0.93,5,39,4,81.55,B,0,Very engaging and informative,Positive
1529,Divya Singh,27,Male,0.84,14.17,0.56,9,18,5,59.49,C,0,Can be improved,Neutral
1530,Priya Singh,19,Male,0.72,46.09,0.7,6,17,2,56.28,C,0,Nothing special,Neutral
1531,Priya Patel,20,Female,0.86,22.6,0.68,4,15,0,63.74,C,0,Can be improved,Neutral
1532,Rahul Iyer,19,Female,0.58,52.43,0.63,8,3,2,61.2,C,0,Nothing special,Neutral
1533,Kavya Gupta,19,Male,1,9.88,0.43,5,43,2,56.28,C,0,Normal learning experience,Neutral
1534,Ravi Patel,24,Male,0.73,37.03,0.61,6,32,8,65.25,C,0,Nothing special,Neutral
1535,Vijay Gupta,28,Female,0.67,28.57,1,9,3,5,67.51,C,0,Okay course,Neutral
1536,Meena Gupta,26,Male,0.58,32.57,0.82,7,10,6,58.52,C,0,Average experience,Neutral
1537,Karthik Iyer,29,Male,0.79,37.5,0.7,4,43,1,59.91,C,0,Can be improved,Neutral
1538,Anjali Iyer,30,Female,0.41,53.71,0.81,4,32,5,55.41,C,0,Average experience,Neutral
1539,Meena Patel,25,Female,0.6,27.45,0.37,7,6,1,51.62,D,0,Waste of time,Negative
1540,Priya Verma,25,Male,1,57.2,0.48,3,1,2,53.2,D,0,Waste of time,Negative
1541,Karthik Gupta,25,Male,0.65,55.78,0.44,3,19,8,46.65,D,0,Too difficult to follow,Negative
1542,Arun Kumar,22,Female,1,28.44,0.93,4,12,2,70.91,B,0,Very engaging and informative,Positive
1543,Suresh Patel,30,Female,0.84,44.16,0.66,4,49,5,70.98,B,0,Very engaging and informative,Positive
1544,Divya Singh,19,Female,0.53,48.42,0.81,5,16,7,57.4,C,0,Nothing special,Neutral
1545,Priya Kumar,25,Male,0.98,24.49,0.87,7,11,9,65.6,C,0,Average experience,Neutral
1546,Ravi Gupta,21,Male,0.55,29.7,0.78,7,26,7,62.03,C,0,Average experience,Neutral
1547,Arun Kumar,27,Male,0.74,57.9,0.63,9,14,4,68.99,C,0,Okay course,Neutral
1548,Arun Nair,29,Female,0.83,15.93,0.48,4,18,9,50.6,D,0,Not useful at all,Negative
1549,Rahul Kumar,22,Female,0.92,44.91,0.48,6,28,5,69.48,C,0,Okay course,Neutral
1550,Karthik Patel,28,Female,0.85,43.03,0.81,4,22,3,66.21,C,0,Average experience,Neutral
1551,Suresh Verma,24,Male,0.74,53.59,1,3,14,8,61.72,C,0,Can be improved,Neutral
1552,Arun Nair,23,Male,0.8,31.9,0.42,5,44,9,56.54,C,0,Okay course,Neutral
1553,Anjali Gupta,22,Female,0.92,49.72,0.73,6,19,5,72.11,B,0,Helped me improve a lot,Positive
1554,Priya Verma,26,Male,1,49.95,0.74,4,38,8,75.84,B,0,Very engaging and informative,Positive
1555,Suresh Singh,23,Female,0.73,10.45,0.58,3,17,0,50.27,D,0,Not useful at all,Negative
1556,Kavya Sharma,22,Female,0.52,72.8,0.39,4,23,0,48.03,D,0,Not useful at all,Negative
1557,Priya Iyer,21,Male,0.69,42.88,0.76,7,14,1,63.48,C,0,Normal learning experience,Neutral
1558,Priya Nair,18,Female,0.55,29.08,0.29,6,18,1,44.36,D,0,Too difficult to follow,Negative
1559,Anjali Iyer,18,Female,0.74,37.67,0.21,3,6,2,44.35,D,0,Poor explanations,Negative
1560,Suresh Patel,25,Male,0.54,16.89,0.99,6,39,2,67.06,C,0,Can be improved,Neutral
1561,Vijay Verma,25,Male,0.4,71.53,0.78,3,11,2,55.59,C,0,Okay course,Neutral
1562,Ravi Sharma,23,Male,0.87,40.7,0.67,5,3,3,60.08,C,0,Average experience,Neutral
1563,Kavya Patel,20,Male,0.72,33.83,1,6,9,1,60.24,C,0,Normal learning experience,Neutral
1564,Karthik Iyer,20,Female,1,60.65,1,7,23,8,74.86,B,0,Helped me improve a lot,Positive
1565,Vijay Singh,27,Female,1,42.77,1,9,11,2,77.78,B,0,Great course and very helpful,Positive
1566,Vijay Verma,18,Male,0.69,41.42,0.76,3,0,9,58.87,C,0,Can be improved,Neutral
1567,Priya Nair,30,Female,0.23,43.65,0.78,4,5,5,47.03,D,0,Poor explanations,Negative
1568,Ravi Gupta,19,Female,0.56,8.17,0.86,4,22,9,46.51,D,0,Very confusing content,Negative
1569,Vijay Sharma,30,Female,0.54,45.24,0.82,6,42,1,67.03,C,0,Can be improved,Neutral
1570,Kavya Verma,20,Female,0.88,19.76,0.81,4,44,3,64,C,0,Can be improved,Neutral
1571,Suresh Patel,26,Female,0.52,52.16,0.89,4,39,5,62.08,C,0,Okay course,Neutral
1572,Divya Singh,29,Female,0.61,40.83,0.69,4,14,0,46.63,D,0,Very confusing content,Negative
1573,Anjali Reddy,27,Male,0.79,41.42,0.77,6,30,5,67.88,C,0,Nothing special,Neutral
1574,Rahul Das,26,Male,0.59,31.74,0.49,6,38,5,49.32,D,0,Waste of time,Negative
1575,Kavya Das,18,Female,0.44,24.38,0.74,4,21,6,40.57,D,0,Waste of time,Negative
1576,Sneha Nair,21,Female,1,64.27,0.62,7,7,0,67.48,C,0,Normal learning experience,Neutral
1577,Sneha Sharma,27,Male,0.81,20.36,0.87,9,17,3,70.39,B,0,Great course and very helpful,Positive
1578,Anjali Iyer,25,Male,0.98,46.56,0.7,3,28,5,67.41,C,0,Average experience,Neutral
1579,Rahul Verma,24,Female,0.84,28.88,0.63,9,44,0,68.28,C,0,Can be improved,Neutral
1580,Ravi Gupta,19,Female,1,28.69,0.37,3,49,9,49.63,D,0,Not useful at all,Negative
1581,Priya Reddy,22,Female,0.79,41.99,0.38,7,7,2,42.82,D,0,Very confusing content,Negative
1582,Suresh Das,29,Male,0.44,27.61,0.9,7,2,2,55.46,C,0,Normal learning experience,Neutral
1583,Anjali Gupta,23,Female,1,56.58,0.68,5,5,2,72.98,B,0,Loved the teaching style,Positive
1584,Rahul Iyer,25,Female,1,40.9,0.96,7,37,4,75.38,B,0,Loved the teaching style,Positive
1585,Rahul Patel,29,Female,0.49,19.21,0.74,9,40,4,63.5,C,1,Average experience,Neutral
1586,Anjali Patel,19,Male,0.78,53.42,0.92,7,29,2,72.28,B,0,Helped me improve a lot,Positive
1587,Sneha Sharma,30,Male,0.79,59.54,0.46,6,43,4,60.08,C,0,Average experience,Neutral
1588,Kavya Das,20,Female,0.73,43.21,0.5,9,26,6,60.54,C,0,Nothing special,Neutral
1589,Vijay Gupta,18,Female,0.84,27.77,0.76,4,38,3,69.25,C,0,Can be improved,Neutral
1590,Priya Gupta,29,Male,0.6,10.74,0.84,7,1,7,60.78,C,0,Nothing special,Neutral
1591,Divya Singh,23,Male,0.85,33.89,0.53,3,48,6,55.4,C,0,Nothing special,Neutral
1592,Suresh Iyer,20,Male,0.53,49.64,0.43,4,39,1,49.03,D,0,Poor explanations,Negative
1593,Karthik Verma,28,Female,0.48,53.4,0.75,6,45,4,61.98,C,0,Average experience,Neutral
1594,Anjali Patel,26,Male,0.88,52.14,0.64,5,39,8,68.12,C,0,Okay course,Neutral
1595,Meena Patel,24,Male,0.85,60.29,0.28,3,39,1,53.49,D,0,Too difficult to follow,Negative
1596,Arun Singh,22,Male,0.93,61.05,0.79,8,45,5,77.98,B,0,Very engaging and informative,Positive
1597,Sneha Das,20,Female,0.71,42.77,0.77,3,27,1,64.15,C,0,Nothing special,Neutral
1598,Suresh Verma,24,Male,0.51,38.04,1,4,9,7,61.53,C,0,Normal learning experience,Neutral
1599,Anjali Verma,23,Male,1,41.24,0.69,5,2,8,71.47,B,0,Loved the teaching style,Positive
1600,Ravi Patel,19,Male,0.8,36.57,0.83,6,22,6,58.89,C,0,Normal learning experience,Neutral
1601,Ravi Reddy,20,Female,0.86,62.39,0.62,9,42,5,81.68,B,0,Excellent platform for learning,Positive
1602,Ravi Sharma,19,Female,0.77,27.31,0.58,4,15,5,50.89,D,0,Too difficult to follow,Negative
1603,Meena Iyer,29,Female,0.73,29.38,0.62,8,45,2,60.08,C,0,Nothing special,Neutral
1604,Meena Kumar,23,Male,0.44,37.2,0.63,3,9,1,37.62,Fail,0,Not useful at all,Negative
1605,Anjali Reddy,21,Male,0.48,23.87,0.44,9,1,2,51.68,D,0,Very confusing content,Negative
1606,Vijay Reddy,22,Male,0.44,54.06,0.69,9,22,9,59.24,C,0,Can be improved,Neutral
1607,Karthik Reddy,22,Male,0.53,57.74,0.47,4,40,5,54.29,D,0,Waste of time,Negative
1608,Arun Verma,29,Female,0.71,74.69,0.89,8,23,8,72.2,B,0,Loved the teaching style,Positive
1609,Meena Verma,23,Male,0.63,43.9,0.85,5,11,4,69.14,C,0,Normal learning experience,Neutral
1610,Priya Kumar,28,Female,0.93,28.16,0.63,8,1,6,52.48,D,0,Very confusing content,Negative
1611,Vijay Reddy,26,Female,1,65.3,0.49,8,19,8,76.85,B,0,Very engaging and informative,Positive
1612,Karthik Reddy,25,Male,0.74,45.93,0.71,9,33,3,75.02,B,0,Very engaging and informative,Positive
1613,Divya Verma,20,Female,0.68,29.86,0.72,5,44,6,63.78,C,0,Nothing special,Neutral
1614,Rahul Patel,24,Female,0.69,39.25,0.66,9,38,8,66.17,C,0,Can be improved,Neutral
1615,Kavya Reddy,21,Male,0.78,39.47,0.67,8,43,1,63.53,C,0,Can be improved,Neutral
1616,Meena Kumar,21,Female,0.53,42.86,0.32,3,27,9,45.42,D,0,Waste of time,Negative
1617,Meena Singh,27,Female,0.79,47.01,0.86,8,47,9,69.77,C,0,Average experience,Neutral
1618,Anjali Das,24,Male,0.69,44.41,0.73,4,44,0,70.79,B,0,Helped me improve a lot,Positive
1619,Ravi Nair,26,Male,0.56,56.98,0.77,6,14,4,65.91,C,0,Average experience,Neutral
1620,Priya Gupta,26,Male,0.51,44.12,0.36,4,29,3,39.45,Fail,0,Not useful at all,Negative
1621,Suresh Verma,30,Female,0.89,39.58,0.56,5,9,8,49.89,D,0,Poor explanations,Negative
1622,Divya Das,23,Female,0.62,41.03,0.4,7,0,0,42.45,D,0,Not useful at all,Negative
1623,Arun Gupta,20,Male,0.82,51.16,0.81,4,45,5,61.97,C,0,Normal learning experience,Neutral
1624,Vijay Sharma,26,Female,0.66,25.49,0.64,4,1,5,47.74,D,0,Too difficult to follow,Negative
1625,Meena Singh,24,Female,0.5,15.18,0.62,9,35,6,47,D,0,Too difficult to follow,Negative
1626,Ravi Das,21,Female,0.72,49.86,0.71,9,33,1,77.81,B,0,Excellent platform for learning,Positive
1627,Vijay Reddy,25,Male,1,46.31,1,6,9,3,79.76,B,0,Very engaging and informative,Positive
1628,Sneha Verma,24,Male,0.8,34.48,0.46,4,3,1,46.03,D,0,Poor explanations,Negative
1629,Anjali Gupta,20,Male,1,44.74,0.58,9,9,9,57.14,C,0,Average experience,Neutral
1630,Kavya Das,23,Male,0.19,24.05,0.77,5,3,5,25.62,Fail,0,Too difficult to follow,Negative
1631,Sneha Sharma,22,Female,0.79,56.11,0.86,6,13,6,71.78,B,0,Excellent platform for learning,Positive
1632,Divya Reddy,26,Female,0.45,42.03,0.67,9,20,8,44.43,D,0,Too difficult to follow,Negative
1633,Suresh Reddy,27,Female,0.59,34.73,0.64,3,43,6,51.55,D,0,Waste of time,Negative
1634,Kavya Gupta,26,Male,0.8,34.13,0.61,5,38,2,53.2,D,0,Very confusing content,Negative
1635,Arun Sharma,26,Male,0.77,49.24,0.69,4,29,9,53.73,D,0,Too difficult to follow,Negative
1636,Ravi Reddy,26,Female,0.81,48.61,0.98,6,13,3,77.98,B,0,Excellent platform for learning,Positive
1637,Ravi Singh,26,Female,1,72.21,0.69,9,48,4,84.68,B,0,Very engaging and informative,Positive
1638,Meena Gupta,25,Male,0.8,45.13,0.48,9,5,6,57.65,C,0,Can be improved,Neutral
1639,Karthik Kumar,29,Male,0.68,37.76,0.83,3,4,2,58.29,C,0,Okay course,Neutral
1640,Kavya Singh,26,Female,0.91,36.57,0.55,3,31,2,57.05,C,0,Okay course,Neutral
1641,Meena Patel,28,Male,0.58,15.82,0.49,3,24,3,48.24,D,0,Very confusing content,Negative
1642,Suresh Verma,25,Male,0.84,59.68,0.44,4,31,0,72.14,B,0,Loved the teaching style,Positive
1643,Meena Patel,29,Male,0.56,12.88,0.82,3,11,8,50.91,D,0,Poor explanations,Negative
1644,Anjali Kumar,22,Male,0.68,74.94,0.73,8,39,7,72.91,B,0,Excellent platform for learning,Positive
1645,Sneha Reddy,30,Male,0.74,35.87,1,4,9,2,66.65,C,0,Okay course,Neutral
1646,Suresh Das,25,Female,0.6,42.1,0.81,4,26,4,60.57,C,0,Okay course,Neutral
1647,Vijay Gupta,30,Male,0.66,57.7,0.89,4,40,9,70.52,B,0,Helped me improve a lot,Positive
1648,Sneha Patel,21,Male,0.97,23.7,0.41,8,16,2,48.41,D,0,Waste of time,Negative
1649,Ravi Singh,18,Female,0.45,42.71,0.6,3,29,3,45.71,D,0,Too difficult to follow,Negative
1650,Sneha Singh,26,Female,0.92,31.08,0.76,3,38,9,64.8,C,0,Okay course,Neutral
1651,Anjali Iyer,21,Female,0.86,14.93,0.53,9,18,3,51.22,D,0,Poor explanations,Negative
1652,Divya Iyer,29,Male,0.44,77.07,0.71,9,14,1,63.27,C,0,Normal learning experience,Neutral
1653,Meena Singh,28,Female,1,14.38,0.68,4,35,2,63.37,C,0,Can be improved,Neutral
1654,Karthik Singh,19,Female,0.82,29.32,0.43,3,1,1,44.5,D,0,Poor explanations,Negative
1655,Ravi Patel,30,Male,1,41.64,0.8,6,2,3,65.41,C,0,Nothing special,Neutral
1656,Ravi Iyer,27,Male,1,67.41,0.44,9,26,9,69.02,C,0,Can be improved,Neutral
1657,Ravi Reddy,21,Female,0.63,34.17,0.18,7,20,1,41.67,D,0,Waste of time,Negative
1658,Meena Singh,30,Male,1,33.49,1,7,26,2,85.29,A,0,Helped me improve a lot,Positive
1659,Meena Patel,20,Male,0.42,52.15,1,3,6,8,55.09,C,0,Okay course,Neutral
1660,Karthik Singh,27,Female,1,40.53,1,8,42,2,84.97,B,0,Great course and very helpful,Positive
1661,Kavya Sharma,28,Female,0.59,70.89,0.95,5,14,0,73.13,B,0,Great course and very helpful,Positive
1662,Vijay Das,29,Male,1,41.03,0.63,9,12,8,63.06,C,0,Can be improved,Neutral
1663,Priya Kumar,29,Male,0.64,44.15,0.88,8,43,8,75.46,B,0,Very engaging and informative,Positive
1664,Anjali Kumar,28,Male,0.97,38.71,0.67,4,3,0,53.86,D,0,Waste of time,Negative
1665,Meena Verma,27,Female,0.66,23.53,0.61,9,1,7,49.98,D,0,Too difficult to follow,Negative
1666,Vijay Kumar,18,Male,0.99,29.85,0.53,6,37,3,65.71,C,0,Can be improved,Neutral
1667,Karthik Sharma,25,Male,0.69,43.9,0.54,8,38,6,57.28,C,0,Okay course,Neutral
1668,Kavya Gupta,27,Female,1,36.82,0.71,9,29,9,73.57,B,0,Loved the teaching style,Positive
1669,Priya Gupta,21,Male,0.82,53.76,0.6,4,31,0,67.02,C,0,Average experience,Neutral
1670,Arun Sharma,23,Female,0.82,51.25,0.82,7,14,1,67.59,C,0,Nothing special,Neutral
1671,Kavya Nair,30,Female,0.77,24.44,0.94,3,0,8,56.3,C,0,Normal learning experience,Neutral
1672,Rahul Singh,23,Male,0.71,67.92,0.74,5,3,7,62.84,C,0,Can be improved,Neutral
1673,Arun Gupta,29,Female,0.76,37.45,0.37,6,24,6,47.18,D,0,Not useful at all,Negative
1674,Sneha Gupta,18,Male,1,24.43,0.69,6,3,3,68,C,0,Can be improved,Neutral
1675,Anjali Kumar,30,Female,0.69,33.32,0.81,4,26,4,51.96,D,0,Waste of time,Negative
1676,Priya Das,24,Female,0.6,10,0.65,6,3,6,38.16,Fail,0,Very confusing content,Negative
1677,Anjali Nair,24,Female,1,29.65,0.85,8,46,4,82.17,B,0,Excellent platform for learning,Positive
1678,Suresh Patel,23,Female,0.71,26.7,0.79,7,47,9,70.29,B,0,Loved the teaching style,Positive
1679,Priya Verma,29,Male,0.77,31.1,0.86,8,22,4,63.07,C,0,Normal learning experience,Neutral
1680,Ravi Nair,28,Male,0.89,34.1,0.38,5,24,0,53.68,D,0,Poor explanations,Negative
1681,Suresh Patel,26,Female,0.86,54.41,0.29,7,35,9,54.29,D,0,Very confusing content,Negative
1682,Kavya Sharma,24,Female,0.58,37.38,0.52,5,32,4,51.71,D,0,Too difficult to follow,Negative
1683,Karthik Nair,22,Male,0.61,60.11,0.53,8,17,2,55.63,C,0,Okay course,Neutral
1684,Kavya Reddy,22,Female,0.8,43.39,0.58,7,31,1,61.98,C,0,Can be improved,Neutral
1685,Rahul Kumar,25,Male,0.8,24.27,0.73,6,30,7,63.61,C,0,Okay course,Neutral
1686,Suresh Gupta,30,Female,0.92,27.55,0.64,9,24,3,62.93,C,0,Okay course,Neutral
1687,Suresh Das,27,Female,0.7,57.67,0.62,6,28,4,62.34,C,0,Average experience,Neutral
1688,Rahul Das,21,Female,0.61,33.47,0.7,8,20,6,57.26,C,0,Can be improved,Neutral
1689,Priya Sharma,21,Male,0.59,31.71,0.62,8,21,8,58.54,C,0,Average experience,Neutral
1690,Karthik Iyer,24,Female,0.94,41.52,0.93,4,2,7,73.56,B,0,Helped me improve a lot,Positive
1691,Suresh Kumar,29,Female,0.73,51.15,0.67,5,12,0,64.98,C,0,Average experience,Neutral
1692,Ravi Verma,24,Male,0.9,35,0.62,5,8,6,61.63,C,0,Average experience,Neutral
1693,Karthik Verma,21,Female,0.68,45.52,0.67,4,15,4,53.14,D,0,Very confusing content,Negative
1694,Divya Patel,29,Female,0.74,46.3,0.37,5,49,0,67.81,C,0,Can be improved,Neutral
1695,Arun Das,25,Male,0.99,28.73,0.91,5,43,2,76.95,B,0,Great course and very helpful,Positive
1696,Vijay Gupta,27,Female,0.6,50.03,0.81,9,31,2,61.78,C,0,Okay course,Neutral
1697,Suresh Iyer,28,Female,1,50.61,0.62,4,2,6,61.84,C,0,Okay course,Neutral
1698,Vijay Das,26,Male,0.81,47.63,0.19,6,32,3,53.21,D,0,Too difficult to follow,Negative
1699,Arun Iyer,27,Male,0.79,24.63,1,5,48,1,78.18,B,0,Great course and very helpful,Positive
1700,Sneha Iyer,23,Male,0.56,64.98,1,8,17,5,75.69,B,0,Great course and very helpful,Positive
1701,Kavya Verma,30,Female,0.95,36.26,0.74,3,12,7,56.62,C,0,Okay course,Neutral
1702,Meena Iyer,29,Male,0.77,33.39,0.3,4,34,2,53.09,D,0,Not useful at all,Negative
1703,Sneha Reddy,30,Male,0.73,28.86,0.87,8,5,2,58.51,C,0,Average experience,Neutral
1704,Meena Reddy,28,Male,0.51,46.63,0.74,6,25,4,57.07,C,0,Average experience,Neutral
1705,Priya Iyer,18,Female,0.72,25.52,0.47,8,0,2,53.83,D,0,Very confusing content,Negative
1706,Priya Das,24,Female,0.49,35.48,0.77,9,29,6,56.83,C,0,Nothing special,Neutral
1707,Suresh Reddy,28,Female,0.7,45.62,0.95,4,13,3,61.45,C,0,Normal learning experience,Neutral
1708,Divya Singh,18,Female,0.62,9.2,0.77,4,34,3,54.7,D,0,Too difficult to follow,Negative
1709,Suresh Singh,27,Female,0.66,70.13,0.41,4,1,7,54,D,0,Too difficult to follow,Negative
1710,Rahul Nair,29,Male,0.84,58.36,0.74,6,17,9,64.08,C,0,Can be improved,Neutral
1711,Meena Gupta,30,Female,0.73,20.44,0.66,3,7,0,50.5,D,0,Poor explanations,Negative
1712,Rahul Gupta,27,Male,0.93,56.51,0.85,9,38,5,80.61,B,0,Helped me improve a lot,Positive
1713,Vijay Nair,30,Male,0.43,51.3,0.48,8,49,0,53.67,D,0,Too difficult to follow,Negative
1714,Meena Singh,26,Male,0.84,58.59,0.36,4,37,6,57.07,C,0,Average experience,Neutral
1715,Arun Gupta,21,Male,0.72,40.95,0.63,9,3,4,70.59,B,0,Excellent platform for learning,Positive
1716,Anjali Gupta,27,Female,0.77,54.56,0.55,5,0,6,54.78,D,0,Too difficult to follow,Negative
1717,Karthik Iyer,26,Female,0.79,76.28,1,4,5,0,66.93,C,0,Can be improved,Neutral
1718,Ravi Nair,19,Male,0.74,58.04,0.44,7,27,4,59.46,C,0,Nothing special,Neutral
1719,Arun Reddy,28,Male,0.79,53.38,0.45,9,6,9,54.68,D,0,Not useful at all,Negative
1720,Vijay Patel,23,Female,0.58,70.6,1,3,29,8,69.83,C,0,Nothing special,Neutral
1721,Suresh Nair,27,Male,0.56,32.57,0.51,5,16,7,46.42,D,0,Poor explanations,Negative
1722,Ravi Patel,18,Male,0.42,36.55,0.62,7,24,2,55.18,C,0,Okay course,Neutral
1723,Ravi Iyer,23,Female,0.71,35.61,0.8,8,45,5,69.28,C,0,Normal learning experience,Neutral
1724,Ravi Singh,25,Male,1,42.69,0.76,3,3,7,61.67,C,0,Nothing special,Neutral
1725,Anjali Das,26,Female,0.97,50.15,0.74,3,47,5,81.32,B,0,Helped me improve a lot,Positive
1726,Suresh Verma,18,Male,0.87,12.37,0.96,6,16,4,67.25,C,0,Average experience,Neutral
1727,Suresh Patel,21,Male,0.67,16.82,0.63,3,0,9,53.58,D,0,Not useful at all,Negative
1728,Anjali Kumar,21,Female,1,16.16,0.5,8,32,6,68.73,C,0,Okay course,Neutral
1729,Kavya Reddy,20,Male,1,54.64,0.65,9,34,3,64.05,C,0,Can be improved,Neutral
1730,Karthik Kumar,23,Male,0.84,19.87,0.57,8,34,0,66.8,C,0,Okay course,Neutral
1731,Vijay Nair,24,Male,0.37,17.15,0.7,5,25,0,47,D,1,Very confusing content,Negative
1732,Karthik Das,19,Male,0.19,37.64,0.48,9,37,1,38.52,Fail,0,Very confusing content,Negative
1733,Meena Das,23,Male,0.68,51.05,1,4,7,5,61.89,C,0,Average experience,Neutral
1734,Karthik Nair,29,Female,0.53,60.18,0.93,9,4,2,59.92,C,0,Average experience,Neutral
1735,Sneha Verma,24,Male,0.57,5.45,0.67,5,22,1,46.31,D,0,Very confusing content,Negative
1736,Meena Verma,21,Male,0.67,42.12,0.88,9,33,6,73.11,B,0,Loved the teaching style,Positive
1737,Karthik Sharma,20,Male,0.95,33.66,0.74,5,27,4,65.04,C,0,Nothing special,Neutral
1738,Divya Reddy,20,Male,0.93,46.09,0.54,9,30,3,62.49,C,0,Can be improved,Neutral
1739,Vijay Nair,30,Female,0.67,3.28,0.68,4,29,8,58.29,C,0,Okay course,Neutral
1740,Meena Iyer,24,Male,0.59,22.59,0.7,4,23,0,47.71,D,0,Very confusing content,Negative
1741,Arun Reddy,24,Female,0.48,26.69,0.37,3,47,8,36.7,Fail,0,Not useful at all,Negative
1742,Rahul Iyer,22,Male,0.8,67.23,0.64,4,14,5,66.62,C,0,Normal learning experience,Neutral
1743,Kavya Sharma,25,Female,0.37,70.63,0.77,3,25,2,60.09,C,0,Nothing special,Neutral
1744,Kavya Das,18,Male,0.78,46.99,0.73,7,11,7,64.65,C,0,Nothing special,Neutral
1745,Priya Nair,28,Male,0.77,21.86,0.85,5,0,1,53.78,D,0,Very confusing content,Negative
1746,Vijay Reddy,22,Female,0.48,42.66,0.76,5,42,6,52.7,D,0,Very confusing content,Negative
1747,Karthik Iyer,22,Female,0.7,45.35,0.99,7,28,4,74.23,B,0,Helped me improve a lot,Positive
1748,Vijay Verma,27,Female,0.73,22.25,0.89,7,32,6,68.97,C,0,Nothing special,Neutral
1749,Divya Patel,25,Female,0.91,20.33,0.73,9,35,7,74.15,B,0,Loved the teaching style,Positive
1750,Karthik Sharma,24,Male,0.63,34.2,0.46,9,15,8,51.73,D,0,Not useful at all,Negative
1751,Priya Das,24,Female,0.75,36.7,0.85,9,37,5,69.88,C,0,Nothing special,Neutral
1752,Kavya Patel,22,Male,1,44.86,0.3,3,14,1,57.99,C,0,Can be improved,Neutral
1753,Sneha Nair,20,Female,0.99,49.23,1,3,18,6,69.12,C,0,Nothing special,Neutral
1754,Sneha Sharma,21,Female,1,55.82,0.9,7,30,1,87.01,A,0,Loved the teaching style,Positive
1755,Arun Das,18,Female,0.85,69.07,0.43,8,7,1,51.84,D,0,Waste of time,Negative
1756,Priya Patel,25,Female,0.44,17.89,0.69,5,29,6,46.61,D,1,Waste of time,Negative
1757,Sneha Singh,23,Male,1,40.37,0.35,6,33,1,65.26,C,0,Average experience,Neutral
1758,Divya Sharma,24,Female,1,43.7,0.78,9,11,4,75.54,B,0,Very engaging and informative,Positive
1759,Rahul Patel,24,Female,0.51,62.49,0.62,8,36,8,65.71,C,0,Can be improved,Neutral
1760,Karthik Sharma,23,Female,0.56,19.2,0.87,7,46,2,64.35,C,0,Can be improved,Neutral
1761,Meena Iyer,20,Female,0.69,47.82,0.55,7,40,9,56.01,C,0,Okay course,Neutral
1762,Arun Das,26,Male,0.35,60.31,0.45,9,44,3,51.75,D,0,Waste of time,Negative
1763,Ravi Patel,18,Male,0.88,38.44,0.56,7,12,4,56.18,C,0,Average experience,Neutral
1764,Kavya Iyer,21,Female,0.97,60.71,0.69,3,20,2,74.64,B,0,Loved the teaching style,Positive
1765,Karthik Das,26,Female,0.94,18.73,0.98,5,29,2,74.13,B,0,Great course and very helpful,Positive
1766,Ravi Verma,29,Female,0.61,51.94,0.83,6,13,3,63.64,C,0,Okay course,Neutral
1767,Priya Das,30,Female,0.69,48.22,0.82,5,31,8,76.19,B,0,Loved the teaching style,Positive
1768,Vijay Reddy,29,Female,0.59,36.18,0.53,5,36,8,53.81,D,0,Too difficult to follow,Negative
1769,Rahul Reddy,24,Male,0.96,34.41,0.99,5,23,7,80.2,B,0,Very engaging and informative,Positive
1770,Rahul Das,26,Male,0.26,36.51,0.75,4,6,5,39.06,Fail,0,Not useful at all,Negative
1771,Divya Reddy,18,Male,1,9.1,0.36,5,37,3,57.23,C,0,Nothing special,Neutral
1772,Karthik Kumar,29,Female,0.99,33.87,1,3,19,5,68.1,C,0,Average experience,Neutral
1773,Ravi Kumar,24,Female,0.69,48.11,0.79,7,39,5,67.55,C,0,Normal learning experience,Neutral
1774,Priya Kumar,24,Male,0.81,58.47,0.78,8,25,8,75.62,B,0,Loved the teaching style,Positive
1775,Meena Sharma,18,Female,0.54,28.24,0.84,3,36,5,56.08,C,0,Nothing special,Neutral
1776,Anjali Nair,24,Female,0.55,22.34,0.36,5,43,4,47.77,D,0,Very confusing content,Negative
1777,Arun Kumar,21,Male,0.89,26.49,0.63,3,8,9,61.86,C,0,Nothing special,Neutral
1778,Sneha Verma,26,Female,0.91,23.54,0.67,4,31,8,60.93,C,0,Nothing special,Neutral
1779,Sneha Das,19,Male,0.42,40.52,1,9,7,5,57.58,C,0,Nothing special,Neutral
1780,Priya Singh,29,Male,0.95,33.14,0.54,3,30,4,65.93,C,0,Can be improved,Neutral
1781,Priya Singh,20,Male,0.99,71.29,0.9,4,11,2,75.54,B,0,Great course and very helpful,Positive
1782,Rahul Iyer,22,Female,0.95,28.27,0.53,7,34,6,67.95,C,0,Average experience,Neutral
1783,Karthik Reddy,23,Male,0.69,47.3,0.91,5,21,2,64.77,C,0,Normal learning experience,Neutral
1784,Suresh Kumar,29,Male,1,48.3,0.63,7,19,7,66.81,C,0,Nothing special,Neutral
1785,Sneha Patel,29,Male,0.41,38.75,0.86,4,34,1,61.38,C,0,Okay course,Neutral
1786,Arun Reddy,19,Female,0.62,39.49,0.41,9,13,6,58.9,C,0,Nothing special,Neutral
1787,Meena Iyer,21,Male,0.87,69.79,0.72,9,25,8,74.57,B,0,Great course and very helpful,Positive
1788,Priya Reddy,18,Male,0.52,45.93,1,4,49,0,68.86,C,0,Can be improved,Neutral
1789,Rahul Gupta,25,Female,0.4,49.55,0.57,9,33,8,49.13,D,0,Poor explanations,Negative
1790,Arun Gupta,19,Female,0.71,14.77,0.8,5,4,7,46.86,D,0,Poor explanations,Negative
1791,Priya Kumar,28,Female,0.76,33.19,0.57,8,41,7,69.23,C,0,Okay course,Neutral
1792,Karthik Das,24,Female,0.69,30.43,0.79,5,4,4,58.43,C,0,Okay course,Neutral
1793,Arun Verma,18,Female,0.88,56.13,0.94,4,39,0,83.76,B,0,Great course and very helpful,Positive
1794,Meena Singh,29,Male,0.82,24.4,1,6,23,2,63.54,C,0,Nothing special,Neutral
1795,Kavya Iyer,20,Male,0.87,42.64,0.51,9,16,2,55.22,C,0,Average experience,Neutral
1796,Kavya Sharma,22,Female,0.66,22.91,0.21,8,41,4,41.98,D,0,Too difficult to follow,Negative
1797,Anjali Verma,21,Female,0.5,47.38,0.69,3,13,2,49.72,D,0,Poor explanations,Negative
1798,Meena Singh,27,Female,0.79,69.15,0.66,7,0,6,76.93,B,0,Great course and very helpful,Positive
1799,Divya Gupta,21,Male,0.48,30.11,0.5,8,36,9,37.73,Fail,0,Too difficult to follow,Negative
1800,Anjali Nair,27,Male,0.84,46.51,0.55,8,26,5,58.59,C,0,Can be improved,Neutral
1801,Priya Verma,30,Male,0.88,61.25,0.66,7,36,2,68.41,C,0,Normal learning experience,Neutral
1802,Arun Kumar,19,Female,0.77,37.45,0.68,5,9,5,60.36,C,0,Okay course,Neutral
1803,Divya Gupta,25,Female,0.49,47.71,0.85,9,43,9,65.1,C,0,Okay course,Neutral
1804,Rahul Patel,18,Male,0.83,33.13,0.53,6,44,2,63.3,C,0,Can be improved,Neutral
1805,Suresh Reddy,21,Female,0.51,12.5,0.9,5,13,1,45.92,D,0,Very confusing content,Negative
1806,Kavya Das,21,Male,0.74,48.45,0.38,5,8,3,50.6,D,0,Very confusing content,Negative
1807,Kavya Sharma,24,Female,0.72,22.55,0.73,7,30,1,60.58,C,0,Average experience,Neutral
1808,Arun Kumar,24,Male,0.62,86.97,0.82,3,2,5,69.26,C,0,Nothing special,Neutral
1809,Kavya Reddy,21,Female,0.87,31.2,0.58,9,17,5,73.43,B,0,Excellent platform for learning,Positive
1810,Divya Nair,18,Male,0.66,45.53,0.64,7,42,4,68.86,C,0,Okay course,Neutral
1811,Karthik Verma,24,Male,1,53.65,0.83,3,32,9,76.81,B,0,Excellent platform for learning,Positive
1812,Divya Reddy,18,Male,0.76,47.91,0.88,3,14,1,65.16,C,0,Nothing special,Neutral
1813,Suresh Reddy,22,Female,0.88,28.68,0.75,6,8,1,69.09,C,0,Normal learning experience,Neutral
1814,Ravi Singh,23,Male,0.72,35.68,0.73,8,18,0,60.96,C,0,Can be improved,Neutral
1815,Meena Nair,26,Male,0.8,71.75,0.53,4,0,2,56.92,C,0,Okay course,Neutral
1816,Meena Patel,25,Female,0.68,48.48,0.75,4,25,7,66.75,C,0,Okay course,Neutral
1817,Arun Singh,30,Female,0.78,54.54,0.21,5,42,5,53.99,D,0,Not useful at all,Negative
1818,Vijay Singh,21,Female,0.78,45.93,0.97,7,1,6,73.51,B,0,Excellent platform for learning,Positive
1819,Karthik Kumar,22,Female,0.46,64.66,0.84,8,30,1,56.63,C,0,Normal learning experience,Neutral
1820,Meena Nair,29,Female,0.71,34.17,0.97,6,41,7,63.98,C,0,Can be improved,Neutral
1821,Rahul Patel,25,Male,0.55,25.2,0.54,3,33,7,51.79,D,0,Too difficult to follow,Negative
1822,Priya Sharma,21,Male,0.73,27.44,0.77,6,48,6,71.34,B,0,Very engaging and informative,Positive
1823,Vijay Verma,23,Male,0.69,51.34,0.62,5,45,6,56.08,C,0,Normal learning experience,Neutral
1824,Karthik Patel,19,Male,0.75,15.91,0.64,3,3,2,49.24,D,0,Too difficult to follow,Negative
1825,Sneha Verma,18,Male,0.84,36.66,0.93,9,37,6,75.9,B,0,Great course and very helpful,Positive
1826,Kavya Singh,30,Female,0.66,39.51,0.71,8,13,2,64.08,C,0,Can be improved,Neutral
1827,Suresh Iyer,19,Male,0.75,44.23,1,5,19,9,76.16,B,0,Loved the teaching style,Positive
1828,Arun Singh,19,Female,0.63,29.49,0.73,3,41,7,58.73,C,0,Can be improved,Neutral
1829,Arun Das,20,Female,0.58,50.55,0.64,6,20,8,62.35,C,0,Normal learning experience,Neutral
1830,Kavya Kumar,21,Female,0.95,46.01,0.23,7,30,9,63.07,C,0,Okay course,Neutral
1831,Meena Gupta,26,Female,0.83,64.01,0.44,5,43,1,67.86,C,0,Can be improved,Neutral
1832,Rahul Reddy,24,Male,0.64,32.19,0.53,3,37,6,46.59,D,0,Too difficult to follow,Negative
1833,Priya Singh,22,Female,0.84,69.82,1,3,3,6,68.5,C,0,Nothing special,Neutral
1834,Karthik Iyer,28,Female,0.83,40.58,0.46,6,0,8,50.06,D,0,Waste of time,Negative
1835,Meena Das,24,Female,0.82,40.65,0.86,9,39,2,75.5,B,0,Very engaging and informative,Positive
1836,Arun Iyer,18,Male,0.64,41.39,0.38,9,35,4,57.94,C,0,Normal learning experience,Neutral
1837,Arun Nair,26,Male,0.92,30.15,0.52,3,25,4,54.13,D,0,Not useful at all,Negative
1838,Kavya Iyer,20,Female,1,62.34,0.87,7,20,0,80.17,B,0,Very engaging and informative,Positive
1839,Anjali Nair,30,Male,0.96,41.19,0.88,6,6,9,65.16,C,0,Average experience,Neutral
1840,Divya Patel,19,Female,0.74,20.74,0.5,5,13,2,52.65,D,0,Not useful at all,Negative
1841,Arun Reddy,24,Male,0.8,34.51,0.39,8,13,3,56.52,C,0,Can be improved,Neutral
1842,Karthik Singh,20,Female,0.66,9.97,0.57,8,14,0,44.85,D,0,Very confusing content,Negative
1843,Ravi Gupta,30,Male,0.93,60.98,0.86,9,44,0,82.62,B,0,Loved the teaching style,Positive
1844,Karthik Nair,25,Male,0.78,17.13,0.67,4,12,3,49.02,D,0,Not useful at all,Negative
1845,Suresh Kumar,19,Male,0.85,10.13,0.63,4,14,8,53.84,D,0,Too difficult to follow,Negative
1846,Arun Kumar,28,Male,0.3,40.38,0.74,9,11,6,49.68,D,0,Not useful at all,Negative
1847,Sneha Reddy,19,Female,0.68,55.58,0.62,7,30,0,63.44,C,0,Okay course,Neutral
1848,Sneha Das,24,Male,0.59,17.9,0.72,3,22,0,50.5,D,0,Not useful at all,Negative
1849,Kavya Kumar,19,Female,0.63,13.49,1,8,14,3,51.38,D,0,Poor explanations,Negative
1850,Rahul Das,24,Female,0.54,55.96,0.55,3,44,9,58.95,C,0,Normal learning experience,Neutral
1851,Divya Gupta,24,Male,1,70.46,0.9,7,23,8,85.07,A,0,Loved the teaching style,Positive
1852,Kavya Verma,25,Female,0.89,27.11,0.61,7,4,5,65.71,C,0,Average experience,Neutral
1853,Vijay Patel,27,Female,0.93,11.67,0.6,3,2,5,50.65,D,0,Very confusing content,Negative
1854,Suresh Singh,26,Female,0.74,43.92,0.5,9,43,5,56.47,C,0,Nothing special,Neutral
1855,Sneha Verma,26,Male,0.7,31.8,0.55,7,48,3,66.97,C,0,Okay course,Neutral
1856,Suresh Das,24,Female,1,43.26,0.87,6,29,6,76.6,B,0,Loved the teaching style,Positive
1857,Vijay Iyer,30,Male,0.85,33.56,0.57,4,33,3,60.96,C,0,Average experience,Neutral
1858,Arun Singh,26,Female,0.91,55.64,0.61,4,9,8,60.94,C,0,Normal learning experience,Neutral
1859,Divya Sharma,18,Female,0.45,34.76,1,6,17,6,56.56,C,0,Average experience,Neutral
1860,Suresh Patel,21,Male,0.81,56.15,0.79,5,41,1,68.92,C,0,Okay course,Neutral
1861,Vijay Patel,30,Female,0.96,54.16,0.46,3,26,6,67.89,C,0,Nothing special,Neutral
1862,Vijay Singh,19,Male,0.66,65.16,0.45,8,11,6,51.58,D,0,Waste of time,Negative
1863,Anjali Singh,19,Female,0.69,38.54,0.82,5,7,1,55.68,C,0,Nothing special,Neutral
1864,Meena Patel,29,Male,0.87,64.65,0.66,3,46,7,72,B,0,Excellent platform for learning,Positive
1865,Priya Singh,29,Female,0.97,36.1,0.73,6,12,5,69.98,C,0,Average experience,Neutral
1866,Karthik Singh,24,Female,0.48,49.18,0.81,7,23,2,60.49,C,0,Average experience,Neutral
1867,Sneha Verma,26,Female,0.68,64.12,0.59,3,7,0,56.21,C,0,Nothing special,Neutral
1868,Anjali Patel,24,Male,0.97,34.2,0.83,3,37,5,62.27,C,0,Okay course,Neutral
1869,Rahul Iyer,26,Female,0.69,46.58,0.88,8,1,3,59.43,C,0,Okay course,Neutral
1870,Vijay Singh,19,Female,0.83,27.39,0.6,3,25,7,57.99,C,0,Can be improved,Neutral
1871,Karthik Iyer,22,Male,0.54,37.24,1,3,41,8,62.62,C,0,Nothing special,Neutral
1872,Priya Kumar,18,Female,0.85,43.19,0.44,8,2,8,49.85,D,0,Too difficult to follow,Negative
1873,Karthik Verma,23,Female,0.95,46.98,1,5,39,9,78.49,B,0,Great course and very helpful,Positive
1874,Karthik Reddy,18,Female,0.7,55.87,0.83,7,40,9,74.24,B,0,Excellent platform for learning,Positive
1875,Arun Das,27,Female,0.54,27.71,0.59,3,7,9,43.11,D,0,Not useful at all,Negative
1876,Suresh Das,26,Male,0.79,59.16,0.51,6,17,1,57.09,C,0,Can be improved,Neutral
1877,Divya Patel,26,Male,0.87,34.09,0.49,7,44,1,59.08,C,0,Can be improved,Neutral
1878,Rahul Reddy,30,Female,0.46,24.46,0.48,8,39,6,50.86,D,0,Very confusing content,Negative
1879,Suresh Iyer,27,Male,0.66,49.17,0.71,4,14,8,56.97,C,0,Normal learning experience,Neutral
1880,Priya Kumar,27,Male,1,49.85,0.6,6,16,3,75.32,B,0,Great course and very helpful,Positive
1881,Arun Nair,19,Male,0.82,50.53,0.95,9,22,6,80.82,B,0,Great course and very helpful,Positive
1882,Sneha Kumar,18,Male,0.83,35.97,0.48,9,40,9,77.5,B,0,Great course and very helpful,Positive
1883,Arun Kumar,23,Male,0.43,30.28,1,3,43,8,65.19,C,0,Normal learning experience,Neutral
1884,Suresh Sharma,21,Female,0.96,51.32,0.64,6,20,9,72.14,B,0,Loved the teaching style,Positive
1885,Suresh Verma,24,Male,0.59,38.84,0.81,6,26,1,58.63,C,0,Nothing special,Neutral
1886,Arun Iyer,25,Female,0.63,56.91,0.55,3,9,5,55.86,C,0,Normal learning experience,Neutral
1887,Arun Gupta,25,Female,0.75,39.84,0.59,8,32,7,54.43,D,0,Not useful at all,Negative
1888,Rahul Singh,18,Female,0.85,45.91,0.3,4,4,8,43.18,D,0,Waste of time,Negative
1889,Arun Patel,20,Female,0.59,51.06,0.65,8,14,9,62.64,C,0,Nothing special,Neutral
1890,Karthik Gupta,20,Male,0.86,57.09,1,4,38,5,78.2,B,0,Excellent platform for learning,Positive
1891,Sneha Singh,30,Male,1,29.29,0.89,4,11,3,77.81,B,0,Great course and very helpful,Positive
1892,Rahul Patel,20,Female,0.68,17.07,0.76,6,24,6,51.84,D,0,Very confusing content,Negative
1893,Suresh Reddy,20,Female,0.77,3.44,0.75,4,5,1,50.27,D,0,Very confusing content,Negative
1894,Divya Gupta,20,Male,0.83,51.54,0.73,6,29,2,68,C,0,Can be improved,Neutral
1895,Divya Singh,22,Female,0.68,17.09,0.66,9,40,4,61.79,C,0,Nothing special,Neutral
1896,Karthik Reddy,28,Female,1,33.18,0.5,3,39,3,66.51,C,0,Can be improved,Neutral
1897,Suresh Nair,24,Male,0.9,70.32,0.81,6,38,5,79.99,B,0,Helped me improve a lot,Positive
1898,Divya Das,24,Male,0.89,39.88,0.87,8,24,1,78.15,B,0,Excellent platform for learning,Positive
1899,Anjali Iyer,18,Female,0.78,46.43,0.56,6,18,2,60.94,C,0,Normal learning experience,Neutral
1900,Sneha Reddy,22,Female,0.42,17.55,0.63,7,16,1,35.85,Fail,1,Too difficult to follow,Negative
1901,Divya Singh,26,Female,0.44,18.36,0.74,4,42,3,54.37,D,1,Too difficult to follow,Negative
1902,Anjali Singh,28,Female,1,72.23,0.8,4,32,5,68.42,C,0,Average experience,Neutral
1903,Anjali Singh,27,Female,0.67,59.08,0.82,6,27,7,64.38,C,0,Can be improved,Neutral
1904,Ravi Gupta,23,Male,1,13.26,0.53,6,10,6,62.2,C,0,Average experience,Neutral
1905,Meena Verma,28,Male,0.46,34.3,0.82,5,43,9,58.56,C,0,Can be improved,Neutral
1906,Anjali Gupta,19,Male,0.9,62.5,0.89,6,11,7,67.9,C,0,Can be improved,Neutral
1907,Anjali Reddy,26,Male,0.85,39.71,0.52,9,45,1,69.3,C,0,Normal learning experience,Neutral
1908,Priya Singh,25,Female,0.52,14.13,0.76,5,3,9,43.45,D,0,Poor explanations,Negative
1909,Karthik Gupta,28,Female,0.72,18.85,0.62,9,44,4,61.74,C,0,Normal learning experience,Neutral
1910,Vijay Verma,19,Female,0.53,50.92,1,7,49,4,62.58,C,0,Average experience,Neutral
1911,Ravi Gupta,25,Male,0.48,29.6,0.75,4,6,6,53.47,D,0,Very confusing content,Negative
1912,Meena Das,19,Female,0.73,1,0.95,6,15,9,65.86,C,0,Can be improved,Neutral
1913,Suresh Verma,26,Male,0.58,29.09,0.56,8,47,3,58.96,C,0,Okay course,Neutral
1914,Sneha Kumar,26,Female,1,63.68,0.88,4,48,7,89.48,A,0,Loved the teaching style,Positive
1915,Rahul Reddy,26,Male,0.44,35.39,0.78,7,28,9,56.65,C,0,Average experience,Neutral
1916,Priya Gupta,22,Female,0.6,52.12,1,4,9,1,68.81,C,0,Nothing special,Neutral
1917,Arun Verma,24,Male,0.71,38.25,0.87,9,6,8,69.27,C,0,Okay course,Neutral
1918,Meena Sharma,26,Female,0.7,32.54,0.71,4,27,8,60.42,C,0,Normal learning experience,Neutral
1919,Kavya Iyer,26,Female,0.74,55.26,0.65,9,17,4,65.74,C,0,Nothing special,Neutral
1920,Priya Singh,25,Female,0.59,17.24,0.93,3,27,0,57.24,C,0,Normal learning experience,Neutral
1921,Suresh Iyer,19,Female,0.62,47.62,0.56,8,48,4,63.66,C,0,Average experience,Neutral
1922,Rahul Reddy,26,Male,0.66,34.91,0.72,3,10,5,54.39,D,0,Too difficult to follow,Negative
1923,Anjali Iyer,18,Female,0.55,39.04,0.39,3,46,7,50.07,D,0,Very confusing content,Negative
1924,Meena Nair,27,Female,0.69,49.91,0.49,5,17,1,50.12,D,0,Very confusing content,Negative
1925,Anjali Sharma,27,Male,0.69,55.44,0.71,9,36,8,62.87,C,0,Average experience,Neutral
1926,Ravi Sharma,18,Male,0.49,23.14,0.53,6,10,7,46.19,D,0,Too difficult to follow,Negative
1927,Rahul Sharma,21,Male,0.67,49.5,0.75,3,6,6,53.58,D,0,Too difficult to follow,Negative
1928,Divya Das,21,Male,0.98,53.52,0.51,3,42,1,62.61,C,0,Can be improved,Neutral
1929,Kavya Verma,27,Male,1,39.68,0.63,4,5,4,56.87,C,0,Average experience,Neutral
1930,Rahul Sharma,18,Male,0.66,39.83,0.54,3,3,1,55.21,C,0,Nothing special,Neutral
1931,Sneha Gupta,23,Male,0.89,49.15,0.98,5,16,1,64.38,C,0,Okay course,Neutral
1932,Meena Das,27,Male,0.58,24.46,0.62,3,22,8,55.69,C,0,Okay course,Neutral
1933,Sneha Kumar,21,Male,0.79,34.82,0.49,6,24,3,60.33,C,0,Nothing special,Neutral
1934,Arun Singh,20,Female,0.5,47.04,0.88,4,1,1,50.72,D,0,Too difficult to follow,Negative
1935,Kavya Das,19,Male,0.74,47.87,0.63,8,28,4,65.62,C,0,Can be improved,Neutral
1936,Kavya Nair,22,Female,0.96,1.57,0.79,4,15,2,58.55,C,0,Nothing special,Neutral
1937,Karthik Reddy,26,Female,0.82,21.86,0.53,4,44,1,53.31,D,0,Not useful at all,Negative
1938,Divya Iyer,28,Male,0.74,38.84,1,4,45,2,64.9,C,0,Okay course,Neutral
1939,Meena Verma,22,Female,0.74,32.09,0.5,6,40,0,56.19,C,0,Normal learning experience,Neutral
1940,Arun Verma,24,Male,0.6,67.79,0.54,5,11,2,58.53,C,0,Normal learning experience,Neutral
1941,Karthik Singh,19,Male,0.74,42.73,0.74,9,6,4,61.91,C,0,Average experience,Neutral
1942,Rahul Iyer,18,Female,0.8,40.64,0.64,3,19,0,55.48,C,0,Can be improved,Neutral
1943,Kavya Nair,24,Male,0.77,12.64,0.97,7,28,7,67.56,C,0,Normal learning experience,Neutral
1944,Meena Gupta,24,Male,0.65,50.48,0.7,4,11,5,46.37,D,0,Very confusing content,Negative
1945,Sneha Das,18,Female,0.89,80.52,0.78,7,0,9,83.8,B,0,Great course and very helpful,Positive
1946,Karthik Iyer,28,Male,0.57,25.41,0.49,8,27,6,49,D,0,Too difficult to follow,Negative
1947,Rahul Sharma,25,Female,0.89,54.08,0.67,3,9,3,56.61,C,0,Average experience,Neutral
1948,Karthik Sharma,27,Female,0.97,51.34,0.6,6,33,0,74.03,B,0,Very engaging and informative,Positive
1949,Arun Reddy,20,Male,0.72,32.78,0.55,3,43,1,48.9,D,0,Too difficult to follow,Negative
1950,Rahul Gupta,18,Male,0.97,45.73,0.23,4,24,2,55.44,C,0,Okay course,Neutral
1951,Ravi Singh,22,Female,0.67,48.06,0.89,5,40,4,70.39,B,0,Loved the teaching style,Positive
1952,Rahul Gupta,29,Female,0.6,57.66,0.82,9,47,5,71.67,B,0,Loved the teaching style,Positive
1953,Anjali Sharma,21,Male,0.79,23.13,0.35,3,38,1,55.07,C,0,Nothing special,Neutral
1954,Anjali Iyer,28,Male,0.76,43.15,0.81,3,35,8,60.82,C,0,Okay course,Neutral
1955,Sneha Patel,24,Male,0.65,36.01,0.57,8,12,6,50.5,D,0,Very confusing content,Negative
1956,Vijay Patel,20,Male,0.97,2.85,0.61,7,40,4,64.1,C,0,Can be improved,Neutral
1957,Anjali Patel,27,Male,0.77,5.92,0.94,4,39,3,61.3,C,0,Can be improved,Neutral
1958,Ravi Das,19,Female,0.9,53.84,0.72,6,34,5,80.16,B,0,Helped me improve a lot,Positive
1959,Sneha Singh,23,Female,0.82,43.67,0.58,8,46,0,70.8,B,0,Helped me improve a lot,Positive
1960,Sneha Verma,26,Male,0.71,27.34,1,9,18,6,71.82,B,0,Great course and very helpful,Positive
1961,Anjali Verma,25,Female,0.62,34.6,0.45,6,2,3,47.31,D,0,Very confusing content,Negative
1962,Sneha Gupta,22,Female,0.75,52.89,0.99,8,2,1,68.24,C,0,Okay course,Neutral
1963,Arun Patel,26,Female,1,39.01,0.66,9,12,8,72.72,B,0,Loved the teaching style,Positive
1964,Ravi Singh,18,Female,0.77,43.26,0.49,9,8,6,63.36,C,0,Normal learning experience,Neutral
1965,Ravi Reddy,23,Male,0.64,52.23,0.46,6,25,9,51.33,D,0,Waste of time,Negative
1966,Arun Verma,18,Male,1,35.09,0.64,3,37,8,68.88,C,0,Average experience,Neutral
1967,Rahul Sharma,30,Male,0.61,15.72,0.48,3,41,9,47.41,D,0,Not useful at all,Negative
1968,Meena Reddy,19,Male,0.62,42.92,0.59,7,37,3,53.99,D,0,Not useful at all,Negative
1969,Rahul Gupta,24,Female,1,56.79,0.47,7,32,0,73.27,B,0,Great course and very helpful,Positive
1970,Ravi Kumar,18,Female,0.48,76.57,0.51,9,49,2,65.87,C,0,Normal learning experience,Neutral
1971,Vijay Patel,22,Male,1,37.49,0.91,8,31,7,75.93,B,0,Helped me improve a lot,Positive
1972,Priya Nair,22,Female,0.88,33.8,0.58,3,34,3,65.59,C,0,Can be improved,Neutral
1973,Rahul Patel,22,Male,0.89,11.88,0.8,9,18,9,62.96,C,0,Okay course,Neutral
1974,Ravi Das,24,Female,0.71,19.91,0.53,3,32,4,55.41,C,0,Can be improved,Neutral
1975,Arun Patel,24,Female,0.73,47.34,0.79,6,45,2,69.69,C,0,Average experience,Neutral
1976,Divya Iyer,27,Male,1,43.53,0.69,4,13,1,68.28,C,0,Average experience,Neutral
1977,Kavya Reddy,18,Female,0.55,23.71,0.56,7,49,2,59.72,C,0,Nothing special,Neutral
1978,Kavya Kumar,19,Female,0.53,47.52,0.67,7,35,7,49.9,D,0,Waste of time,Negative
1979,Karthik Gupta,19,Female,0.4,45.14,0.47,7,10,5,37.4,Fail,0,Too difficult to follow,Negative
1980,Rahul Das,26,Female,0.76,37.41,0.99,9,35,6,69.56,C,0,Can be improved,Neutral
1981,Vijay Verma,27,Male,0.45,36.79,1,8,16,0,61.86,C,0,Nothing special,Neutral
1982,Kavya Gupta,26,Male,1,35.55,0.48,8,23,3,58.39,C,0,Nothing special,Neutral
1983,Sneha Iyer,27,Female,0.82,48.27,0.4,3,10,5,52.89,D,0,Poor explanations,Negative
1984,Suresh Patel,21,Female,1,58.11,0.55,3,30,2,64.96,C,0,Okay course,Neutral
1985,Meena Kumar,27,Female,0.7,55,0.8,9,8,2,63.27,C,0,Okay course,Neutral
1986,Suresh Kumar,27,Female,0.85,54.54,0.95,6,20,1,80.07,B,0,Great course and very helpful,Positive
1987,Suresh Iyer,29,Male,0.88,44.58,0.78,3,9,4,62.72,C,0,Normal learning experience,Neutral
1988,Suresh Das,25,Male,0.66,24.38,0.9,6,25,8,65.42,C,0,Can be improved,Neutral
1989,Divya Iyer,19,Male,0.6,42.31,0.62,5,39,5,56.64,C,0,Okay course,Neutral
1990,Priya Kumar,25,Female,0.62,7.8,0.85,9,35,3,64.97,C,0,Nothing special,Neutral
1991,Priya Nair,27,Female,0.52,67.85,0.7,5,34,2,58.36,C,0,Okay course,Neutral
1992,Karthik Reddy,22,Female,1,63.27,0.75,9,30,0,72.4,B,0,Excellent platform for learning,Positive
1993,Meena Kumar,26,Male,0.82,40.84,0.56,4,3,2,47.91,D,0,Very confusing content,Negative
1994,Karthik Reddy,29,Female,0.88,34.25,0.52,8,2,2,55.9,C,0,Normal learning experience,Neutral
1995,Divya Reddy,20,Male,0.95,45.31,0.26,5,48,6,66.19,C,0,Nothing special,Neutral
1996,Kavya Das,24,Male,1,72.53,0.96,4,48,8,100,A,0,Excellent platform for learning,Positive
1997,Sneha Verma,21,Male,0.54,57.63,1,7,1,5,72.39,B,0,Very engaging and informative,Positive
1998,Anjali Gupta,27,Female,0.73,42.72,0.44,9,3,5,53.44,D,0,Not useful at all,Negative
1999,Ravi Patel,25,Female,1,34.07,0.61,3,43,9,74.38,B,0,Very engaging and informative,Positive
2000,Priya Reddy,24,Male,0.72,54.19,0.82,9,39,3,74.06,B,0,Loved the teaching style,Positive
2001,Vijay Reddy,18,Male,0.62,53.03,1,5,22,6,70.26,B,0,Very engaging and informative,Positive
2002,Ravi Sharma,29,Male,0.75,10.93,0.46,9,0,0,46.04,D,0,Not useful at all,Negative
2003,Ravi Gupta,27,Male,0.76,69.31,1,4,40,0,79.98,B,0,Excellent platform for learning,Positive
2004,Ravi Kumar,28,Female,0.81,52.13,0.92,4,33,7,79.11,B,0,Great course and very helpful,Positive
2005,Anjali Singh,18,Male,0.33,48.33,0.57,3,13,2,35.66,Fail,0,Very confusing content,Negative
2006,Priya Singh,26,Male,0.79,17.11,0.9,7,26,2,69.98,C,0,Nothing special,Neutral
2007,Sneha Singh,30,Male,0.62,43.57,0.68,7,15,7,51.04,D,0,Too difficult to follow,Negative
2008,Karthik Sharma,22,Female,0.85,57.37,0.77,3,36,8,73.94,B,0,Loved the teaching style,Positive
2009,Rahul Das,28,Female,0.59,69.23,0.85,6,18,3,71.28,B,0,Very engaging and informative,Positive
2010,Anjali Nair,18,Female,0.99,32.98,0.68,9,29,0,73.6,B,0,Excellent platform for learning,Positive
2011,Vijay Kumar,26,Male,0.4,21.55,0.54,5,49,4,44.96,D,0,Waste of time,Negative
2012,Rahul Singh,18,Male,0.67,64.42,0.72,8,37,0,70.63,B,0,Great course and very helpful,Positive
2013,Rahul Singh,20,Male,0.75,31.62,0.9,4,49,1,75.54,B,0,Excellent platform for learning,Positive
2014,Sneha Sharma,28,Male,0.98,36.11,0.91,9,21,2,80.83,B,0,Great course and very helpful,Positive
2015,Suresh Iyer,20,Male,0.72,27,0.88,8,46,8,72.63,B,0,Very engaging and informative,Positive
2016,Meena Gupta,25,Male,0.92,27.85,0.6,8,36,7,73.32,B,0,Great course and very helpful,Positive
2017,Kavya Reddy,18,Male,0.83,33.66,0.56,5,10,3,54.05,D,0,Waste of time,Negative
2018,Rahul Gupta,30,Female,0.48,39.5,0.83,7,46,9,73.33,B,0,Helped me improve a lot,Positive
2019,Meena Patel,20,Male,0.82,45.13,0.8,3,2,5,66.53,C,0,Can be improved,Neutral
2020,Meena Nair,27,Male,0.88,48.68,0.66,6,24,2,66.89,C,0,Okay course,Neutral
2021,Priya Gupta,29,Female,0.8,26.14,0.43,8,16,1,58.37,C,0,Average experience,Neutral
2022,Sneha Verma,19,Male,0.78,61.98,0.95,9,11,8,77.75,B,0,Very engaging and informative,Positive
2023,Rahul Kumar,29,Male,0.48,48.08,1,3,44,9,72.66,B,0,Very engaging and informative,Positive
2024,Meena Verma,21,Female,0.84,56.4,0.48,9,12,9,63.12,C,0,Nothing special,Neutral
2025,Rahul Kumar,29,Male,0.7,27.83,0.85,5,37,7,69.4,C,0,Okay course,Neutral
2026,Divya Nair,25,Male,1,26.69,1,3,3,1,65.27,C,0,Nothing special,Neutral
2027,Suresh Verma,28,Female,0.69,47.18,0.67,8,36,2,71.63,B,0,Very engaging and informative,Positive
2028,Meena Nair,27,Female,0.75,54.64,0.82,3,20,0,65.31,C,0,Okay course,Neutral
2029,Suresh Iyer,22,Male,0.85,39.59,0.41,4,4,8,43.41,D,0,Waste of time,Negative
2030,Sneha Patel,19,Male,0.67,41.85,0.77,7,42,5,72.05,B,0,Great course and very helpful,Positive
2031,Kavya Nair,19,Female,0.9,57.08,0.71,6,2,1,62.97,C,0,Normal learning experience,Neutral
2032,Karthik Nair,24,Male,0.7,23.92,0.73,4,46,3,65.91,C,0,Okay course,Neutral
2033,Kavya Nair,21,Female,0.8,47.08,0.65,7,45,5,66.95,C,0,Nothing special,Neutral
2034,Vijay Verma,27,Male,0.6,62.81,0.64,9,17,7,69.81,C,0,Average experience,Neutral
2035,Arun Iyer,24,Male,0.94,23.23,0.88,8,40,1,72.91,B,0,Excellent platform for learning,Positive
2036,Ravi Gupta,23,Male,0.95,34.93,0.59,7,20,5,62.03,C,0,Nothing special,Neutral
2037,Karthik Verma,29,Male,0.56,56.6,0.59,7,2,5,41.92,D,0,Not useful at all,Negative
2038,Meena Singh,24,Female,0.96,54.66,0.48,8,32,0,67.6,C,0,Nothing special,Neutral
2039,Divya Das,21,Female,0.47,48.9,0.62,7,46,6,62.81,C,0,Normal learning experience,Neutral
2040,Vijay Kumar,22,Female,0.63,27.17,0.34,7,35,5,43.37,D,0,Not useful at all,Negative
2041,Kavya Gupta,26,Female,0.8,21.21,0.37,8,47,6,66.87,C,0,Nothing special,Neutral
2042,Ravi Kumar,27,Female,0.68,41.7,0.65,9,40,7,65.85,C,0,Normal learning experience,Neutral
2043,Arun Das,27,Female,0.8,45.63,0.45,6,47,3,60.28,C,0,Normal learning experience,Neutral
2044,Ravi Gupta,25,Male,0.55,59.3,0.48,9,31,0,56.92,C,0,Can be improved,Neutral
2045,Vijay Sharma,20,Male,0.68,32.8,0.58,5,38,1,56.84,C,0,Okay course,Neutral
2046,Karthik Patel,24,Female,0.73,31.56,0.76,4,27,2,65.95,C,0,Normal learning experience,Neutral
2047,Vijay Verma,27,Female,0.52,49.41,0.66,8,39,2,56.28,C,0,Normal learning experience,Neutral
2048,Priya Nair,26,Female,0.91,33.62,0.78,9,5,6,53.86,D,0,Not useful at all,Negative
2049,Kavya Verma,30,Male,0.9,78.85,0.7,6,44,9,77.25,B,0,Loved the teaching style,Positive
2050,Anjali Sharma,20,Male,1,31.62,0.9,6,28,2,74.83,B,0,Great course and very helpful,Positive
2051,Suresh Verma,22,Male,1,-3.63,0.46,7,48,8,55.1,C,0,Okay course,Neutral
2052,Arun Gupta,22,Female,0.81,45.91,0.82,8,11,6,63.53,C,0,Nothing special,Neutral
2053,Priya Patel,28,Male,0.67,52,0.86,7,33,2,65.79,C,0,Average experience,Neutral
2054,Anjali Das,18,Female,1,47.87,0.86,4,12,4,70.06,B,0,Very engaging and informative,Positive
2055,Kavya Nair,24,Female,0.79,17.74,0.99,7,36,3,66.41,C,0,Nothing special,Neutral
2056,Arun Verma,22,Male,0.26,78.15,0.34,5,43,3,44.62,D,0,Very confusing content,Negative
2057,Anjali Das,27,Male,0.53,41.65,0.47,6,5,2,45.96,D,0,Not useful at all,Negative
2058,Ravi Patel,18,Male,0.74,3.07,0.59,7,46,1,59.09,C,0,Can be improved,Neutral
2059,Vijay Singh,28,Male,0.68,44.06,0.6,4,0,7,50.69,D,0,Poor explanations,Negative
2060,Ravi Iyer,20,Female,0.9,41.5,0.65,6,26,7,65.48,C,0,Normal learning experience,Neutral
2061,Divya Das,29,Male,0.97,33.58,0.8,5,46,4,71.39,B,0,Excellent platform for learning,Positive
2062,Vijay Iyer,24,Female,0.6,33.99,0.45,4,11,9,42.03,D,0,Not useful at all,Negative
2063,Anjali Kumar,26,Male,0.39,57.62,0.97,3,19,0,53.22,D,0,Not useful at all,Negative
2064,Priya Reddy,21,Male,1,33.84,0.72,7,10,7,68.99,C,0,Average experience,Neutral
2065,Sneha Kumar,19,Female,0.82,11.37,0.93,4,33,8,57.48,C,0,Okay course,Neutral
2066,Meena Patel,21,Female,0.88,79.04,0.8,9,6,4,71.82,B,0,Very engaging and informative,Positive
2067,Ravi Reddy,18,Female,0.68,53.55,0.74,7,9,9,66.65,C,0,Average experience,Neutral
2068,Meena Kumar,27,Male,0.87,33.56,0.38,3,39,3,63.37,C,0,Normal learning experience,Neutral
2069,Meena Reddy,27,Female,0.77,63.34,1,9,12,0,80.84,B,0,Great course and very helpful,Positive
2070,Rahul Verma,18,Male,0.89,37.6,0.58,9,44,1,58.93,C,0,Okay course,Neutral
2071,Karthik Singh,27,Male,0.73,56.45,0.95,8,27,1,75.36,B,0,Very engaging and informative,Positive
2072,Vijay Verma,26,Male,0.75,34.51,0.41,3,11,5,57.42,C,0,Can be improved,Neutral
2073,Sneha Nair,21,Female,0.76,54.89,0.32,3,12,3,50.62,D,0,Very confusing content,Negative
2074,Meena Nair,18,Female,0.54,49.69,0.6,9,15,6,60.21,C,0,Can be improved,Neutral
2075,Arun Sharma,28,Male,0.72,42.94,0.79,5,47,1,62.3,C,0,Normal learning experience,Neutral
2076,Priya Iyer,29,Female,0.56,44.62,0.96,8,13,2,59.35,C,0,Nothing special,Neutral
2077,Anjali Verma,18,Male,0.91,36.67,0.9,6,3,8,64.11,C,0,Can be improved,Neutral
2078,Arun Das,27,Male,0.6,17.21,0.7,4,21,7,45.11,D,0,Very confusing content,Negative
2079,Priya Singh,27,Male,0.83,37.22,1,9,35,3,75.51,B,0,Loved the teaching style,Positive
2080,Karthik Verma,25,Female,0.36,16.68,0.57,5,14,0,41.71,D,1,Waste of time,Negative
2081,Rahul Kumar,27,Female,0.5,51,1,7,44,4,66.38,C,0,Okay course,Neutral
2082,Karthik Reddy,18,Male,0.84,19.6,0.73,4,20,8,57.36,C,0,Normal learning experience,Neutral
2083,Divya Sharma,20,Female,0.75,54.75,0.47,9,40,0,67.49,C,0,Average experience,Neutral
2084,Divya Gupta,28,Male,0.87,14.93,0.77,4,34,1,59.31,C,0,Okay course,Neutral
2085,Suresh Patel,26,Female,0.58,56.87,0.37,6,38,0,54.35,D,0,Too difficult to follow,Negative
2086,Rahul Singh,30,Female,0.85,32.74,0.65,6,32,7,63.75,C,0,Nothing special,Neutral
2087,Ravi Patel,30,Male,0.49,26.26,0.53,9,31,2,50.99,D,0,Poor explanations,Negative
2088,Arun Das,24,Female,0.62,26.68,0.55,6,32,2,53.41,D,0,Poor explanations,Negative
2089,Vijay Sharma,25,Male,0.64,24.53,0.99,8,11,5,55.2,C,0,Okay course,Neutral
2090,Karthik Kumar,23,Male,0.92,49.13,0.78,8,45,3,62.66,C,0,Normal learning experience,Neutral
2091,Sneha Sharma,23,Male,0.73,43.92,0.65,6,14,0,61.74,C,0,Average experience,Neutral
2092,Meena Sharma,20,Male,0.63,58.53,0.72,8,46,7,78.05,B,0,Excellent platform for learning,Positive
2093,Kavya Reddy,27,Female,0.76,52.27,0.35,8,9,5,53.98,D,0,Waste of time,Negative
2094,Rahul Reddy,28,Female,0.6,27.83,1,4,13,1,65.4,C,0,Average experience,Neutral
2095,Anjali Kumar,18,Male,0.79,48.9,0.49,6,14,0,63.85,C,0,Can be improved,Neutral
2096,Karthik Reddy,25,Female,1,43.11,0.36,8,3,6,49.47,D,0,Not useful at all,Negative
2097,Ravi Verma,21,Female,0.59,66.9,0.63,9,18,5,66.68,C,0,Okay course,Neutral
2098,Suresh Reddy,23,Female,0.44,62.58,1,9,18,7,68.41,C,0,Nothing special,Neutral
2099,Sneha Nair,28,Male,1,31.72,0.33,5,20,3,51.44,D,0,Not useful at all,Negative
2100,Arun Gupta,23,Female,0.75,40.51,0.6,4,27,1,55.78,C,0,Nothing special,Neutral
2101,Priya Das,21,Male,0.95,45.79,0.51,8,22,5,63.45,C,0,Normal learning experience,Neutral
2102,Priya Nair,20,Male,1,30.37,0.98,7,23,6,75.93,B,0,Excellent platform for learning,Positive
2103,Divya Sharma,22,Female,1,62.13,1,3,45,0,78.32,B,0,Very engaging and informative,Positive
2104,Suresh Singh,24,Male,0.89,58.57,0.48,6,21,3,67.12,C,0,Can be improved,Neutral
2105,Arun Reddy,30,Female,0.61,27.57,0.73,7,48,0,76.54,B,0,Excellent platform for learning,Positive
2106,Sneha Iyer,20,Male,0.72,38.83,0.79,3,40,7,69.44,C,0,Nothing special,Neutral
2107,Ravi Singh,29,Male,0.69,43.01,0.63,8,3,9,60.3,C,0,Can be improved,Neutral
2108,Vijay Reddy,28,Male,1,20.44,0.74,5,37,7,72.36,B,0,Loved the teaching style,Positive
2109,Sneha Kumar,25,Female,0.97,23.51,0.61,4,0,6,57.03,C,0,Okay course,Neutral
2110,Anjali Gupta,28,Male,0.74,6.63,0.77,7,45,2,64.89,C,0,Normal learning experience,Neutral
2111,Divya Reddy,29,Female,1,37.09,0.78,4,0,9,60.51,C,0,Normal learning experience,Neutral
2112,Sneha Iyer,22,Male,0.71,35.42,0.76,7,32,9,61.47,C,0,Can be improved,Neutral
2113,Karthik Kumar,28,Female,0.29,36.83,0.71,7,31,6,38.78,Fail,0,Waste of time,Negative
2114,Suresh Das,25,Female,0.6,26.24,0.91,6,47,3,66.99,C,0,Can be improved,Neutral
2115,Kavya Patel,18,Male,0.8,18.5,0.67,9,39,1,59.36,C,0,Average experience,Neutral
2116,Anjali Sharma,30,Male,0.88,21.36,0.25,7,23,4,44.89,D,0,Not useful at all,Negative
2117,Suresh Gupta,22,Female,0.61,39.2,0.75,7,25,2,54.07,D,0,Poor explanations,Negative
2118,Suresh Das,26,Male,0.53,41.14,1,5,37,5,60.78,C,0,Okay course,Neutral
2119,Sneha Verma,24,Male,0.83,43.76,0.8,4,9,4,68.34,C,0,Normal learning experience,Neutral
2120,Ravi Gupta,22,Female,0.56,31.99,0.52,4,45,0,50.71,D,0,Too difficult to follow,Negative
2121,Suresh Gupta,21,Male,0.84,42.13,0.83,9,32,7,69.31,C,0,Nothing special,Neutral
2122,Anjali Verma,20,Male,1,20.88,0.5,5,13,1,65.26,C,0,Nothing special,Neutral
2123,Ravi Iyer,23,Male,0.62,64.88,0.9,4,25,4,71.53,B,0,Helped me improve a lot,Positive
2124,Suresh Gupta,23,Male,0.91,46.89,1,3,16,0,73.1,B,0,Loved the teaching style,Positive
2125,Kavya Sharma,29,Male,0.84,38.97,0.47,8,12,1,63.18,C,0,Okay course,Neutral
2126,Vijay Verma,24,Male,0.74,23.95,0.57,5,49,8,65.75,C,0,Nothing special,Neutral
2127,Rahul Reddy,20,Male,0.64,47.18,0.76,9,6,9,59.33,C,0,Okay course,Neutral
2128,Divya Singh,23,Male,0.56,58.01,0.74,6,31,7,53.59,D,0,Very confusing content,Negative
2129,Arun Das,18,Male,0.65,28.09,0.34,3,1,6,39.37,Fail,0,Too difficult to follow,Negative
2130,Anjali Patel,29,Female,0.84,31.31,0.76,5,21,8,56.52,C,0,Average experience,Neutral
2131,Sneha Kumar,18,Male,0.98,33.37,1,6,49,6,85.22,A,0,Great course and very helpful,Positive
2132,Divya Kumar,30,Female,0.47,32.81,0.77,9,20,2,51.37,D,0,Poor explanations,Negative
2133,Vijay Sharma,19,Male,0.77,53.34,1,4,30,3,82.33,B,0,Helped me improve a lot,Positive
2134,Priya Nair,20,Male,0.9,32.28,0.47,3,6,9,60.41,C,0,Normal learning experience,Neutral
2135,Karthik Reddy,25,Male,0.67,25.8,0.79,7,19,2,53.85,D,0,Too difficult to follow,Negative
2136,Rahul Singh,26,Female,0.71,53.76,0.58,7,25,0,69.82,C,0,Okay course,Neutral
2137,Karthik Reddy,29,Male,0.55,34.07,0.87,7,32,4,53.99,D,0,Waste of time,Negative
2138,Anjali Sharma,23,Female,0.76,42.15,0.81,4,2,3,59.03,C,0,Average experience,Neutral
2139,Sneha Singh,24,Male,0.94,47.37,0.47,9,24,8,77.82,B,0,Helped me improve a lot,Positive
2140,Karthik Sharma,27,Female,0.84,22.39,0.68,4,19,2,57.48,C,0,Can be improved,Neutral
2141,Anjali Das,22,Female,0.9,29.56,0.49,6,8,9,57.07,C,0,Okay course,Neutral
2142,Vijay Patel,25,Male,0.92,17.29,0.43,3,45,0,47.9,D,0,Too difficult to follow,Negative
2143,Rahul Nair,27,Female,0.65,2.7,0.69,7,21,5,52.32,D,0,Not useful at all,Negative
2144,Meena Reddy,18,Female,0.97,56.66,0.92,7,45,4,80.73,B,0,Loved the teaching style,Positive
2145,Divya Singh,29,Female,0.48,63.92,0.7,3,40,0,60.6,C,0,Average experience,Neutral
2146,Kavya Kumar,18,Female,0.34,49.61,0.32,7,32,2,39.35,Fail,0,Too difficult to follow,Negative
2147,Priya Sharma,25,Male,0.82,34.94,0.8,9,48,3,81.6,B,0,Very engaging and informative,Positive
2148,Vijay Kumar,27,Male,0.5,31.57,0.71,6,40,1,54.72,D,0,Very confusing content,Negative
2149,Karthik Kumar,20,Male,0.61,39.72,0.73,3,5,1,55.47,C,0,Average experience,Neutral
2150,Meena Patel,22,Male,0.7,14.05,0.74,8,34,6,58.6,C,0,Normal learning experience,Neutral
2151,Meena Patel,27,Female,0.74,39.2,0.54,4,37,5,68.25,C,0,Can be improved,Neutral
2152,Arun Patel,29,Male,0.88,43.42,0.97,3,43,6,72.77,B,0,Loved the teaching style,Positive
2153,Sneha Singh,21,Male,0.8,75.04,0.35,6,0,7,68.79,C,0,Okay course,Neutral
2154,Rahul Patel,24,Female,0.64,51.36,0.52,5,40,7,61.56,C,0,Average experience,Neutral
2155,Kavya Singh,30,Male,0.84,22.49,0.67,9,15,8,71.89,B,0,Excellent platform for learning,Positive
2156,Suresh Reddy,29,Female,0.47,11.94,0.92,3,15,8,55.23,C,1,Normal learning experience,Neutral
2157,Vijay Das,20,Female,0.78,47.23,0.55,7,20,0,56.24,C,0,Okay course,Neutral
2158,Meena Verma,18,Male,0.35,43.69,0.73,6,12,9,43.86,D,0,Waste of time,Negative
2159,Suresh Singh,21,Female,0.78,61.09,0.9,3,1,9,73.33,B,0,Excellent platform for learning,Positive
2160,Rahul Nair,24,Male,0.51,50.33,0.92,5,37,5,64.36,C,0,Okay course,Neutral
2161,Karthik Verma,22,Female,0.82,64.04,0.63,5,2,6,65.21,C,0,Okay course,Neutral
2162,Arun Patel,25,Female,0.73,32.37,0.63,8,18,0,54.47,D,0,Waste of time,Negative
2163,Suresh Kumar,27,Male,0.89,25.75,0.72,6,43,7,71.59,B,0,Very engaging and informative,Positive
2164,Rahul Verma,25,Female,0.88,43.84,0.59,8,22,8,65.02,C,0,Average experience,Neutral
2165,Arun Gupta,30,Female,0.69,54.85,0.84,5,15,8,54.16,D,0,Too difficult to follow,Negative
2166,Meena Gupta,23,Female,1,35.68,1,7,47,8,87.12,A,0,Helped me improve a lot,Positive
2167,Karthik Sharma,23,Male,0.8,38.59,1,3,5,6,64.36,C,0,Nothing special,Neutral
2168,Anjali Gupta,27,Female,0.97,38.96,0.45,3,39,6,62.1,C,0,Can be improved,Neutral
2169,Vijay Patel,19,Male,1,16.27,0.54,6,30,9,62.04,C,0,Normal learning experience,Neutral
2170,Kavya Nair,24,Male,0.58,40.26,0.77,5,12,8,64.35,C,0,Normal learning experience,Neutral
2171,Karthik Nair,27,Male,0.57,39.64,0.54,8,1,7,48.32,D,0,Not useful at all,Negative
2172,Anjali Kumar,21,Male,0.82,44.65,0.66,5,2,8,55.71,C,0,Nothing special,Neutral
2173,Meena Gupta,30,Female,0.56,60.53,0.83,7,7,4,69.1,C,0,Okay course,Neutral
2174,Meena Kumar,20,Male,0.94,37.3,0.89,3,28,7,72.05,B,0,Excellent platform for learning,Positive
2175,Vijay Nair,27,Female,0.63,60.03,0.43,3,24,8,51.15,D,0,Poor explanations,Negative
2176,Divya Das,19,Female,0.38,43.64,0.58,5,8,8,48.52,D,0,Poor explanations,Negative
2177,Karthik Iyer,25,Female,0.77,57.84,0.76,9,14,2,67.48,C,0,Nothing special,Neutral
2178,Meena Gupta,29,Female,0.47,36.83,0.61,7,6,5,45.98,D,0,Too difficult to follow,Negative
2179,Sneha Kumar,24,Female,0.91,64.4,1,3,28,8,78.08,B,0,Excellent platform for learning,Positive
2180,Meena Reddy,22,Female,0.5,50.7,0.31,5,14,0,41.79,D,0,Very confusing content,Negative
2181,Priya Iyer,18,Male,1,34.21,0.33,7,6,4,53.6,D,0,Not useful at all,Negative
2182,Priya Patel,29,Female,0.74,10.89,0.51,5,24,6,50.65,D,0,Waste of time,Negative
2183,Rahul Patel,28,Male,0.72,22.17,0.74,7,2,2,60.77,C,0,Can be improved,Neutral
2184,Meena Verma,23,Male,0.81,41.62,0.69,6,13,1,57.21,C,0,Normal learning experience,Neutral
2185,Divya Patel,25,Male,0.72,49.1,0.75,8,22,3,59.23,C,0,Nothing special,Neutral
2186,Rahul Reddy,22,Male,0.13,44.01,0.57,8,46,8,47.81,D,0,Very confusing content,Negative
2187,Divya Patel,18,Male,0.68,30.46,0.54,8,9,2,55.71,C,0,Normal learning experience,Neutral
2188,Rahul Nair,29,Male,1,46.07,0.53,4,30,8,61.71,C,0,Can be improved,Neutral
2189,Meena Iyer,24,Male,0.81,39.78,0.88,8,40,5,81.04,B,0,Great course and very helpful,Positive
2190,Divya Verma,25,Male,0.76,45.73,0.32,4,27,3,39.77,Fail,0,Not useful at all,Negative
2191,Sneha Reddy,27,Male,0.75,51.92,0.68,7,10,9,68.41,C,0,Nothing special,Neutral
2192,Rahul Kumar,22,Male,0.72,25.9,0.78,7,13,3,59.63,C,0,Okay course,Neutral
2193,Vijay Kumar,24,Female,0.54,46.37,0.87,6,47,3,65.95,C,0,Can be improved,Neutral
2194,Kavya Nair,24,Female,0.69,48.58,0.8,5,11,8,63.98,C,0,Average experience,Neutral
2195,Ravi Singh,26,Female,0.6,51.52,0.52,7,3,0,55.75,C,0,Nothing special,Neutral
2196,Priya Verma,27,Female,0.45,26.21,0.69,4,24,3,43.27,D,0,Not useful at all,Negative
2197,Kavya Kumar,21,Female,0.79,59.8,0.72,5,41,2,68.64,C,0,Can be improved,Neutral
2198,Karthik Kumar,27,Female,0.45,15.2,0.78,7,23,6,62.25,C,1,Can be improved,Neutral
2199,Arun Verma,27,Male,0.9,14.7,0.65,5,30,5,63.36,C,0,Normal learning experience,Neutral
2200,Kavya Sharma,30,Female,0.75,44.83,0.47,3,34,5,56.99,C,0,Okay course,Neutral
2201,Suresh Sharma,27,Male,0.86,25.71,0.53,5,47,7,61.55,C,0,Average experience,Neutral
2202,Priya Singh,27,Female,0.78,24.51,0.7,5,33,7,59.35,C,0,Normal learning experience,Neutral
2203,Karthik Iyer,28,Male,0.67,38.86,0.63,3,5,2,43.74,D,0,Not useful at all,Negative
2204,Anjali Nair,28,Female,0.73,25.33,0.77,6,16,1,71.94,B,0,Great course and very helpful,Positive
2205,Priya Sharma,27,Female,0.98,55.34,0.79,8,42,8,79.03,B,0,Very engaging and informative,Positive
2206,Anjali Patel,22,Male,0.93,27.71,0.58,6,25,9,62.33,C,0,Average experience,Neutral
2207,Kavya Das,25,Female,0.77,4.62,0.43,4,30,1,43.17,D,0,Very confusing content,Negative
2208,Kavya Das,29,Female,0.37,18.58,0.79,9,13,4,51.27,D,1,Waste of time,Negative
2209,Suresh Singh,25,Female,0.7,57.85,0.68,6,10,8,60.69,C,0,Normal learning experience,Neutral
2210,Ravi Gupta,26,Male,0.8,41.33,0.58,8,15,6,70.87,B,0,Very engaging and informative,Positive
2211,Anjali Singh,28,Male,0.69,30.89,0.56,8,5,6,53.1,D,0,Poor explanations,Negative
2212,Karthik Singh,20,Female,1,30.14,0.64,8,14,9,74.23,B,0,Loved the teaching style,Positive
2213,Kavya Iyer,26,Female,0.81,36.81,0.75,8,13,1,68.13,C,0,Average experience,Neutral
2214,Kavya Sharma,24,Female,0.81,27.14,0.56,6,8,6,61.56,C,0,Okay course,Neutral
2215,Vijay Singh,23,Male,0.63,56.95,0.81,4,30,8,62.85,C,0,Normal learning experience,Neutral
2216,Anjali Sharma,18,Male,0.86,32.05,0.62,5,1,2,53.5,D,0,Very confusing content,Negative
2217,Vijay Kumar,21,Female,0.9,21.2,0.93,8,42,1,77.68,B,0,Loved the teaching style,Positive
2218,Ravi Iyer,21,Female,0.9,14.14,0.53,6,11,0,60.26,C,0,Nothing special,Neutral
2219,Priya Kumar,21,Female,0.94,55.2,0.85,4,18,8,71.25,B,0,Excellent platform for learning,Positive
2220,Arun Verma,30,Male,0.81,45.83,0.54,5,35,5,62.39,C,0,Okay course,Neutral
2221,Sneha Nair,27,Male,1,47.34,0.62,6,9,3,63.83,C,0,Normal learning experience,Neutral
2222,Rahul Singh,18,Male,0.54,37.96,0.76,5,16,6,61.56,C,0,Nothing special,Neutral
2223,Sneha Iyer,28,Male,0.89,41.85,0.48,9,40,2,59.3,C,0,Okay course,Neutral
2224,Suresh Reddy,20,Female,0.93,51.19,0.66,8,32,1,66.55,C,0,Average experience,Neutral
2225,Sneha Nair,23,Male,0.45,31.79,0.49,4,36,8,44.33,D,0,Poor explanations,Negative
2226,Anjali Singh,30,Female,0.67,39.44,0.53,4,43,7,56.43,C,0,Okay course,Neutral
2227,Sneha Iyer,21,Female,0.83,15.95,0.44,8,13,5,46.05,D,0,Poor explanations,Negative
2228,Arun Iyer,23,Female,0.93,38.67,0.7,6,0,3,60.01,C,0,Okay course,Neutral
2229,Priya Iyer,23,Male,0.6,49.8,0.49,8,32,4,63.73,C,0,Okay course,Neutral
2230,Ravi Verma,25,Female,0.75,31.64,0.75,7,23,1,68.37,C,0,Can be improved,Neutral
2231,Karthik Reddy,27,Female,0.89,44.87,0.48,6,7,1,53.81,D,0,Waste of time,Negative
2232,Anjali Verma,19,Male,0.52,39.52,0.73,9,0,0,51.7,D,0,Not useful at all,Negative
2233,Priya Das,29,Male,0.74,48.79,0.69,9,37,2,68.33,C,0,Average experience,Neutral
2234,Priya Gupta,25,Female,0.74,33.45,0.75,8,23,4,59.77,C,0,Nothing special,Neutral
2235,Arun Reddy,29,Male,0.7,39.38,0.62,5,44,3,65.55,C,0,Okay course,Neutral
2236,Anjali Singh,28,Male,0.67,38.75,0.48,3,33,2,49.68,D,0,Very confusing content,Negative
2237,Rahul Singh,29,Female,0.92,56.57,0.55,8,31,1,68.01,C,0,Nothing special,Neutral
2238,Arun Das,22,Male,0.44,44.13,0.68,8,38,4,68.14,C,0,Okay course,Neutral
2239,Priya Kumar,24,Male,0.57,30.13,0.59,4,29,4,58.99,C,0,Nothing special,Neutral
2240,Priya Reddy,28,Female,1,35.17,0.52,5,21,1,56.3,C,0,Normal learning experience,Neutral
2241,Kavya Nair,27,Male,0.39,60.2,0.68,4,36,7,53.15,D,0,Not useful at all,Negative
2242,Arun Kumar,22,Female,1,38.16,0.63,8,16,4,66,C,0,Okay course,Neutral
2243,Karthik Gupta,26,Female,0.84,63.8,0.5,7,5,2,57.41,C,0,Nothing special,Neutral
2244,Divya Kumar,26,Female,0.75,28.04,0.75,3,2,8,49.9,D,0,Poor explanations,Negative
2245,Meena Patel,18,Male,0.83,43.63,0.6,9,1,5,60.68,C,0,Average experience,Neutral
2246,Suresh Patel,29,Female,0.92,33.67,1,9,45,0,87.34,A,0,Helped me improve a lot,Positive
2247,Kavya Reddy,25,Female,0.81,40.4,0.7,4,39,7,67.73,C,0,Average experience,Neutral
2248,Vijay Singh,30,Male,1,59.61,0.6,8,33,6,71.05,B,0,Loved the teaching style,Positive
2249,Kavya Kumar,19,Female,0.96,37.01,0.83,6,6,1,70.98,B,0,Loved the teaching style,Positive
2250,Rahul Reddy,21,Male,0.39,60.78,0.97,5,18,3,54.72,D,0,Poor explanations,Negative
2251,Arun Reddy,30,Female,0.63,56.66,0.92,3,7,9,59.85,C,0,Can be improved,Neutral
2252,Anjali Das,29,Male,0.74,47.41,1,4,5,6,71.39,B,0,Loved the teaching style,Positive
2253,Karthik Das,29,Male,0.43,55.07,0.88,7,37,8,66.13,C,0,Average experience,Neutral
2254,Sneha Nair,27,Female,0.43,45.35,0.83,7,17,5,59.74,C,0,Nothing special,Neutral
2255,Kavya Verma,21,Male,0.85,42.34,0.84,8,10,9,61.28,C,0,Nothing special,Neutral
2256,Anjali Reddy,27,Male,0.26,37.9,0.93,6,28,7,54.41,D,0,Waste of time,Negative
2257,Arun Patel,23,Female,0.51,43.86,0.54,8,31,9,63.8,C,0,Okay course,Neutral
2258,Arun Das,21,Male,0.47,32.14,0.66,9,24,8,56.66,C,0,Normal learning experience,Neutral
2259,Meena Kumar,24,Male,0.53,51.31,0.73,6,39,3,50.04,D,0,Waste of time,Negative
2260,Suresh Iyer,20,Female,1,44.51,0.6,9,48,7,73.38,B,0,Very engaging and informative,Positive
2261,Vijay Sharma,20,Male,0.74,46.56,0.77,9,38,9,67.72,C,0,Nothing special,Neutral
2262,Sneha Kumar,30,Female,0.48,36.81,0.51,8,8,8,46.4,D,0,Waste of time,Negative
2263,Rahul Sharma,23,Female,0.91,35.42,0.71,4,36,1,68.92,C,0,Nothing special,Neutral
2264,Arun Nair,21,Male,0.59,47.04,0.58,7,22,9,55.2,C,0,Average experience,Neutral
2265,Kavya Kumar,29,Male,0.79,19.11,1,9,25,9,79.05,B,0,Helped me improve a lot,Positive
2266,Karthik Nair,27,Male,0.84,56.54,0.61,4,7,4,52.98,D,0,Too difficult to follow,Negative
2267,Priya Sharma,18,Female,0.94,46.18,0.82,6,16,8,62.92,C,0,Average experience,Neutral
2268,Anjali Verma,22,Male,0.72,20.19,0.77,7,2,1,59.73,C,0,Nothing special,Neutral
2269,Karthik Reddy,27,Female,0.8,49.56,0.86,3,13,4,75.27,B,0,Excellent platform for learning,Positive
2270,Meena Sharma,24,Female,0.79,44.16,0.47,8,10,6,57.29,C,0,Average experience,Neutral
2271,Karthik Singh,19,Female,0.63,34.6,0.45,7,41,2,55.68,C,0,Average experience,Neutral
2272,Anjali Sharma,29,Female,0.65,19.09,0.92,8,7,7,71.6,B,0,Very engaging and informative,Positive
2273,Arun Gupta,18,Male,0.98,19.54,0.78,8,40,6,69.3,C,0,Okay course,Neutral
2274,Rahul Iyer,24,Male,0.93,62.71,0.45,8,12,0,65.81,C,0,Average experience,Neutral
2275,Divya Verma,26,Female,0.89,39.3,0.38,6,5,8,58.21,C,0,Can be improved,Neutral
2276,Priya Iyer,30,Female,0.56,42.03,0.68,7,9,1,58.12,C,0,Can be improved,Neutral
2277,Meena Iyer,27,Female,0.43,52.6,0.74,8,21,3,50.8,D,0,Not useful at all,Negative
2278,Vijay Singh,26,Female,0.8,36.22,0.88,5,21,4,58.58,C,0,Okay course,Neutral
2279,Priya Sharma,30,Female,0.71,35.18,0.62,5,8,2,54.65,D,0,Very confusing content,Negative
2280,Anjali Verma,29,Male,0.96,18.44,0.92,9,21,2,79.73,B,0,Loved the teaching style,Positive
2281,Karthik Verma,25,Female,0.77,48.21,0.47,8,33,7,67.76,C,0,Okay course,Neutral
2282,Anjali Nair,25,Male,0.89,41.68,0.89,4,4,7,62.17,C,0,Can be improved,Neutral
2283,Priya Reddy,23,Female,1,54.26,0.75,9,4,5,75.67,B,0,Very engaging and informative,Positive
2284,Anjali Singh,24,Male,0.85,23.81,0.5,7,31,0,55.47,C,0,Normal learning experience,Neutral
2285,Divya Gupta,26,Female,0.7,33.87,0.95,9,29,1,76.97,B,0,Excellent platform for learning,Positive
2286,Rahul Patel,25,Male,0.68,36.14,0.58,3,22,6,61.74,C,0,Can be improved,Neutral
2287,Anjali Das,20,Female,0.6,30.87,0.14,5,49,2,43.63,D,0,Waste of time,Negative
2288,Kavya Verma,20,Female,0.63,26.7,0.7,8,42,3,62.05,C,0,Normal learning experience,Neutral
2289,Meena Singh,19,Female,0.83,51.14,0.85,7,40,5,76.15,B,0,Excellent platform for learning,Positive
2290,Divya Patel,28,Male,0.88,35,0.57,8,42,0,73.41,B,0,Loved the teaching style,Positive
2291,Karthik Sharma,25,Male,0.48,65.79,1,6,9,0,64.25,C,0,Okay course,Neutral
2292,Priya Kumar,24,Male,0.78,36.66,0.77,6,41,6,68.09,C,0,Normal learning experience,Neutral
2293,Karthik Singh,23,Male,0.65,35.9,0.81,8,11,0,63.62,C,0,Nothing special,Neutral
2294,Suresh Singh,19,Female,0.73,39.69,1,4,15,5,61.14,C,0,Can be improved,Neutral
2295,Rahul Gupta,19,Female,0.53,17.2,0.64,5,40,4,51.18,D,0,Not useful at all,Negative
2296,Suresh Gupta,28,Female,0.67,17.38,0.68,7,41,3,53.98,D,0,Poor explanations,Negative
2297,Anjali Sharma,21,Male,0.52,59.57,0.89,3,28,4,55.17,C,0,Can be improved,Neutral
2298,Sneha Patel,22,Female,0.85,36.1,0.35,8,19,5,48.16,D,0,Too difficult to follow,Negative
2299,Sneha Das,26,Female,0.45,6.55,0.56,3,37,8,38.88,Fail,1,Not useful at all,Negative
2300,Suresh Singh,23,Male,0.98,20.13,0.89,3,49,4,76.53,B,0,Great course and very helpful,Positive
2301,Suresh Das,21,Female,0.83,41.88,0.6,9,30,5,73.42,B,0,Excellent platform for learning,Positive
2302,Kavya Verma,25,Female,0.23,39.73,0.94,3,8,4,48.29,D,0,Poor explanations,Negative
2303,Divya Kumar,18,Male,0.93,49.3,0.52,5,9,9,54.88,D,0,Not useful at all,Negative
2304,Divya Iyer,23,Female,0.82,42.73,0.56,9,19,9,57.57,C,0,Normal learning experience,Neutral
2305,Vijay Kumar,22,Male,0.85,27.2,0.75,6,18,5,64.25,C,0,Normal learning experience,Neutral
2306,Divya Singh,20,Female,1,16.74,1,5,9,0,70.24,B,0,Loved the teaching style,Positive
2307,Sneha Das,26,Male,0.98,51.86,0.86,6,36,2,73.03,B,0,Excellent platform for learning,Positive
2308,Meena Singh,23,Male,0.4,59.66,0.88,7,7,2,56.65,C,0,Can be improved,Neutral
2309,Priya Verma,25,Male,0.87,50.95,0.55,4,23,5,60.48,C,0,Normal learning experience,Neutral
2310,Karthik Singh,24,Male,0.66,46.83,0.65,5,46,9,59.92,C,0,Can be improved,Neutral
2311,Anjali Das,19,Female,0.71,49.14,0.51,6,9,9,59.58,C,0,Okay course,Neutral
2312,Meena Kumar,24,Female,0.81,41.35,0.76,5,22,4,64.8,C,0,Okay course,Neutral
2313,Priya Gupta,30,Male,0.85,41.97,0.85,4,28,2,60.33,C,0,Average experience,Neutral
2314,Meena Nair,25,Male,0.55,48,0.24,9,10,5,43.66,D,0,Poor explanations,Negative
2315,Arun Kumar,19,Female,0.5,68.9,0.57,6,10,1,47.33,D,0,Very confusing content,Negative
2316,Rahul Kumar,23,Male,0.6,41.83,1,6,17,2,73.2,B,0,Loved the teaching style,Positive
2317,Meena Sharma,18,Female,0.47,50.72,0.4,3,12,6,43.99,D,0,Not useful at all,Negative
2318,Meena Patel,30,Male,0.74,37.58,0.57,5,12,5,46.38,D,0,Waste of time,Negative
2319,Sneha Das,29,Male,1,30.56,0.84,5,9,0,74.8,B,0,Loved the teaching style,Positive
2320,Ravi Singh,22,Male,0.69,40.72,0.69,9,38,5,68.43,C,0,Nothing special,Neutral
2321,Meena Verma,18,Female,0.45,33.33,0.79,4,24,6,41.44,D,0,Too difficult to follow,Negative
2322,Arun Iyer,26,Female,0.57,39.7,0.63,3,41,4,49.71,D,0,Poor explanations,Negative
2323,Anjali Sharma,28,Male,0.79,46.03,0.67,5,21,1,58.61,C,0,Normal learning experience,Neutral
2324,Vijay Patel,25,Female,0.76,65.17,1,5,13,1,76.09,B,0,Excellent platform for learning,Positive
2325,Anjali Reddy,18,Male,0.64,33.48,0.92,9,45,5,66.76,C,0,Okay course,Neutral
2326,Rahul Gupta,26,Male,0.85,19.71,0.68,5,8,6,51.86,D,0,Not useful at all,Negative
2327,Kavya Gupta,22,Female,0.72,33.67,0.94,7,26,8,66.36,C,0,Okay course,Neutral
2328,Ravi Das,28,Male,1,47.37,0.49,3,22,6,66.7,C,0,Nothing special,Neutral
2329,Kavya Iyer,30,Female,0.94,57.13,1,7,27,9,87.53,A,0,Great course and very helpful,Positive
2330,Ravi Nair,26,Male,0.32,44.84,0.39,6,34,5,43.83,D,0,Not useful at all,Negative
2331,Meena Patel,20,Female,0.51,30.91,1,5,24,4,64.47,C,0,Average experience,Neutral
2332,Divya Verma,23,Female,0.69,59.19,0.69,8,40,8,73.86,B,0,Very engaging and informative,Positive
2333,Ravi Kumar,24,Male,0.93,45.59,0.61,4,16,9,53.53,D,0,Very confusing content,Negative
2334,Vijay Singh,28,Female,0.71,27.65,0.96,4,3,6,60.52,C,0,Can be improved,Neutral
2335,Arun Reddy,27,Female,0.84,50.77,1,5,43,3,76.67,B,0,Excellent platform for learning,Positive
2336,Kavya Gupta,23,Male,0.56,34.42,0.69,5,20,1,52.03,D,0,Too difficult to follow,Negative
2337,Divya Patel,25,Male,0.52,45.97,0.6,6,34,2,65.06,C,0,Nothing special,Neutral
2338,Rahul Singh,29,Female,0.5,49.83,0.78,4,9,6,48.92,D,0,Too difficult to follow,Negative
2339,Karthik Sharma,24,Female,1,34.78,1,3,14,6,77.22,B,0,Very engaging and informative,Positive
2340,Meena Iyer,28,Male,0.44,57.28,0.68,3,3,3,46.82,D,0,Too difficult to follow,Negative
2341,Sneha Verma,30,Female,0.66,43.49,0.78,5,19,0,48.43,D,0,Poor explanations,Negative
2342,Ravi Verma,28,Female,0.56,57.22,0.58,5,21,5,57.39,C,0,Okay course,Neutral
2343,Sneha Gupta,26,Male,0.71,69.83,0.58,8,24,3,66.64,C,0,Okay course,Neutral
2344,Sneha Gupta,20,Female,1,-3.96,0.8,4,29,9,56.56,C,0,Can be improved,Neutral
2345,Anjali Reddy,24,Male,0.66,76.61,0.53,6,33,3,69.52,C,0,Can be improved,Neutral
2346,Suresh Iyer,27,Male,0.85,36.77,0.36,5,32,5,53.44,D,0,Very confusing content,Negative
2347,Priya Nair,22,Male,0.5,29.98,0.84,7,4,5,55.03,C,0,Nothing special,Neutral
2348,Ravi Das,25,Female,0.78,61.91,0.58,7,44,5,69.52,C,0,Okay course,Neutral
2349,Ravi Das,29,Male,1,40.43,0.73,4,22,3,74.67,B,0,Excellent platform for learning,Positive
2350,Kavya Das,23,Male,0.73,42.01,0.94,6,12,8,67.34,C,0,Can be improved,Neutral
2351,Karthik Patel,20,Female,0.79,43.96,0.56,5,9,6,49.34,D,0,Poor explanations,Negative
2352,Karthik Patel,20,Male,0.96,61.54,0.88,7,40,5,81.69,B,0,Very engaging and informative,Positive
2353,Rahul Iyer,21,Male,1,41.96,0.73,4,41,0,65.05,C,0,Average experience,Neutral
2354,Anjali Gupta,29,Female,0.37,56.66,0.83,3,9,1,47.51,D,0,Not useful at all,Negative
2355,Karthik Nair,27,Female,0.71,26.6,0.68,5,22,0,58.67,C,0,Average experience,Neutral
2356,Arun Reddy,29,Male,0.75,28.03,1,9,28,8,71.86,B,0,Great course and very helpful,Positive
2357,Ravi Reddy,28,Male,0.98,42.31,1,7,23,9,80.23,B,0,Loved the teaching style,Positive
2358,Vijay Verma,23,Female,0.79,27.6,0.5,9,27,1,53.58,D,0,Very confusing content,Negative
2359,Rahul Reddy,23,Female,0.77,53.76,0.88,6,45,8,77.92,B,0,Great course and very helpful,Positive
2360,Anjali Kumar,18,Female,0.74,47.24,0.74,7,5,4,59.41,C,0,Okay course,Neutral
2361,Priya Patel,26,Female,1,44.07,0.86,6,31,2,64.69,C,0,Normal learning experience,Neutral
2362,Sneha Singh,29,Male,0.65,48.4,0.41,8,33,7,56.75,C,0,Nothing special,Neutral
2363,Suresh Das,30,Male,0.59,38.03,0.76,9,3,9,55.58,C,0,Okay course,Neutral
2364,Meena Reddy,29,Male,0.67,41.16,0.94,6,40,8,71.82,B,0,Helped me improve a lot,Positive
2365,Karthik Nair,26,Female,0.58,42.92,0.57,5,43,4,51.72,D,0,Too difficult to follow,Negative
2366,Divya Sharma,27,Female,0.71,30.31,0.71,8,39,7,63.91,C,0,Can be improved,Neutral
2367,Rahul Das,26,Male,0.53,17.47,0.73,4,24,6,50.44,D,0,Not useful at all,Negative
2368,Karthik Kumar,29,Male,0.64,52.39,0.33,8,33,1,51.5,D,0,Too difficult to follow,Negative
2369,Karthik Sharma,22,Female,1,19.61,0.58,9,20,2,68.86,C,0,Nothing special,Neutral
2370,Rahul Nair,21,Male,0.72,35.91,0.97,4,34,2,70.13,B,0,Excellent platform for learning,Positive
2371,Meena Das,26,Male,0.6,43.41,0.41,9,11,6,48.36,D,0,Too difficult to follow,Negative
2372,Ravi Iyer,20,Male,0.87,51.4,0.9,7,1,6,82.25,B,0,Great course and very helpful,Positive
2373,Divya Gupta,28,Female,0.43,45.88,0.81,6,31,9,51.8,D,0,Not useful at all,Negative
2374,Anjali Singh,28,Male,0.45,58.25,0.96,4,48,6,76.6,B,0,Loved the teaching style,Positive
2375,Anjali Sharma,24,Female,0.59,32.68,0.29,3,48,5,41.91,D,0,Waste of time,Negative
2376,Arun Iyer,29,Male,0.96,38.73,0.61,5,31,9,66.4,C,0,Nothing special,Neutral
2377,Divya Nair,27,Female,0.16,29.46,0.76,8,34,9,47.75,D,0,Too difficult to follow,Negative
2378,Kavya Nair,27,Male,0.73,54.84,0.7,5,25,2,68.65,C,0,Normal learning experience,Neutral
2379,Vijay Singh,22,Male,0.62,32.4,0.5,3,35,5,47.75,D,0,Very confusing content,Negative
2380,Ravi Sharma,29,Male,0.43,35.55,0.81,5,36,6,54.69,D,0,Poor explanations,Negative
2381,Divya Kumar,21,Female,0.74,46.58,0.82,9,31,8,78.03,B,0,Excellent platform for learning,Positive
2382,Arun Kumar,22,Male,0.77,45.86,0.78,4,39,0,68.89,C,0,Average experience,Neutral
2383,Ravi Singh,25,Female,0.74,57.53,0.56,7,29,3,64.31,C,0,Normal learning experience,Neutral
2384,Divya Reddy,28,Male,0.9,52.86,0.9,6,23,5,77.66,B,0,Helped me improve a lot,Positive
2385,Sneha Patel,24,Male,1,66.41,0.7,7,26,8,71.55,B,0,Loved the teaching style,Positive
2386,Arun Patel,29,Female,0.82,36.58,0.76,4,19,9,58.89,C,0,Normal learning experience,Neutral
2387,Kavya Kumar,29,Male,0.86,21.17,0.59,8,6,1,62.1,C,0,Okay course,Neutral
2388,Arun Iyer,27,Male,0.47,49.69,0.79,4,22,3,61,C,0,Average experience,Neutral
2389,Meena Reddy,22,Male,0.81,18.63,1,3,38,3,73.52,B,0,Helped me improve a lot,Positive
2390,Divya Sharma,22,Male,0.81,71.23,0.59,5,13,2,68.34,C,0,Average experience,Neutral
2391,Arun Sharma,28,Female,1,43.2,0.47,6,35,5,72.81,B,0,Loved the teaching style,Positive
2392,Rahul Das,23,Female,0.99,51.13,0.59,3,7,1,56.82,C,0,Average experience,Neutral
2393,Meena Patel,20,Female,0.82,46.09,0.45,4,6,8,58.35,C,0,Normal learning experience,Neutral
2394,Sneha Iyer,26,Female,0.84,48.31,1,7,40,9,81.61,B,0,Very engaging and informative,Positive
2395,Anjali Nair,19,Female,0.52,33.32,0.55,5,44,0,55.84,C,0,Nothing special,Neutral
2396,Kavya Sharma,25,Female,0.71,34.66,0.88,8,45,8,64.97,C,0,Okay course,Neutral
2397,Karthik Kumar,27,Male,0.19,34.13,0.62,4,39,6,43.19,D,0,Too difficult to follow,Negative
2398,Kavya Gupta,28,Male,0.89,44.65,1,7,45,5,92.59,A,0,Great course and very helpful,Positive
2399,Kavya Kumar,26,Female,0.67,54.55,1,3,34,3,75.79,B,0,Very engaging and informative,Positive
2400,Arun Iyer,28,Male,0.96,32.64,0.32,3,15,8,52.84,D,0,Waste of time,Negative
2401,Vijay Gupta,25,Male,0.78,48.3,0.88,3,3,0,68.91,C,0,Average experience,Neutral
2402,Sneha Singh,26,Female,0.86,40.54,0.75,6,18,0,63.02,C,0,Okay course,Neutral
2403,Suresh Patel,27,Female,1,42.23,1,5,41,1,79.75,B,0,Loved the teaching style,Positive
2404,Divya Patel,25,Male,0.67,29.33,0.83,8,34,2,58.6,C,0,Normal learning experience,Neutral
2405,Priya Reddy,24,Female,0.3,38.54,1,7,41,9,64.07,C,0,Nothing special,Neutral
2406,Divya Iyer,21,Female,0.4,45.08,0.73,8,0,3,43.34,D,0,Poor explanations,Negative
2407,Karthik Sharma,26,Male,1,31.46,0.61,6,19,4,60.02,C,0,Average experience,Neutral
2408,Divya Das,25,Female,0.86,20.25,0.72,3,20,4,61.44,C,0,Normal learning experience,Neutral
2409,Suresh Reddy,20,Female,0.72,25.4,0.49,7,37,5,50.33,D,0,Waste of time,Negative
2410,Suresh Singh,19,Male,0.77,48.74,0.51,9,26,7,54.85,D,0,Not useful at all,Negative
2411,Anjali Nair,29,Male,0.69,36.79,0.54,3,25,4,55.12,C,0,Average experience,Neutral
2412,Priya Sharma,30,Male,0.99,66.6,0.7,5,36,6,76.38,B,0,Loved the teaching style,Positive
2413,Ravi Das,22,Female,0.31,62.93,0.68,8,12,1,54.86,D,0,Too difficult to follow,Negative
2414,Meena Nair,23,Male,0.4,29.45,0.83,4,25,5,54.32,D,0,Too difficult to follow,Negative
2415,Arun Sharma,29,Female,0.37,34.41,0.56,3,49,0,44.29,D,0,Waste of time,Negative
2416,Priya Iyer,29,Male,0.69,9.31,0.49,9,28,5,46.62,D,0,Too difficult to follow,Negative
2417,Divya Sharma,29,Female,0.65,33.33,1,8,38,0,75.61,B,0,Great course and very helpful,Positive
2418,Meena Gupta,20,Male,0.16,60.24,0.84,7,45,0,60.65,C,0,Nothing special,Neutral
2419,Suresh Kumar,27,Male,0.61,43.07,0.52,4,30,3,60.1,C,0,Okay course,Neutral
2420,Karthik Sharma,30,Female,0.44,35,0.52,8,46,1,49,D,0,Very confusing content,Negative
2421,Meena Gupta,20,Male,0.8,21.37,0.87,5,31,7,66.64,C,0,Can be improved,Neutral
2422,Priya Singh,20,Male,1,50.82,0.85,5,12,6,76.77,B,0,Helped me improve a lot,Positive
2423,Rahul Sharma,28,Female,0.82,31.04,0.94,8,12,8,82.53,B,0,Excellent platform for learning,Positive
2424,Sneha Reddy,25,Female,0.66,20.36,0.52,9,36,2,59.96,C,0,Average experience,Neutral
2425,Divya Sharma,22,Female,0.69,46.25,0.52,9,1,4,54.2,D,0,Not useful at all,Negative
2426,Arun Singh,24,Male,0.87,51.08,0.58,6,9,1,68.46,C,0,Average experience,Neutral
2427,Anjali Singh,27,Male,0.84,13.16,0.55,5,46,0,49.61,D,0,Very confusing content,Negative
2428,Ravi Das,26,Male,0.49,29.31,0.79,9,6,8,41.67,D,0,Poor explanations,Negative
2429,Arun Sharma,19,Female,0.64,20.53,0.45,9,19,3,41.55,D,0,Poor explanations,Negative
2430,Kavya Iyer,28,Male,1,40.54,0.85,8,7,1,68.3,C,0,Nothing special,Neutral
2431,Meena Singh,23,Female,0.48,49.11,0.42,6,30,4,48.04,D,0,Waste of time,Negative
2432,Meena Nair,20,Male,0.78,43.01,0.99,4,12,0,71,B,0,Excellent platform for learning,Positive
2433,Vijay Patel,18,Female,1,32.54,0.38,5,34,5,63.51,C,0,Average experience,Neutral
2434,Karthik Reddy,25,Male,0.88,15.56,0.98,9,1,0,70.49,B,0,Loved the teaching style,Positive
2435,Vijay Reddy,24,Male,0.75,66.78,0.87,5,28,9,73.71,B,0,Excellent platform for learning,Positive
2436,Ravi Patel,19,Female,0.81,33.79,0.65,5,49,7,75.81,B,0,Helped me improve a lot,Positive
2437,Rahul Nair,18,Male,0.89,62.07,0.88,7,48,1,87.57,A,0,Great course and very helpful,Positive
2438,Rahul Iyer,22,Male,1,29.67,1,3,46,9,75.39,B,0,Helped me improve a lot,Positive
2439,Arun Iyer,24,Female,0.89,53.68,0.51,3,12,5,60.31,C,0,Average experience,Neutral
2440,Sneha Iyer,24,Male,0.56,28.74,0.8,8,9,4,62.11,C,0,Average experience,Neutral
2441,Vijay Kumar,29,Male,0.35,37.72,0.56,5,3,6,33.77,Fail,0,Very confusing content,Negative
2442,Rahul Reddy,29,Male,0.84,55.64,0.54,7,21,1,62.06,C,0,Okay course,Neutral
2443,Ravi Patel,22,Male,0.91,25.85,0.54,4,1,6,56.44,C,0,Average experience,Neutral
2444,Ravi Das,24,Female,0.6,50.52,0.59,3,18,8,55.09,C,0,Can be improved,Neutral
2445,Divya Singh,20,Female,0.65,41.35,0.46,8,48,1,59.09,C,0,Okay course,Neutral
2446,Vijay Nair,30,Female,0.56,37.67,0.79,8,22,1,53.57,D,0,Too difficult to follow,Negative
2447,Karthik Verma,21,Male,0.89,56.75,0.68,6,11,9,57.31,C,0,Normal learning experience,Neutral
2448,Suresh Reddy,28,Female,0.87,75.02,0.41,9,40,5,62.68,C,0,Average experience,Neutral
2449,Vijay Singh,19,Male,0.55,8,0.52,4,11,2,41.74,D,0,Waste of time,Negative
2450,Rahul Iyer,29,Female,0.57,57.14,0.47,7,43,4,58.3,C,0,Can be improved,Neutral
2451,Ravi Reddy,23,Male,0.83,37.04,0.2,5,31,2,47.03,D,0,Too difficult to follow,Negative
2452,Suresh Iyer,24,Male,0.76,51.12,0.83,3,22,7,66.88,C,0,Okay course,Neutral
2453,Karthik Kumar,20,Male,0.96,29.67,0.6,9,32,7,77.58,B,0,Loved the teaching style,Positive
2454,Rahul Nair,29,Female,0.57,41.41,0.76,7,24,4,50.09,D,0,Poor explanations,Negative
2455,Rahul Kumar,22,Female,0.72,30.49,0.62,3,19,3,50.39,D,0,Too difficult to follow,Negative
2456,Karthik Iyer,20,Male,0.58,61.97,0.68,8,14,5,62.09,C,0,Can be improved,Neutral
2457,Divya Gupta,24,Male,0.61,56.47,0.23,3,34,7,43.64,D,0,Very confusing content,Negative
2458,Anjali Iyer,18,Male,0.62,25.01,0.35,8,46,2,55.96,C,0,Average experience,Neutral
2459,Sneha Verma,18,Female,0.81,49.53,0.61,8,32,8,57.67,C,0,Can be improved,Neutral
2460,Divya Sharma,21,Male,0.71,28.49,0.94,3,17,6,59.28,C,0,Nothing special,Neutral
2461,Anjali Reddy,25,Male,0.9,39.47,0.54,4,31,8,56.68,C,0,Average experience,Neutral
2462,Sneha Reddy,20,Male,1,54.34,1,3,33,7,80.75,B,0,Great course and very helpful,Positive
2463,Meena Gupta,24,Female,0.61,37.48,1,4,49,4,72.23,B,0,Loved the teaching style,Positive
2464,Rahul Patel,29,Female,0.61,38.62,0.64,8,25,1,53.12,D,0,Too difficult to follow,Negative
2465,Ravi Iyer,26,Female,0.98,35.4,0.75,3,10,1,57.39,C,0,Average experience,Neutral
2466,Suresh Nair,19,Female,0.89,53.93,0.83,8,47,3,73.34,B,0,Great course and very helpful,Positive
2467,Priya Verma,23,Male,0.81,6.45,0.76,5,31,5,66.89,C,0,Okay course,Neutral
2468,Rahul Das,26,Female,0.93,50.04,0.93,7,36,6,79.91,B,0,Excellent platform for learning,Positive
2469,Vijay Das,23,Male,0.82,70.04,0.52,7,10,9,52.43,D,0,Too difficult to follow,Negative
2470,Karthik Das,30,Female,1,77.74,0.85,8,23,2,85.8,A,0,Very engaging and informative,Positive
2471,Vijay Kumar,28,Female,0.88,62.75,0.84,9,8,1,76.2,B,0,Excellent platform for learning,Positive
2472,Divya Nair,26,Female,0.78,31.59,0.52,4,23,0,53.34,D,0,Too difficult to follow,Negative
2473,Divya Verma,26,Female,0.75,66.36,0.54,7,14,4,60.42,C,0,Normal learning experience,Neutral
2474,Karthik Das,21,Male,0.92,20.83,0.3,8,47,0,62.49,C,0,Okay course,Neutral
2475,Ravi Kumar,23,Male,0.62,50.42,0.79,6,27,9,61.1,C,0,Okay course,Neutral
2476,Suresh Singh,27,Female,0.97,32.7,0.77,5,24,7,70.23,B,0,Helped me improve a lot,Positive
2477,Vijay Kumar,24,Female,0.75,23.98,0.69,3,32,6,56.27,C,0,Normal learning experience,Neutral
2478,Sneha Sharma,20,Male,0.76,43.57,0.42,5,48,8,65.75,C,0,Okay course,Neutral
2479,Anjali Verma,25,Male,1,27.08,0.48,8,26,9,53.59,D,0,Waste of time,Negative
2480,Anjali Singh,22,Male,0.99,46.13,0.71,7,28,5,72.67,B,0,Great course and very helpful,Positive
2481,Rahul Reddy,29,Male,0.17,18.33,0.85,6,36,5,57.56,C,1,Nothing special,Neutral
2482,Suresh Kumar,25,Female,0.43,55.34,0.48,5,43,1,52.12,D,0,Too difficult to follow,Negative
2483,Sneha Sharma,18,Male,0.74,20.4,0.59,5,47,4,62.46,C,0,Okay course,Neutral
2484,Kavya Patel,26,Female,0.79,34.02,0.49,8,17,0,52.68,D,0,Poor explanations,Negative
2485,Meena Singh,18,Female,0.87,26.52,0.11,9,24,0,45.89,D,0,Too difficult to follow,Negative
2486,Sneha Patel,21,Female,0.8,36.45,0.91,5,12,8,66.51,C,0,Can be improved,Neutral
2487,Divya Kumar,19,Male,0.68,40.72,0.9,3,15,4,66.59,C,0,Normal learning experience,Neutral
2488,Vijay Patel,21,Female,0.63,43.8,0.41,4,32,4,54.48,D,0,Very confusing content,Negative
2489,Arun Das,29,Female,0.91,35.27,0.72,6,12,9,73.94,B,0,Helped me improve a lot,Positive
2490,Ravi Sharma,18,Female,0.79,43.56,0.73,9,39,9,73.08,B,0,Great course and very helpful,Positive
2491,Priya Sharma,18,Male,0.7,26.89,0.61,5,39,4,64.62,C,0,Okay course,Neutral
2492,Kavya Verma,30,Female,0.84,30.18,0.72,8,3,3,66.98,C,0,Normal learning experience,Neutral
2493,Suresh Sharma,28,Female,0.49,22.44,0.82,6,47,8,52.16,D,0,Waste of time,Negative
2494,Suresh Kumar,20,Male,0.69,60.96,0.63,7,27,5,59.89,C,0,Okay course,Neutral
2495,Karthik Kumar,27,Female,0.78,22.79,0.62,9,32,2,73.86,B,0,Loved the teaching style,Positive
2496,Suresh Gupta,29,Male,0.64,61.71,0.72,8,35,3,57.4,C,0,Nothing special,Neutral
2497,Rahul Sharma,18,Male,0.6,14.95,0.62,6,6,0,51.74,D,0,Very confusing content,Negative
2498,Vijay Iyer,29,Male,0.69,26.28,0.52,7,13,5,56.3,C,0,Can be improved,Neutral
2499,Arun Sharma,21,Female,0.72,11.35,0.36,7,8,3,36.92,Fail,0,Very confusing content,Negative
2500,Vijay Nair,26,Male,0.97,47.53,0.92,6,18,7,67.22,C,0,Average experience,Neutral
2501,Priya Kumar,19,Male,0.99,34.25,0.87,5,41,3,78.53,B,0,Excellent platform for learning,Positive
2502,Priya Nair,20,Female,1,28.37,0.72,4,34,9,64.16,C,0,Nothing special,Neutral
2503,Ravi Reddy,25,Female,1,43.72,0.84,5,19,0,75.01,B,0,Helped me improve a lot,Positive
2504,Priya Verma,27,Male,0.86,35.57,0.23,8,39,5,52.06,D,0,Very confusing content,Negative
2505,Divya Singh,22,Female,0.67,34.36,0.86,5,47,9,67.98,C,0,Can be improved,Neutral
2506,Divya Iyer,23,Male,0.58,28.83,0.69,8,9,0,56.57,C,0,Okay course,Neutral
2507,Ravi Reddy,22,Male,0.96,48.58,0.69,9,31,0,76.26,B,0,Excellent platform for learning,Positive
2508,Anjali Verma,26,Male,1,29.92,0.58,5,12,3,64.76,C,0,Can be improved,Neutral
2509,Divya Kumar,29,Female,0.56,37.37,0.51,3,38,1,53.72,D,0,Poor explanations,Negative
2510,Karthik Patel,22,Male,0.48,17.86,0.64,7,25,5,57.43,C,1,Okay course,Neutral
2511,Sneha Sharma,26,Female,0.8,19.04,0.57,6,17,1,51.17,D,0,Very confusing content,Negative
2512,Karthik Reddy,21,Male,0.78,31.89,0.88,3,46,3,69.88,C,0,Okay course,Neutral
2513,Priya Verma,21,Female,1,37.9,0.69,8,13,8,69.42,C,0,Average experience,Neutral
2514,Suresh Singh,26,Female,0.98,6.61,0.54,5,18,3,53.17,D,0,Not useful at all,Negative
2515,Rahul Patel,28,Male,0.79,54.34,0.47,6,6,8,64.59,C,0,Okay course,Neutral
2516,Priya Gupta,18,Female,0.56,39.16,0.66,6,36,2,50.8,D,0,Not useful at all,Negative
2517,Suresh Sharma,22,Female,0.42,30.3,0.68,3,42,9,57.41,C,0,Nothing special,Neutral
2518,Kavya Iyer,19,Male,0.36,45.41,1,8,8,7,60.19,C,0,Can be improved,Neutral
2519,Rahul Kumar,27,Male,0.82,42.3,0.5,4,21,1,58.08,C,0,Nothing special,Neutral
2520,Sneha Nair,27,Male,0.91,44.13,1,7,29,7,85.7,A,0,Excellent platform for learning,Positive
2521,Anjali Sharma,18,Female,0.75,33.9,0.67,8,20,0,64.73,C,0,Average experience,Neutral
2522,Anjali Verma,29,Female,0.5,37.88,0.71,9,20,5,55.79,C,0,Can be improved,Neutral
2523,Anjali Gupta,29,Female,0.94,23.57,0.82,5,23,7,53.73,D,0,Poor explanations,Negative
2524,Divya Reddy,29,Female,0.6,52.9,0.46,4,22,0,45.26,D,0,Very confusing content,Negative
2525,Vijay Sharma,22,Female,0.84,49.01,1,5,13,7,75.8,B,0,Excellent platform for learning,Positive
2526,Sneha Patel,23,Female,0.78,33.7,0.85,8,4,2,69.33,C,0,Can be improved,Neutral
2527,Divya Das,26,Male,0.49,61.88,0.94,9,18,6,77.38,B,0,Very engaging and informative,Positive
2528,Suresh Sharma,24,Male,0.93,49.32,0.72,6,1,3,67.73,C,0,Average experience,Neutral
2529,Vijay Singh,22,Female,0.92,35.59,0.54,6,1,2,62.79,C,0,Nothing special,Neutral
2530,Kavya Patel,27,Female,0.74,37.13,0.82,8,22,8,55.94,C,0,Can be improved,Neutral
2531,Anjali Reddy,24,Female,0.68,30.02,0.51,9,38,8,65.43,C,0,Normal learning experience,Neutral
2532,Suresh Singh,26,Female,0.7,20.52,0.66,5,38,8,64.55,C,0,Normal learning experience,Neutral
2533,Meena Gupta,27,Male,0.51,39.68,0.58,5,46,8,53.5,D,0,Very confusing content,Negative
2534,Priya Gupta,29,Male,1,45.12,0.97,7,46,1,87.47,A,0,Excellent platform for learning,Positive
2535,Priya Patel,29,Male,0.8,78.39,0.7,6,22,0,70.57,B,0,Loved the teaching style,Positive
2536,Kavya Patel,27,Male,0.57,21.06,0.73,8,23,2,59.4,C,0,Normal learning experience,Neutral
2537,Arun Das,27,Male,0.66,40.5,0.53,9,16,3,50.53,D,0,Not useful at all,Negative
2538,Anjali Verma,21,Female,0.66,37.29,0.35,5,28,4,47.45,D,0,Too difficult to follow,Negative
2539,Priya Das,20,Female,0.89,45.1,1,8,10,3,74.41,B,0,Very engaging and informative,Positive
2540,Rahul Iyer,23,Male,1,53.79,0.85,8,38,3,78.85,B,0,Helped me improve a lot,Positive
2541,Priya Iyer,28,Male,1,33.51,0.82,8,11,2,68.51,C,0,Normal learning experience,Neutral
2542,Vijay Verma,27,Female,0.93,46.66,0.8,9,39,3,80.33,B,0,Great course and very helpful,Positive
2543,Arun Nair,26,Female,0.9,44.83,0.33,4,4,3,42.74,D,0,Poor explanations,Negative
2544,Rahul Iyer,27,Female,0.6,49.69,0.94,3,0,5,65.81,C,0,Okay course,Neutral
2545,Kavya Verma,26,Female,0.82,56.26,0.59,3,48,1,65.39,C,0,Can be improved,Neutral
2546,Karthik Patel,24,Male,0.75,12.61,0.86,3,12,4,55.42,C,0,Okay course,Neutral
2547,Rahul Patel,20,Female,0.54,43.07,0.83,3,36,4,49.59,D,0,Poor explanations,Negative
2548,Priya Kumar,20,Female,0.54,43.54,0.68,6,4,1,49.87,D,0,Poor explanations,Negative
2549,Meena Singh,21,Male,1,40.58,0.97,9,5,5,76.34,B,0,Loved the teaching style,Positive
2550,Priya Patel,25,Male,1,56.16,0.79,9,17,3,64.66,C,0,Can be improved,Neutral
2551,Suresh Kumar,20,Male,0.82,59.16,0.84,8,0,4,73.93,B,0,Loved the teaching style,Positive
2552,Vijay Patel,26,Female,0.6,35.05,0.7,7,28,8,64.96,C,0,Nothing special,Neutral
2553,Suresh Sharma,24,Female,0.56,57.94,0.99,7,4,6,71.81,B,0,Very engaging and informative,Positive
2554,Arun Gupta,24,Male,0.56,30.77,0.57,7,28,6,61.21,C,0,Okay course,Neutral
2555,Arun Kumar,26,Female,0.89,55.86,0.76,6,44,3,75.27,B,0,Very engaging and informative,Positive
2556,Sneha Gupta,18,Male,0.54,44.01,0.68,8,21,5,54.03,D,0,Very confusing content,Negative
2557,Priya Reddy,24,Male,0.85,48.32,0.63,3,17,5,61.37,C,0,Normal learning experience,Neutral
2558,Arun Verma,23,Male,0.72,30.64,0.7,7,0,2,56.29,C,0,Okay course,Neutral
2559,Arun Das,23,Female,0.39,68.81,0.68,4,32,0,50.9,D,0,Poor explanations,Negative
2560,Suresh Singh,25,Female,0.84,17.38,1,7,43,5,75.98,B,0,Loved the teaching style,Positive
2561,Ravi Nair,20,Male,0.94,38.11,0.85,6,34,3,65.07,C,0,Nothing special,Neutral
2562,Priya Nair,26,Female,0.5,31.31,1,4,29,7,62.26,C,0,Okay course,Neutral
2563,Meena Patel,24,Male,0.53,58.02,0.59,6,20,5,55.89,C,0,Nothing special,Neutral
2564,Ravi Patel,28,Female,0.8,23.45,0.54,7,23,1,55.36,C,0,Okay course,Neutral
2565,Meena Gupta,20,Female,0.55,34.31,0.46,8,35,6,48.89,D,0,Poor explanations,Negative
2566,Karthik Nair,28,Male,0.53,53.31,0.64,5,28,8,60.57,C,0,Okay course,Neutral
2567,Vijay Gupta,29,Female,0.86,30.48,0.54,6,42,8,68.51,C,0,Normal learning experience,Neutral
2568,Karthik Reddy,24,Female,0.64,51.94,0.86,4,11,8,63.65,C,0,Normal learning experience,Neutral
2569,Meena Nair,30,Male,0.84,65.69,0.7,9,28,4,74.42,B,0,Helped me improve a lot,Positive
2570,Arun Das,27,Male,1,43.66,0.74,9,41,7,88.79,A,0,Loved the teaching style,Positive
2571,Ravi Iyer,23,Male,0.69,35.11,1,5,42,2,71.48,B,0,Loved the teaching style,Positive
2572,Karthik Patel,20,Male,0.67,25.83,0.69,8,32,2,56,C,0,Normal learning experience,Neutral
2573,Arun Nair,27,Female,0.99,34.56,0.41,8,16,4,62.1,C,0,Nothing special,Neutral
2574,Vijay Das,21,Female,0.33,27.75,0.95,8,41,6,59.42,C,0,Nothing special,Neutral
2575,Sneha Reddy,19,Male,0.92,71.48,0.73,5,5,9,76.59,B,0,Loved the teaching style,Positive
2576,Suresh Sharma,23,Female,1,25.8,1,8,3,6,73.92,B,0,Loved the teaching style,Positive
2577,Karthik Singh,20,Female,0.66,12.8,0.56,6,43,7,52.15,D,0,Too difficult to follow,Negative
2578,Kavya Patel,19,Male,1,22.78,0.55,7,37,2,71.09,B,0,Helped me improve a lot,Positive
2579,Vijay Patel,24,Male,0.96,50.58,0.54,5,14,5,58.66,C,0,Normal learning experience,Neutral
2580,Suresh Singh,27,Female,0.71,38.29,0.92,6,34,0,62.9,C,0,Average experience,Neutral
2581,Meena Kumar,20,Male,0.64,62.66,0.76,9,48,8,70.8,B,0,Excellent platform for learning,Positive
2582,Vijay Gupta,22,Female,0.98,40.26,0.86,6,21,2,77.04,B,0,Very engaging and informative,Positive
2583,Ravi Kumar,20,Male,0.43,33.71,0.67,4,5,2,42.4,D,0,Poor explanations,Negative
2584,Suresh Sharma,29,Male,0.55,45.38,0.46,7,0,7,46.45,D,0,Not useful at all,Negative
2585,Suresh Singh,27,Female,0.46,59.92,0.64,7,36,8,55.72,C,0,Nothing special,Neutral
2586,Suresh Nair,25,Female,0.6,47.14,0.72,4,41,3,57.97,C,0,Normal learning experience,Neutral
2587,Arun Singh,21,Male,0.37,36.09,0.73,9,11,3,60.11,C,0,Okay course,Neutral
2588,Karthik Iyer,21,Male,0.3,49.56,0.73,7,36,6,62.99,C,0,Normal learning experience,Neutral
2589,Divya Reddy,25,Female,0.6,47.73,0.5,5,47,0,56.4,C,0,Average experience,Neutral
2590,Kavya Sharma,25,Male,0.97,23.09,0.31,6,2,0,54.82,D,0,Very confusing content,Negative
2591,Anjali Das,19,Female,0.63,41.85,0.61,9,1,3,59.67,C,0,Average experience,Neutral
2592,Kavya Patel,20,Female,1,35.16,0.6,3,16,9,58.5,C,0,Can be improved,Neutral
2593,Ravi Singh,29,Male,0.79,28.32,0.49,9,18,4,60.16,C,0,Okay course,Neutral
2594,Priya Reddy,26,Female,0.46,18.34,0.86,9,15,8,59.56,C,1,Average experience,Neutral
2595,Suresh Nair,27,Female,0.55,73.09,0.62,9,24,1,70.7,B,0,Very engaging and informative,Positive
2596,Rahul Verma,23,Male,0.91,25.63,0.62,7,44,4,62.46,C,0,Average experience,Neutral
2597,Ravi Gupta,22,Female,0.77,34.45,0.83,7,27,2,71.11,B,0,Loved the teaching style,Positive
2598,Karthik Das,18,Female,0.89,22.63,0.69,6,19,3,45.08,D,0,Not useful at all,Negative
2599,Meena Kumar,22,Male,0.55,44.74,0.93,4,8,3,56.57,C,0,Normal learning experience,Neutral
2600,Divya Reddy,25,Male,0.61,33.73,1,6,33,6,73.9,B,0,Great course and very helpful,Positive
2601,Kavya Kumar,29,Male,1,68.65,0.83,3,35,2,71.29,B,0,Great course and very helpful,Positive
2602,Arun Reddy,30,Female,0.97,49.06,0.56,8,11,4,63.99,C,0,Nothing special,Neutral
2603,Suresh Gupta,22,Female,0.59,30.18,0.55,8,33,7,55.06,C,0,Okay course,Neutral
2604,Suresh Das,26,Male,0.48,34.99,0.81,6,8,6,57.03,C,0,Average experience,Neutral
2605,Priya Gupta,19,Male,0.8,62.89,0.53,7,35,4,66.89,C,0,Okay course,Neutral
2606,Divya Kumar,19,Male,0.94,38.68,0.99,8,7,8,70.9,B,0,Very engaging and informative,Positive
2607,Suresh Iyer,19,Male,0.88,46.96,1,3,24,2,68.7,C,0,Average experience,Neutral
2608,Anjali Reddy,26,Female,0.62,31.25,1,3,41,5,67.18,C,0,Can be improved,Neutral
2609,Divya Sharma,20,Male,0.69,23.93,0.77,5,7,7,56.86,C,0,Nothing special,Neutral
2610,Vijay Nair,20,Female,0.92,50.81,0.7,6,48,1,77.13,B,0,Loved the teaching style,Positive
2611,Divya Patel,23,Female,0.79,38.51,0.63,7,14,9,60.76,C,0,Nothing special,Neutral
2612,Kavya Singh,28,Male,0.1,71.68,0.74,9,42,7,52.31,D,0,Not useful at all,Negative
2613,Vijay Patel,30,Female,0.8,47.19,0.87,6,40,6,77.43,B,0,Great course and very helpful,Positive
2614,Rahul Verma,27,Male,0.92,52.03,0.72,3,23,5,78.09,B,0,Excellent platform for learning,Positive
2615,Priya Gupta,26,Male,0.75,12.98,1,7,40,1,76.08,B,0,Helped me improve a lot,Positive
2616,Divya Nair,30,Male,0.98,24.23,0.56,6,39,2,67.73,C,0,Okay course,Neutral
2617,Divya Reddy,23,Male,0.64,37.39,0.74,9,15,6,60.82,C,0,Can be improved,Neutral
2618,Anjali Reddy,22,Male,0.36,47.97,0.69,4,34,6,51.56,D,0,Too difficult to follow,Negative
2619,Meena Singh,18,Male,0.86,10.21,0.76,9,47,4,65.18,C,0,Average experience,Neutral
2620,Anjali Gupta,26,Female,0.7,39.68,0.99,5,10,1,56.89,C,0,Can be improved,Neutral
2621,Ravi Das,19,Male,0.51,53.83,0.65,7,47,3,53.66,D,0,Not useful at all,Negative
2622,Suresh Singh,26,Male,0.71,51.09,0.8,7,47,6,65.25,C,0,Average experience,Neutral
2623,Arun Verma,29,Male,0.5,39.22,0.79,9,37,9,65.4,C,0,Okay course,Neutral
2624,Rahul Gupta,29,Female,0.7,47.93,0.88,4,44,2,74.74,B,0,Great course and very helpful,Positive
2625,Divya Patel,25,Male,0.77,65.04,0.73,4,8,7,74.31,B,0,Excellent platform for learning,Positive
2626,Suresh Nair,29,Female,1,30.23,0.45,9,0,5,55.53,C,0,Can be improved,Neutral
2627,Arun Iyer,25,Female,0.95,53.8,0.65,5,27,3,62.84,C,0,Average experience,Neutral
2628,Meena Nair,23,Male,0.86,61.52,0.67,4,24,0,70.03,B,0,Excellent platform for learning,Positive
2629,Ravi Patel,28,Male,1,52.22,0.68,4,31,0,72.37,B,0,Loved the teaching style,Positive
2630,Priya Patel,30,Female,0.66,44.83,0.63,9,44,4,73.13,B,0,Helped me improve a lot,Positive
2631,Anjali Reddy,25,Male,0.91,36.39,0.76,5,34,3,70,B,0,Loved the teaching style,Positive
2632,Vijay Verma,27,Female,0.88,33.32,0.56,6,43,6,70.37,B,0,Loved the teaching style,Positive
2633,Anjali Reddy,21,Female,0.93,27.01,0.9,8,27,4,71.69,B,0,Helped me improve a lot,Positive
2634,Kavya Nair,25,Male,0.34,46.67,0.55,7,40,5,55.4,C,0,Can be improved,Neutral
2635,Ravi Das,27,Female,0.72,32.21,0.61,8,9,4,54.29,D,0,Too difficult to follow,Negative
2636,Meena Iyer,28,Male,0.72,37.24,0.94,6,26,1,68.51,C,0,Can be improved,Neutral
2637,Kavya Nair,24,Female,1,33.78,0.77,8,15,5,70.22,B,0,Helped me improve a lot,Positive
2638,Karthik Gupta,22,Female,0.71,51.14,0.29,6,16,3,49.63,D,0,Very confusing content,Negative
2639,Ravi Iyer,21,Female,0.87,12.72,0.68,4,5,2,58.34,C,0,Average experience,Neutral
2640,Rahul Kumar,26,Female,0.39,47.01,0.77,8,43,1,58.37,C,0,Okay course,Neutral
2641,Karthik Singh,27,Male,0.66,44.98,0.74,7,47,0,71.56,B,0,Excellent platform for learning,Positive
2642,Karthik Nair,19,Male,0.52,26.53,0.58,8,47,4,50.28,D,0,Waste of time,Negative
2643,Arun Kumar,25,Female,0.97,37.81,0.61,5,30,9,61.23,C,0,Nothing special,Neutral
2644,Ravi Sharma,24,Male,1,36.67,0.55,4,15,3,64.59,C,0,Nothing special,Neutral
2645,Arun Verma,19,Male,1,47.1,0.74,3,17,1,63.23,C,0,Can be improved,Neutral
2646,Priya Das,26,Male,0.63,28.54,0.87,5,13,9,51.66,D,0,Poor explanations,Negative
2647,Karthik Patel,28,Female,0.44,32.68,0.79,7,4,6,57.09,C,0,Average experience,Neutral
2648,Suresh Sharma,30,Male,0.4,13.88,0.6,3,25,0,37.31,Fail,1,Poor explanations,Negative
2649,Vijay Gupta,19,Male,0.66,14.26,0.76,7,13,8,58.43,C,0,Normal learning experience,Neutral
2650,Vijay Gupta,25,Female,0.47,28.62,0.71,6,45,2,52.36,D,0,Too difficult to follow,Negative
2651,Kavya Reddy,23,Female,0.57,58.29,0.46,7,45,6,62.73,C,0,Average experience,Neutral
2652,Divya Verma,29,Female,0.66,30.72,0.6,3,49,2,51.14,D,0,Poor explanations,Negative
2653,Priya Verma,30,Female,0.93,42.04,0.88,4,14,3,75.39,B,0,Excellent platform for learning,Positive
2654,Karthik Gupta,29,Male,1,32.05,0.56,6,11,1,52.43,D,0,Poor explanations,Negative
2655,Anjali Das,25,Female,0.84,30.31,0.59,5,16,7,53.76,D,0,Poor explanations,Negative
2656,Rahul Verma,23,Female,0.67,39.23,0.96,6,35,8,64.68,C,0,Can be improved,Neutral
2657,Anjali Verma,30,Male,0.65,36.34,0.41,4,39,7,56.53,C,0,Average experience,Neutral
2658,Divya Iyer,30,Male,0.64,29.13,0.64,8,9,9,51.59,D,0,Very confusing content,Negative
2659,Rahul Nair,20,Female,0.71,-8.4,0.33,6,30,1,43.48,D,0,Poor explanations,Negative
2660,Arun Reddy,25,Female,0.56,42.89,0.26,7,17,0,41.82,D,0,Too difficult to follow,Negative
2661,Suresh Singh,24,Male,0.74,35.74,0.81,4,37,6,68.07,C,0,Average experience,Neutral
2662,Karthik Iyer,23,Female,1,19.97,0.68,5,12,6,71.5,B,0,Helped me improve a lot,Positive
2663,Suresh Reddy,20,Female,0.79,39.97,0.55,5,8,5,54.42,D,0,Too difficult to follow,Negative
2664,Rahul Patel,24,Female,0.6,20.85,0.69,9,2,8,60.85,C,0,Average experience,Neutral
2665,Meena Verma,25,Female,0.73,40.16,0.21,4,42,0,50.95,D,0,Poor explanations,Negative
2666,Arun Singh,18,Male,0.91,54.11,1,3,35,5,75.33,B,0,Excellent platform for learning,Positive
2667,Vijay Singh,29,Male,0.75,39.34,0.97,8,22,1,78.51,B,0,Great course and very helpful,Positive
2668,Anjali Iyer,28,Female,0.81,49.68,0.79,9,6,7,66.82,C,0,Can be improved,Neutral
2669,Kavya Kumar,23,Female,0.93,33.96,0.9,8,37,4,80.93,B,0,Very engaging and informative,Positive
2670,Karthik Singh,19,Male,0.46,82.36,0.37,9,22,2,54.82,D,0,Not useful at all,Negative
2671,Anjali Patel,24,Female,0.92,35.24,0.97,8,37,1,83.71,B,0,Excellent platform for learning,Positive
2672,Kavya Singh,25,Male,0.79,12.98,0.43,7,3,8,41.19,D,0,Too difficult to follow,Negative
2673,Ravi Gupta,26,Male,0.52,49.97,0.53,9,46,4,59.49,C,0,Can be improved,Neutral
2674,Divya Sharma,30,Male,0.99,41.38,0.56,5,13,7,55.19,C,0,Normal learning experience,Neutral
2675,Kavya Reddy,18,Male,1,44.27,0.48,9,47,4,65.63,C,0,Can be improved,Neutral
2676,Divya Sharma,19,Female,0.84,23.4,0.43,4,45,7,60.2,C,0,Normal learning experience,Neutral
2677,Sneha Iyer,18,Female,0.55,36.84,0.84,4,31,2,59.94,C,0,Nothing special,Neutral
2678,Rahul Verma,22,Male,0.85,21.28,0.72,5,35,5,67.06,C,0,Normal learning experience,Neutral
2679,Kavya Reddy,18,Male,0.67,72.5,0.45,4,28,4,54.6,D,0,Not useful at all,Negative
2680,Ravi Patel,22,Female,0.82,56.88,0.89,8,49,3,75.28,B,0,Helped me improve a lot,Positive
2681,Rahul Kumar,27,Female,1,46.96,0.54,6,43,5,66.52,C,0,Nothing special,Neutral
2682,Priya Iyer,27,Female,0.63,38.94,0.63,5,38,6,51.85,D,0,Too difficult to follow,Negative
2683,Arun Nair,23,Female,0.96,57.35,0.21,4,11,0,51.27,D,0,Not useful at all,Negative
2684,Priya Sharma,20,Male,1,40.57,0.81,4,4,3,64.77,C,0,Normal learning experience,Neutral
2685,Ravi Nair,22,Female,0.88,51.62,0.63,7,12,3,62.62,C,0,Nothing special,Neutral
2686,Divya Verma,19,Female,0.96,21.48,0.68,6,19,1,64.93,C,0,Nothing special,Neutral
2687,Priya Kumar,23,Male,0.82,22.95,0.6,6,45,1,51.94,D,0,Too difficult to follow,Negative
2688,Rahul Patel,24,Female,0.46,33.9,0.59,5,30,1,56.69,C,0,Average experience,Neutral
2689,Anjali Verma,18,Male,0.98,27.31,0.7,8,35,2,79.29,B,0,Great course and very helpful,Positive
2690,Rahul Gupta,23,Female,0.86,47.54,0.88,9,36,8,80.31,B,0,Excellent platform for learning,Positive
2691,Suresh Kumar,30,Male,0.73,51.31,0.84,7,49,4,67.73,C,0,Nothing special,Neutral
2692,Vijay Patel,28,Male,0.76,50.54,1,4,24,5,74.47,B,0,Great course and very helpful,Positive
2693,Rahul Kumar,30,Female,0.89,41.22,0.42,6,17,6,62.84,C,0,Average experience,Neutral
2694,Vijay Sharma,22,Male,0.63,26.7,0.71,8,14,0,60.41,C,0,Average experience,Neutral
2695,Priya Patel,25,Male,0.94,47.26,0.79,7,10,1,64.41,C,0,Okay course,Neutral
2696,Arun Nair,19,Male,0.65,43.13,0.43,5,38,7,55.96,C,0,Can be improved,Neutral
2697,Sneha Nair,23,Male,0.62,37.37,0.83,4,13,6,61.71,C,0,Can be improved,Neutral
2698,Priya Gupta,26,Male,0.48,37.24,0.78,6,12,7,42.23,D,0,Too difficult to follow,Negative
2699,Ravi Nair,24,Male,0.94,38.78,0.42,6,7,5,47.54,D,0,Not useful at all,Negative
2700,Ravi Gupta,30,Female,0.65,68.24,1,8,9,5,78.12,B,0,Excellent platform for learning,Positive
2701,Arun Reddy,23,Male,0.35,55.22,1,6,3,5,51.3,D,0,Not useful at all,Negative
2702,Ravi Sharma,30,Female,1,33.87,0.82,8,37,7,76.26,B,0,Helped me improve a lot,Positive
2703,Ravi Kumar,23,Female,0.49,51.02,0.48,3,47,5,51.81,D,0,Too difficult to follow,Negative
2704,Anjali Reddy,27,Female,0.54,45.86,0.53,5,32,3,50.12,D,0,Not useful at all,Negative
2705,Suresh Verma,21,Male,0.77,47.94,0.86,6,1,3,69.58,C,0,Nothing special,Neutral
2706,Rahul Sharma,30,Male,1,47.05,1,6,36,2,73,B,0,Very engaging and informative,Positive
2707,Priya Iyer,27,Female,0.88,22.08,0.73,9,11,4,65.85,C,0,Okay course,Neutral
2708,Arun Verma,24,Male,0.78,47.6,0.62,3,9,5,62.82,C,0,Okay course,Neutral
2709,Meena Iyer,29,Female,0.94,37.49,0.66,5,29,8,65.91,C,0,Okay course,Neutral
2710,Kavya Singh,27,Male,0.69,36.11,0.94,5,27,5,70,B,0,Very engaging and informative,Positive
2711,Vijay Gupta,20,Male,0.54,7.28,0.72,4,30,3,53.23,D,0,Not useful at all,Negative
2712,Arun Reddy,30,Male,0.77,46.52,0.98,3,46,3,78.44,B,0,Very engaging and informative,Positive
2713,Sneha Gupta,25,Male,0.62,50.86,0.7,9,46,6,68.38,C,0,Normal learning experience,Neutral
2714,Divya Nair,28,Female,0.67,43.31,0.89,3,32,4,66.68,C,0,Okay course,Neutral
2715,Suresh Gupta,18,Female,0.45,13.71,0.86,8,35,6,49.84,D,1,Waste of time,Negative
2716,Anjali Reddy,24,Male,0.57,32.69,0.74,7,13,4,59.84,C,0,Average experience,Neutral
2717,Priya Patel,28,Male,0.83,60.99,0.74,8,2,6,73.41,B,0,Loved the teaching style,Positive
2718,Arun Nair,29,Female,0.8,29.54,0.84,3,44,0,64.86,C,0,Normal learning experience,Neutral
2719,Anjali Singh,24,Male,0.92,42.91,1,3,15,0,72.99,B,0,Very engaging and informative,Positive
2720,Karthik Patel,27,Male,0.98,15.65,0.68,4,26,1,64.92,C,0,Okay course,Neutral
2721,Sneha Kumar,29,Female,0.84,19.51,0.81,4,14,8,56.88,C,0,Can be improved,Neutral
2722,Arun Reddy,26,Female,0.69,50.26,0.79,4,3,1,62.53,C,0,Can be improved,Neutral
2723,Suresh Singh,30,Female,0.43,31.12,0.59,5,35,0,51.96,D,0,Too difficult to follow,Negative
2724,Karthik Sharma,22,Male,0.94,55.45,1,7,48,5,86.84,A,0,Great course and very helpful,Positive
2725,Kavya Sharma,21,Female,0.71,40.52,0.72,3,11,5,60.79,C,0,Okay course,Neutral
2726,Suresh Sharma,26,Male,0.83,-4.04,0.44,9,8,7,36.96,Fail,0,Poor explanations,Negative
2727,Suresh Iyer,19,Male,0.81,25.62,0.83,4,11,6,64.11,C,0,Can be improved,Neutral
2728,Divya Iyer,22,Female,0.89,21.72,0.65,5,29,0,53.35,D,0,Too difficult to follow,Negative
2729,Rahul Iyer,27,Female,0.76,55.9,0.62,7,28,3,68.26,C,0,Nothing special,Neutral
2730,Suresh Kumar,18,Male,0.42,31.05,0.8,4,2,4,48.32,D,0,Waste of time,Negative
2731,Sneha Patel,29,Male,0.82,32.55,0.78,3,38,9,67.49,C,0,Can be improved,Neutral
2732,Kavya Singh,30,Female,0.29,11.27,0.49,6,9,8,34.86,Fail,1,Waste of time,Negative
2733,Ravi Gupta,19,Male,0.66,39.21,0.83,6,7,5,61.68,C,0,Can be improved,Neutral
2734,Kavya Kumar,19,Male,0.51,63.71,0.59,6,39,1,56.36,C,0,Nothing special,Neutral
2735,Anjali Das,29,Female,1,18.6,0.29,7,43,6,52.26,D,0,Poor explanations,Negative
2736,Anjali Sharma,22,Female,0.68,36.7,0.93,5,38,6,64.78,C,0,Normal learning experience,Neutral
2737,Anjali Singh,21,Male,0.99,40.15,0.82,5,25,8,73.99,B,0,Great course and very helpful,Positive
2738,Anjali Patel,22,Male,0.82,41.45,0.63,9,40,4,68.33,C,0,Okay course,Neutral
2739,Anjali Verma,27,Male,0.67,52.96,0.77,6,34,1,62.27,C,0,Okay course,Neutral
2740,Kavya Gupta,23,Male,0.81,23.06,0.78,9,17,8,60.29,C,0,Can be improved,Neutral
2741,Suresh Reddy,26,Female,0.92,41.86,0.42,7,25,9,62.23,C,0,Can be improved,Neutral
2742,Sneha Patel,19,Female,1,25.91,0.65,4,11,5,54.8,D,0,Waste of time,Negative
2743,Kavya Patel,23,Female,0.78,42.01,0.36,6,29,1,56.2,C,0,Can be improved,Neutral
2744,Arun Patel,19,Female,0.98,57.24,0.83,5,40,5,73.1,B,0,Loved the teaching style,Positive
2745,Kavya Patel,26,Female,0.89,24.62,0.77,5,48,4,81.16,B,0,Excellent platform for learning,Positive
2746,Kavya Reddy,18,Female,1,43.83,0.57,7,15,2,60.12,C,0,Average experience,Neutral
2747,Priya Das,20,Male,0.7,22.3,0.67,8,2,2,49.11,D,0,Not useful at all,Negative
2748,Sneha Gupta,18,Female,0.84,21.41,0.89,4,10,9,61.19,C,0,Can be improved,Neutral
2749,Suresh Iyer,26,Male,0.83,30.81,0.78,8,12,2,69.54,C,0,Can be improved,Neutral
2750,Anjali Singh,26,Male,0.73,48.03,0.87,7,47,8,75.29,B,0,Great course and very helpful,Positive
2751,Sneha Singh,25,Female,0.62,33.82,1,8,28,4,68.48,C,0,Average experience,Neutral
2752,Meena Verma,18,Female,0.88,26.7,0.9,6,45,9,67.99,C,0,Normal learning experience,Neutral
2753,Anjali Singh,25,Male,0.68,36.36,0.79,8,42,7,66.32,C,0,Average experience,Neutral
2754,Priya Verma,20,Female,0.56,57.42,0.94,4,7,2,57.68,C,0,Average experience,Neutral
2755,Rahul Nair,18,Female,0.69,10.16,0.89,5,22,7,64.31,C,0,Average experience,Neutral
2756,Meena Nair,19,Male,0.91,35.82,1,5,2,7,65.11,C,0,Normal learning experience,Neutral
2757,Kavya Reddy,30,Female,0.85,15.46,0.68,3,4,1,54.1,D,0,Not useful at all,Negative
2758,Ravi Iyer,24,Male,0.72,51.76,0.59,3,5,7,51.3,D,0,Not useful at all,Negative
2759,Rahul Nair,25,Male,0.77,12.03,0.49,7,25,4,63.15,C,0,Can be improved,Neutral
2760,Meena Nair,23,Female,0.55,66.95,0.18,5,28,9,46.96,D,0,Very confusing content,Negative
2761,Arun Singh,20,Male,0.7,24.74,0.55,7,23,4,50.11,D,0,Too difficult to follow,Negative
2762,Arun Iyer,27,Female,0.69,53.55,0.88,6,49,3,74.42,B,0,Great course and very helpful,Positive
2763,Divya Iyer,26,Female,0.53,43.91,0.67,5,6,5,41.54,D,0,Waste of time,Negative
2764,Anjali Sharma,20,Male,0.65,68.31,0.79,8,28,6,70.32,B,0,Excellent platform for learning,Positive
2765,Arun Patel,26,Female,0.74,62.87,0.74,3,11,5,66.89,C,0,Normal learning experience,Neutral
2766,Rahul Singh,18,Female,0.87,22.91,0.62,3,5,5,49.67,D,0,Waste of time,Negative
2767,Arun Sharma,24,Male,0.54,29.35,0.8,8,17,5,62.02,C,0,Average experience,Neutral
2768,Sneha Reddy,19,Female,0.29,23.32,0.62,7,3,0,45.05,D,0,Not useful at all,Negative
2769,Anjali Patel,23,Male,0.73,32.21,0.52,6,26,7,58.43,C,0,Normal learning experience,Neutral
2770,Sneha Kumar,25,Male,0.87,17.87,0.63,4,6,5,63.51,C,0,Okay course,Neutral
2771,Priya Reddy,24,Male,0.74,45.45,0.55,6,13,4,44.84,D,0,Not useful at all,Negative
2772,Rahul Kumar,21,Female,0.59,34.68,0.67,6,44,3,59.49,C,0,Average experience,Neutral
2773,Anjali Verma,26,Male,0.4,44.67,0.13,9,19,9,36.19,Fail,0,Waste of time,Negative
2774,Rahul Reddy,25,Female,0.89,57.34,0.04,3,21,6,45.81,D,0,Poor explanations,Negative
2775,Karthik Sharma,26,Female,0.75,2.76,1,7,8,6,63.08,C,0,Average experience,Neutral
2776,Ravi Sharma,25,Male,0.68,22.97,0.71,9,7,7,52.49,D,0,Too difficult to follow,Negative
2777,Karthik Gupta,21,Male,0.87,44.55,0.77,3,1,4,61.83,C,0,Average experience,Neutral
2778,Kavya Nair,21,Male,0.74,44.1,0.72,5,20,4,54.23,D,0,Too difficult to follow,Negative
2779,Suresh Nair,24,Male,0.69,48.77,0.48,8,25,4,50.49,D,0,Poor explanations,Negative
2780,Sneha Das,26,Male,0.6,12.93,0.63,9,1,1,50.51,D,0,Very confusing content,Negative
2781,Suresh Das,25,Female,0.83,3.81,0.91,3,8,2,50.01,D,0,Very confusing content,Negative
2782,Divya Patel,22,Female,1,61.59,0.55,5,38,0,70.78,B,0,Loved the teaching style,Positive
2783,Sneha Gupta,25,Female,0.56,96.66,0.73,5,34,4,66.76,C,0,Normal learning experience,Neutral
2784,Karthik Patel,22,Female,0.83,35.15,0.79,3,32,0,64.25,C,0,Normal learning experience,Neutral
2785,Vijay Iyer,23,Female,0.46,48.45,0.82,8,30,8,68.57,C,0,Average experience,Neutral
2786,Vijay Sharma,22,Male,0.79,33.06,0.38,5,22,2,49.14,D,0,Very confusing content,Negative
2787,Sneha Sharma,25,Female,0.67,49.07,0.97,3,7,8,56.34,C,0,Average experience,Neutral
2788,Suresh Sharma,24,Female,0.13,54.94,0.46,7,29,3,45.75,D,0,Poor explanations,Negative
2789,Kavya Iyer,25,Male,0.94,47.82,0.77,5,36,2,64.48,C,0,Can be improved,Neutral
2790,Divya Patel,27,Female,0.74,38.02,1,9,2,2,62.52,C,0,Can be improved,Neutral
2791,Karthik Verma,21,Female,1,45.48,0.79,7,17,0,77.05,B,0,Loved the teaching style,Positive
2792,Priya Reddy,23,Male,0.58,16.35,0.35,3,40,4,43.33,D,0,Too difficult to follow,Negative
2793,Arun Kumar,18,Male,0.95,53.69,0.53,7,10,3,70.92,B,0,Excellent platform for learning,Positive
2794,Vijay Kumar,23,Female,0.7,57.62,0.94,8,10,0,69.9,C,0,Normal learning experience,Neutral
2795,Divya Iyer,26,Female,0.72,67.79,0.71,9,2,1,66.39,C,0,Okay course,Neutral
2796,Divya Iyer,19,Female,0.6,48.15,0.84,3,17,1,71.13,B,0,Helped me improve a lot,Positive
2797,Sneha Patel,27,Male,0.98,43.65,0.58,3,43,8,68.6,C,0,Can be improved,Neutral
2798,Ravi Gupta,21,Male,0.71,37.19,0.35,5,0,2,44.38,D,0,Too difficult to follow,Negative
2799,Priya Patel,29,Female,0.84,30.21,0.37,6,18,7,46.66,D,0,Too difficult to follow,Negative
2800,Rahul Kumar,23,Female,0.7,33.97,0.65,7,1,3,52.38,D,0,Waste of time,Negative
2801,Suresh Gupta,27,Female,0.83,35.2,0.64,3,24,9,62.46,C,0,Normal learning experience,Neutral
2802,Divya Gupta,27,Female,1,14.97,0.65,7,26,4,69.33,C,0,Can be improved,Neutral
2803,Arun Reddy,30,Female,0.59,51.76,0.86,5,43,5,70.71,B,0,Helped me improve a lot,Positive
2804,Sneha Patel,28,Female,0.62,44.69,1,5,19,5,70.48,B,0,Excellent platform for learning,Positive
2805,Ravi Gupta,20,Female,1,3.97,0.54,9,20,1,57.45,C,0,Average experience,Neutral
2806,Vijay Gupta,29,Male,0.88,40.45,1,3,26,0,80.42,B,0,Helped me improve a lot,Positive
2807,Divya Das,22,Male,0.81,78.24,0.81,9,30,5,74.58,B,0,Very engaging and informative,Positive
2808,Vijay Reddy,26,Female,0.79,34.4,0.86,6,27,1,60.65,C,0,Nothing special,Neutral
2809,Karthik Patel,21,Female,0.81,55.6,0.64,6,15,9,57.59,C,0,Can be improved,Neutral
2810,Ravi Reddy,24,Female,0.69,37.1,0.89,6,25,3,65.1,C,0,Okay course,Neutral
2811,Rahul Kumar,27,Male,0.9,57.46,0.33,3,12,3,49.36,D,0,Not useful at all,Negative
2812,Karthik Reddy,29,Female,0.83,34.56,0.58,6,21,1,59.57,C,0,Average experience,Neutral
2813,Meena Patel,24,Female,0.65,23.94,0.65,5,16,5,62.48,C,0,Normal learning experience,Neutral
2814,Sneha Kumar,20,Female,0.82,30.34,0.61,5,13,2,49.37,D,0,Very confusing content,Negative
2815,Divya Reddy,25,Female,0.52,20.66,0.75,9,5,1,54.47,D,0,Poor explanations,Negative
2816,Divya Verma,22,Male,0.8,41.36,0.62,8,27,8,68.66,C,0,Can be improved,Neutral
2817,Divya Verma,20,Female,0.79,35.81,0.77,3,40,2,62.09,C,0,Average experience,Neutral
2818,Sneha Iyer,22,Male,0.91,54.77,0.8,8,13,3,66.22,C,0,Can be improved,Neutral
2819,Kavya Patel,22,Female,0.88,28.61,0.5,3,14,1,58.01,C,0,Normal learning experience,Neutral
2820,Rahul Sharma,24,Male,0.54,26.79,0.63,9,20,6,56.75,C,0,Okay course,Neutral
2821,Ravi Gupta,26,Male,0.83,62.34,1,7,25,2,76.97,B,0,Helped me improve a lot,Positive
2822,Meena Iyer,20,Male,0.61,68.47,1,6,17,7,73.73,B,0,Excellent platform for learning,Positive
2823,Anjali Gupta,22,Female,1,25.68,0.51,5,10,1,58.29,C,0,Can be improved,Neutral
2824,Ravi Singh,22,Male,0.96,23.4,0.83,3,21,0,60.02,C,0,Nothing special,Neutral
2825,Meena Das,26,Male,0.68,9.2,0.52,9,3,9,40.32,D,0,Waste of time,Negative
2826,Meena Gupta,28,Female,0.66,41.76,0.53,5,0,7,50.66,D,0,Not useful at all,Negative
2827,Priya Kumar,19,Female,0.53,24.94,0.51,8,35,8,52.81,D,0,Poor explanations,Negative
2828,Meena Singh,21,Male,0.61,34.63,0.66,5,38,7,52.7,D,0,Waste of time,Negative
2829,Kavya Reddy,27,Male,0.75,49.87,0.87,8,4,3,66.45,C,0,Nothing special,Neutral
2830,Anjali Verma,23,Female,0.87,26.02,0.66,6,28,2,60.91,C,0,Nothing special,Neutral
2831,Meena Singh,22,Female,0.67,37.37,0.67,7,4,6,54.4,D,0,Too difficult to follow,Negative
2832,Anjali Reddy,22,Male,0.94,43.78,0.89,8,47,1,83.23,B,0,Great course and very helpful,Positive
2833,Vijay Gupta,26,Female,0.96,39.75,0.83,7,43,5,70.81,B,0,Great course and very helpful,Positive
2834,Sneha Iyer,22,Male,0.47,49.52,0.87,8,44,0,59.23,C,0,Nothing special,Neutral
2835,Divya Verma,23,Male,1,58.46,0.54,7,30,9,59.26,C,0,Okay course,Neutral
2836,Divya Kumar,19,Male,0.56,35.45,0.51,4,21,4,44.56,D,0,Very confusing content,Negative
2837,Suresh Singh,23,Male,0.43,39.74,0.58,3,20,4,42.01,D,0,Not useful at all,Negative
2838,Anjali Iyer,27,Male,0.78,31.74,0.98,9,33,7,80.69,B,0,Excellent platform for learning,Positive
2839,Arun Nair,23,Female,0.78,37.34,0.64,5,6,7,44.02,D,0,Waste of time,Negative
2840,Divya Gupta,22,Male,0.94,29.39,0.89,9,10,4,80.15,B,0,Helped me improve a lot,Positive
2841,Arun Verma,20,Male,0.95,32.99,0.96,9,37,9,76.84,B,0,Loved the teaching style,Positive
2842,Suresh Sharma,20,Male,0.56,44.22,1,3,21,5,57.33,C,0,Average experience,Neutral
2843,Ravi Gupta,24,Female,0.8,40.28,0.53,9,9,2,64.65,C,0,Okay course,Neutral
2844,Sneha Gupta,28,Female,0.96,29.05,0.76,6,46,8,77.14,B,0,Very engaging and informative,Positive
2845,Ravi Sharma,21,Male,0.69,34.81,0.51,7,6,7,59.72,C,0,Can be improved,Neutral
2846,Sneha Singh,25,Male,0.54,41.27,0.5,6,35,8,48.89,D,0,Too difficult to follow,Negative
2847,Anjali Verma,29,Female,1,23.98,0.76,4,25,5,80.34,B,0,Helped me improve a lot,Positive
2848,Meena Singh,27,Male,0.91,40.62,0.36,4,4,6,56.69,C,0,Average experience,Neutral
2849,Priya Gupta,27,Female,0.99,34.65,0.56,7,42,2,73.23,B,0,Loved the teaching style,Positive
2850,Meena Singh,29,Female,0.98,64.4,0.34,4,48,1,64.99,C,0,Nothing special,Neutral
2851,Anjali Singh,22,Male,0.61,29.67,0.6,7,19,4,45.27,D,0,Poor explanations,Negative
2852,Anjali Nair,27,Female,0.77,60.4,0.65,7,21,7,68.97,C,0,Normal learning experience,Neutral
2853,Vijay Patel,22,Female,0.53,26.13,0.7,8,40,3,55.94,C,0,Normal learning experience,Neutral
2854,Rahul Iyer,27,Male,0.77,33.09,0.53,4,27,6,62.07,C,0,Average experience,Neutral
2855,Kavya Nair,20,Female,0.78,43.18,0.71,6,2,2,49.32,D,0,Very confusing content,Negative
2856,Anjali Iyer,21,Male,0.91,35.51,0.53,3,10,5,60.02,C,0,Average experience,Neutral
2857,Anjali Sharma,19,Male,0.75,77.13,0.86,5,44,3,76.31,B,0,Excellent platform for learning,Positive
2858,Suresh Iyer,28,Female,0.86,61.69,0.44,9,18,1,66.5,C,0,Nothing special,Neutral
2859,Kavya Reddy,22,Female,0.98,31.85,0.95,5,43,6,74.25,B,0,Great course and very helpful,Positive
2860,Karthik Kumar,27,Male,0.47,44.5,0.79,9,22,1,56.55,C,0,Normal learning experience,Neutral
2861,Meena Nair,28,Female,0.57,36.06,0.71,4,5,0,53.93,D,0,Very confusing content,Negative
2862,Suresh Das,18,Female,0.89,42.43,0.67,5,35,5,73.01,B,0,Loved the teaching style,Positive
2863,Kavya Singh,28,Male,0.5,34,0.84,3,10,3,51.62,D,0,Very confusing content,Negative
2864,Priya Iyer,27,Male,0.83,32.01,0.7,6,37,2,69.4,C,0,Nothing special,Neutral
2865,Divya Sharma,29,Female,1,22.48,0.58,7,22,3,53.27,D,0,Too difficult to follow,Negative
2866,Suresh Reddy,23,Male,0.74,29.23,0.55,4,24,9,52,D,0,Poor explanations,Negative
2867,Arun Gupta,27,Female,0.85,24.05,0.61,5,21,3,62.1,C,0,Nothing special,Neutral
2868,Arun Das,25,Female,0.88,33.69,0.69,9,11,3,62.48,C,0,Normal learning experience,Neutral
2869,Anjali Gupta,19,Male,0.73,63.55,0.55,9,7,7,64.87,C,0,Nothing special,Neutral
2870,Anjali Nair,22,Male,0.41,12.89,0.73,4,2,6,45.13,D,1,Too difficult to follow,Negative
2871,Vijay Iyer,29,Female,0.9,26.37,0.71,5,10,7,72.96,B,0,Great course and very helpful,Positive
2872,Divya Iyer,21,Male,0.69,50.6,0.95,7,43,9,72.99,B,0,Excellent platform for learning,Positive
2873,Sneha Singh,22,Male,0.81,62.87,1,8,15,1,72.06,B,0,Great course and very helpful,Positive
2874,Kavya Singh,28,Male,0.58,3.65,0.77,4,19,9,54.44,D,0,Waste of time,Negative
2875,Rahul Patel,23,Male,0.45,25.94,0.72,5,39,7,65.08,C,0,Okay course,Neutral
2876,Divya Gupta,20,Male,0.94,21.82,0.84,8,45,3,69.36,C,0,Nothing special,Neutral
2877,Arun Sharma,23,Male,0.91,40.26,0.97,9,8,9,80.76,B,0,Very engaging and informative,Positive
2878,Ravi Das,18,Female,0.71,62.27,0.85,8,39,1,73.3,B,0,Loved the teaching style,Positive
2879,Arun Gupta,21,Female,0.96,38.51,0.76,5,36,0,75.01,B,0,Very engaging and informative,Positive
2880,Priya Nair,30,Male,0.74,54.81,0.64,8,32,7,61.82,C,0,Nothing special,Neutral
2881,Meena Patel,29,Male,0.73,30.58,0.77,5,38,9,70.18,B,0,Loved the teaching style,Positive
2882,Sneha Reddy,25,Female,0.62,55.41,0.65,9,31,3,71.62,B,0,Very engaging and informative,Positive
2883,Rahul Kumar,25,Female,0.68,36.65,0.75,6,20,5,58.59,C,0,Okay course,Neutral
2884,Vijay Patel,30,Female,1,50.06,0.68,7,16,8,73.02,B,0,Helped me improve a lot,Positive
2885,Anjali Das,22,Male,0.81,49.18,0.66,9,25,5,64.33,C,0,Average experience,Neutral
2886,Divya Patel,29,Male,0.23,68.88,0.85,8,1,8,52.47,D,0,Poor explanations,Negative
2887,Sneha Sharma,20,Female,0.76,44.53,0.95,8,30,7,74.72,B,0,Loved the teaching style,Positive
2888,Kavya Verma,21,Male,0.76,53.01,0.56,5,49,3,63.06,C,0,Okay course,Neutral
2889,Rahul Gupta,21,Male,0.68,19.5,0.59,6,23,1,53.64,D,0,Waste of time,Negative
2890,Suresh Iyer,29,Male,0.87,44.99,0.75,3,16,7,54.64,D,0,Waste of time,Negative
2891,Meena Kumar,25,Male,1,46.84,0.54,4,11,1,75.53,B,0,Excellent platform for learning,Positive
2892,Vijay Gupta,24,Female,0.59,27.78,0.82,3,13,9,49.31,D,0,Not useful at all,Negative
2893,Suresh Das,29,Male,0.76,30.97,0.8,9,43,8,76.98,B,0,Great course and very helpful,Positive
2894,Kavya Nair,18,Male,0.54,43.84,0.57,7,2,6,49.92,D,0,Waste of time,Negative
2895,Arun Verma,29,Male,0.7,41.48,0.24,9,44,2,46.07,D,0,Waste of time,Negative
2896,Meena Das,21,Female,0.52,29.82,0.9,4,24,0,56.74,C,0,Average experience,Neutral
2897,Kavya Singh,23,Male,0.74,28.36,0.54,5,19,1,55.93,C,0,Normal learning experience,Neutral
2898,Meena Gupta,22,Female,0.63,43.81,0.63,7,14,5,50.3,D,0,Very confusing content,Negative
2899,Suresh Das,29,Male,0.85,34.52,0.78,4,8,1,56.13,C,0,Average experience,Neutral
2900,Rahul Singh,27,Male,1,27.55,0.79,7,5,1,72.44,B,0,Excellent platform for learning,Positive
2901,Meena Das,23,Female,0.7,47.98,0.34,4,29,6,54.32,D,0,Too difficult to follow,Negative
2902,Arun Kumar,25,Male,0.58,30.06,0.66,5,10,8,46.69,D,0,Very confusing content,Negative
2903,Divya Nair,27,Female,0.64,44.46,0.74,4,26,8,44.7,D,0,Waste of time,Negative
2904,Rahul Singh,23,Male,0.57,23.94,0.91,7,26,9,62.16,C,0,Nothing special,Neutral
2905,Priya Iyer,19,Female,0.66,37.75,0.66,8,30,6,59.99,C,0,Nothing special,Neutral
2906,Anjali Das,29,Male,0.93,62.54,0.44,6,33,8,73.61,B,0,Excellent platform for learning,Positive
2907,Arun Singh,26,Female,0.67,39.52,0.81,3,18,6,55.25,C,0,Normal learning experience,Neutral
2908,Priya Nair,21,Female,0.81,65.56,0.56,5,4,6,54.88,D,0,Very confusing content,Negative
2909,Meena Verma,27,Male,0.73,55.48,0.41,6,47,0,67.96,C,0,Average experience,Neutral
2910,Karthik Verma,24,Female,0.84,23.61,0.57,3,16,9,53.95,D,0,Not useful at all,Negative
2911,Kavya Gupta,20,Female,0.59,27.99,0.5,6,30,4,62.93,C,0,Normal learning experience,Neutral
2912,Karthik Singh,28,Female,1,88.45,0.88,6,35,7,84.52,B,0,Great course and very helpful,Positive
2913,Arun Patel,26,Female,0.93,53.35,0.86,3,2,6,68.4,C,0,Nothing special,Neutral
2914,Sneha Kumar,24,Female,0.68,51.58,0.87,8,45,6,72.86,B,0,Loved the teaching style,Positive
2915,Arun Iyer,25,Male,1,2.62,0.72,7,12,5,66.11,C,0,Nothing special,Neutral
2916,Meena Iyer,23,Female,0.87,40.84,0.48,5,38,6,55.72,C,0,Normal learning experience,Neutral
2917,Ravi Patel,27,Male,0.53,72.24,1,4,12,6,75.24,B,0,Great course and very helpful,Positive
2918,Priya Verma,28,Female,0.08,48.93,0.31,6,5,8,25.45,Fail,0,Too difficult to follow,Negative
2919,Anjali Gupta,23,Female,0.38,43.01,0.89,9,40,5,68.77,C,0,Can be improved,Neutral
2920,Ravi Gupta,20,Male,0.67,21.4,0.89,5,44,8,64.53,C,0,Nothing special,Neutral
2921,Meena Iyer,27,Male,0.48,22.34,0.62,6,8,5,44.47,D,0,Very confusing content,Negative
2922,Vijay Singh,21,Male,0.68,53.53,0.28,4,36,7,46.01,D,0,Very confusing content,Negative
2923,Arun Patel,27,Female,0.78,59.3,1,7,47,9,79.95,B,0,Very engaging and informative,Positive
2924,Ravi Gupta,22,Female,0.57,44.07,0.55,7,40,3,46.8,D,0,Not useful at all,Negative
2925,Anjali Verma,21,Male,0.85,29.91,0.54,5,42,2,63.09,C,0,Can be improved,Neutral
2926,Ravi Verma,28,Female,0.83,35.18,0.39,3,35,5,58.47,C,0,Normal learning experience,Neutral
2927,Priya Nair,26,Male,0.71,48.96,0.88,4,22,5,73.99,B,0,Excellent platform for learning,Positive
2928,Rahul Das,23,Male,0.49,42.33,0.75,3,37,5,59.61,C,0,Okay course,Neutral
2929,Ravi Verma,19,Male,0.46,26.81,0.78,6,34,9,58.29,C,0,Okay course,Neutral
2930,Arun Patel,28,Male,0.9,31.39,0.87,7,8,7,67.63,C,0,Average experience,Neutral
2931,Sneha Patel,22,Male,0.8,40.29,0.51,5,9,4,57.5,C,0,Nothing special,Neutral
2932,Priya Singh,24,Male,0.83,10.09,0.47,7,19,5,54.73,D,0,Not useful at all,Negative
2933,Arun Verma,21,Male,0.91,43.63,0.78,6,46,3,71.78,B,0,Helped me improve a lot,Positive
2934,Rahul Nair,25,Female,0.66,41.68,0.76,3,39,0,49.9,D,0,Waste of time,Negative
2935,Suresh Das,20,Male,0.71,48.24,0.97,6,28,0,77.25,B,0,Very engaging and informative,Positive
2936,Vijay Sharma,24,Male,0.9,29.89,0.48,4,3,4,55.46,C,0,Can be improved,Neutral
2937,Divya Patel,19,Male,0.6,60.21,0.91,6,40,7,65.74,C,0,Can be improved,Neutral
2938,Ravi Gupta,25,Female,1,49.71,0.91,4,31,4,77.46,B,0,Helped me improve a lot,Positive
2939,Priya Singh,22,Female,0.52,32.9,0.63,6,37,9,53.86,D,0,Very confusing content,Negative
2940,Ravi Verma,20,Female,0.75,17.02,0.65,3,30,6,55.67,C,0,Can be improved,Neutral
2941,Anjali Sharma,23,Female,0.88,57.47,0.51,8,18,4,63.97,C,0,Normal learning experience,Neutral
2942,Priya Das,26,Female,1,38.81,0.92,5,19,1,78.98,B,0,Excellent platform for learning,Positive
2943,Arun Sharma,28,Male,0.58,36.34,1,9,42,3,69.47,C,0,Average experience,Neutral
2944,Karthik Reddy,19,Female,0.7,53.85,0.87,7,13,1,60.36,C,0,Average experience,Neutral
2945,Divya Das,18,Female,1,40.41,0.77,6,48,2,78.54,B,0,Loved the teaching style,Positive
2946,Kavya Kumar,21,Male,0.79,30.51,0.82,7,2,5,65.4,C,0,Normal learning experience,Neutral
2947,Kavya Iyer,25,Male,0.57,53.99,0.56,3,9,8,44.79,D,0,Too difficult to follow,Negative
2948,Meena Reddy,20,Female,0.5,52.28,0.52,7,32,5,56.49,C,0,Nothing special,Neutral
2949,Meena Kumar,24,Female,0.93,33.71,0.86,4,45,9,73.51,B,0,Excellent platform for learning,Positive
2950,Kavya Patel,26,Female,1,36.39,0.48,5,28,9,61.06,C,0,Can be improved,Neutral
2951,Ravi Gupta,28,Female,0.62,64.88,0.66,3,46,8,61.35,C,0,Can be improved,Neutral
2952,Karthik Gupta,27,Female,0.79,59.23,0.68,8,17,0,77.74,B,0,Loved the teaching style,Positive
2953,Arun Sharma,22,Male,1,76.32,0.52,4,16,4,66.51,C,0,Can be improved,Neutral
2954,Sneha Sharma,21,Male,0.68,55.02,0.88,6,4,4,67.59,C,0,Okay course,Neutral
2955,Ravi Gupta,24,Male,0.66,25.43,0.86,4,23,8,60.34,C,0,Normal learning experience,Neutral
2956,Arun Das,24,Male,0.63,25.86,1,3,5,5,63.13,C,0,Okay course,Neutral
2957,Kavya Sharma,20,Male,0.44,42,0.77,5,5,4,52.52,D,0,Very confusing content,Negative
2958,Meena Gupta,30,Female,0.93,22.79,0.57,4,4,6,60.19,C,0,Normal learning experience,Neutral
2959,Kavya Gupta,27,Male,0.6,51.79,0.83,3,46,7,73.9,B,0,Excellent platform for learning,Positive
2960,Vijay Iyer,29,Male,0.47,21.74,0.76,9,1,7,45.85,D,0,Not useful at all,Negative
2961,Rahul Gupta,18,Female,0.76,48.26,0.61,3,12,3,60.57,C,0,Okay course,Neutral
2962,Vijay Das,19,Male,1,14.92,1,7,16,7,78.62,B,0,Very engaging and informative,Positive
2963,Divya Singh,27,Female,0.92,61.61,0.78,8,7,8,68.32,C,0,Nothing special,Neutral
2964,Suresh Verma,26,Male,0.65,42.67,0.87,7,38,7,68.09,C,0,Normal learning experience,Neutral
2965,Meena Nair,18,Male,0.71,48.28,0.68,7,28,1,69.38,C,0,Average experience,Neutral
2966,Sneha Das,24,Female,0.64,31.57,0.87,5,26,2,61.49,C,0,Okay course,Neutral
2967,Anjali Reddy,21,Male,0.89,27.64,0.76,8,7,1,51.53,D,0,Too difficult to follow,Negative
2968,Ravi Verma,19,Female,0.61,42,0.78,6,40,9,59.79,C,0,Nothing special,Neutral
2969,Meena Patel,28,Female,0.92,41.11,0.65,5,20,5,58.67,C,0,Average experience,Neutral
2970,Sneha Kumar,30,Male,0.5,66.59,0.72,9,18,9,54.59,D,0,Very confusing content,Negative
2971,Divya Das,20,Male,0.61,17.02,0.54,5,4,5,40.94,D,0,Very confusing content,Negative
2972,Rahul Das,25,Female,0.58,21.62,0.65,9,10,1,41.96,D,0,Not useful at all,Negative
2973,Arun Kumar,20,Male,0.53,45.7,1,5,8,7,68.48,C,0,Average experience,Neutral
2974,Sneha Sharma,27,Female,0.94,24.27,0.74,7,43,0,73.24,B,0,Great course and very helpful,Positive
2975,Suresh Das,22,Male,0.86,55.37,0.62,6,14,4,57.03,C,0,Can be improved,Neutral
2976,Vijay Das,19,Female,0.82,25.37,0.6,4,8,1,43.47,D,0,Not useful at all,Negative
2977,Ravi Verma,21,Male,0.82,47.2,0.62,6,28,3,62.46,C,0,Average experience,Neutral
2978,Rahul Verma,18,Female,0.75,56.64,0.77,6,30,9,72.23,B,0,Loved the teaching style,Positive
2979,Karthik Gupta,28,Male,0.72,35.15,0.53,6,34,1,54.86,D,0,Too difficult to follow,Negative
2980,Ravi Das,22,Female,0.83,47.55,0.83,5,6,8,72.83,B,0,Helped me improve a lot,Positive
2981,Divya Verma,19,Male,0.91,54.07,0.91,4,12,2,73.16,B,0,Great course and very helpful,Positive
2982,Karthik Sharma,24,Female,0.8,31.77,0.54,9,25,7,63.27,C,0,Normal learning experience,Neutral
2983,Ravi Gupta,25,Male,0.93,49.02,0.52,3,46,2,66.76,C,0,Normal learning experience,Neutral
2984,Karthik Reddy,30,Male,0.74,48.39,0.4,6,9,7,62.78,C,0,Can be improved,Neutral
2985,Anjali Patel,18,Female,0.52,52.2,0.69,8,13,4,60.34,C,0,Nothing special,Neutral
2986,Arun Reddy,30,Male,0.49,56.32,0.69,9,38,9,63.08,C,0,Normal learning experience,Neutral
2987,Sneha Sharma,22,Female,0.72,59.81,0.38,6,38,1,59.62,C,0,Average experience,Neutral
2988,Sneha Das,27,Male,0.68,56.84,0.83,5,21,1,65.86,C,0,Nothing special,Neutral
2989,Anjali Iyer,28,Female,0.49,37.8,0.63,5,20,8,54.09,D,0,Very confusing content,Negative
2990,Suresh Patel,18,Female,0.43,43.66,0.65,4,8,5,43.09,D,0,Very confusing content,Negative
2991,Arun Singh,19,Female,0.87,37.26,0.65,9,10,2,68.82,C,0,Average experience,Neutral
2992,Kavya Iyer,28,Female,0.76,46.86,0.43,8,12,4,55.44,C,0,Normal learning experience,Neutral
2993,Meena Verma,26,Male,0.72,40.63,1,5,10,1,72.4,B,0,Helped me improve a lot,Positive
2994,Kavya Gupta,23,Male,1,47.43,0.84,6,47,2,83.53,B,0,Loved the teaching style,Positive
2995,Priya Patel,20,Male,0.55,32.86,0.89,5,13,7,48.54,D,0,Very confusing content,Negative
2996,Sneha Iyer,21,Male,0.57,13.66,0.31,4,47,7,35.18,Fail,0,Very confusing content,Negative
2997,Anjali Kumar,28,Male,0.68,41.82,0.98,7,39,9,72.66,B,0,Excellent platform for learning,Positive
2998,Divya Patel,19,Female,0.63,32.54,0.55,6,34,4,60.8,C,0,Okay course,Neutral
2999,Kavya Gupta,22,Male,0.53,75.49,0.91,7,30,8,73.93,B,0,Loved the teaching style,Positive
3000,Priya Sharma,22,Female,0.52,47.05,0.77,7,32,8,60.48,C,0,Okay course,Neutral
3001,Ravi Singh,18,Male,0.55,23.48,0.83,8,38,3,58.52,C,0,Nothing special,Neutral
3002,Anjali Patel,29,Female,0.41,50.96,0.91,9,47,9,70.45,B,0,Excellent platform for learning,Positive
3003,Suresh Sharma,28,Female,0.48,43.8,0.79,3,39,6,58.55,C,0,Okay course,Neutral
3004,Arun Kumar,18,Female,0.84,29.85,0.57,9,25,2,61.57,C,0,Average experience,Neutral
3005,Suresh Nair,30,Female,0.76,38,0.3,6,40,1,54.41,D,0,Waste of time,Negative
3006,Kavya Iyer,20,Male,1,43.97,0.46,3,40,2,68.68,C,0,Okay course,Neutral
3007,Priya Nair,30,Male,0.96,36.35,0.79,8,8,0,68.19,C,0,Average experience,Neutral
3008,Suresh Singh,29,Male,0.9,59.29,0.64,8,2,4,67.32,C,0,Nothing special,Neutral
3009,Divya Verma,22,Female,0.55,54.73,0.65,3,21,2,54.33,D,0,Very confusing content,Negative
3010,Suresh Sharma,29,Male,0.82,44.9,0.64,5,12,8,61.54,C,0,Normal learning experience,Neutral
3011,Meena Sharma,22,Female,0.84,51.02,1,3,19,4,73.37,B,0,Excellent platform for learning,Positive
3012,Anjali Gupta,18,Male,0.79,41.75,0.85,3,0,5,59.15,C,0,Nothing special,Neutral
3013,Karthik Reddy,20,Male,0.91,53.78,0.5,3,40,5,62.35,C,0,Okay course,Neutral
3014,Arun Das,24,Male,0.67,32.21,0.55,4,25,5,51.39,D,0,Very confusing content,Negative
3015,Anjali Das,23,Female,0.8,54.97,0.85,5,38,3,73.98,B,0,Great course and very helpful,Positive
3016,Sneha Verma,20,Male,0.56,31.16,0.55,7,4,0,47.11,D,0,Not useful at all,Negative
3017,Rahul Singh,19,Female,0.37,39.48,0.64,7,1,2,50.13,D,0,Waste of time,Negative
3018,Anjali Reddy,27,Female,0.63,28.44,0.78,8,26,2,57.85,C,0,Nothing special,Neutral
3019,Kavya Patel,23,Female,1,57.81,0.87,9,4,1,82.26,B,0,Excellent platform for learning,Positive
3020,Kavya Das,21,Male,0.99,39.88,0.56,7,42,9,67.17,C,0,Nothing special,Neutral
3021,Suresh Kumar,23,Male,0.65,64.48,0.76,4,18,4,63.27,C,0,Can be improved,Neutral
3022,Vijay Nair,23,Female,0.52,27.32,0.42,7,46,0,48.7,D,0,Poor explanations,Negative
3023,Divya Verma,20,Female,0.64,42.14,0.6,6,17,5,56.58,C,0,Okay course,Neutral
3024,Kavya Verma,25,Female,0.59,56.99,0.52,5,29,9,59.36,C,0,Average experience,Neutral
3025,Rahul Das,20,Female,0.6,34.13,0.6,9,3,8,56.08,C,0,Average experience,Neutral
3026,Rahul Kumar,18,Female,0.64,57.79,0.56,5,30,3,61.54,C,0,Can be improved,Neutral
3027,Suresh Sharma,30,Male,0.78,47.79,0.78,4,10,5,59.56,C,0,Can be improved,Neutral
3028,Suresh Gupta,24,Female,0.79,28.89,0.61,6,20,7,64.13,C,0,Nothing special,Neutral
3029,Suresh Gupta,23,Male,0.64,40.79,0.97,6,49,2,71.51,B,0,Helped me improve a lot,Positive
3030,Rahul Singh,19,Female,1,45.11,0.77,3,2,5,67.53,C,0,Normal learning experience,Neutral
3031,Karthik Das,28,Female,1,40.62,0.55,7,21,1,58.9,C,0,Can be improved,Neutral
3032,Suresh Verma,27,Male,0.82,36.47,0.76,3,31,9,61.22,C,0,Normal learning experience,Neutral
3033,Karthik Verma,25,Female,0.69,21.4,0.99,9,16,4,74.77,B,0,Very engaging and informative,Positive
3034,Kavya Patel,26,Female,0.71,43.48,0.57,9,28,7,73.45,B,0,Excellent platform for learning,Positive
3035,Karthik Iyer,22,Male,0.52,46.88,0.49,8,17,4,51.99,D,0,Not useful at all,Negative
3036,Arun Gupta,28,Male,0.64,47.97,0.79,4,21,0,66.63,C,0,Can be improved,Neutral
3037,Meena Verma,30,Female,1,53.74,0.83,3,37,3,74.09,B,0,Helped me improve a lot,Positive
3038,Vijay Singh,30,Female,1,44.69,0.5,7,25,3,72.83,B,0,Loved the teaching style,Positive
3039,Kavya Kumar,25,Female,0.74,58.78,0.59,9,22,4,69.86,C,0,Normal learning experience,Neutral
3040,Priya Patel,30,Male,0.82,46.25,0.49,9,49,2,60.51,C,0,Nothing special,Neutral
3041,Kavya Kumar,29,Male,0.51,41.13,0.85,6,4,0,61.71,C,0,Normal learning experience,Neutral
3042,Suresh Iyer,29,Male,0.84,33.54,0.71,4,9,7,64.52,C,0,Normal learning experience,Neutral
3043,Kavya Patel,20,Female,0.93,53.64,0.64,6,8,9,62.81,C,0,Normal learning experience,Neutral
3044,Sneha Kumar,26,Male,0.84,22.88,0.59,4,14,0,51.34,D,0,Poor explanations,Negative
3045,Priya Nair,25,Male,0.45,39.77,0.62,4,19,0,48.97,D,0,Poor explanations,Negative
3046,Meena Sharma,26,Female,0.93,35.69,0.48,5,0,6,57.52,C,0,Can be improved,Neutral
3047,Meena Das,29,Female,0.66,25.48,0.79,4,49,0,59.38,C,0,Normal learning experience,Neutral
3048,Sneha Kumar,23,Female,0.83,34.51,1,9,14,3,75.16,B,0,Helped me improve a lot,Positive
3049,Priya Das,20,Female,0.57,28.4,0.64,9,7,7,49.87,D,0,Too difficult to follow,Negative
3050,Karthik Singh,26,Male,0.91,18.23,0.33,4,23,0,48.56,D,0,Very confusing content,Negative
3051,Vijay Reddy,20,Male,0.49,54.8,0.72,6,15,4,57.33,C,0,Nothing special,Neutral
3052,Karthik Kumar,23,Male,0.94,40.63,0.88,4,39,9,72.6,B,0,Great course and very helpful,Positive
3053,Rahul Verma,24,Female,1,30.66,0.78,6,44,7,75.56,B,0,Loved the teaching style,Positive
3054,Vijay Patel,20,Female,0.82,46.96,0.92,7,46,7,76.12,B,0,Loved the teaching style,Positive
3055,Meena Sharma,25,Male,0.74,12.38,0.93,5,22,7,48.19,D,0,Too difficult to follow,Negative
3056,Divya Sharma,22,Male,1,33.41,0.73,3,4,7,62.57,C,0,Nothing special,Neutral
3057,Karthik Nair,29,Female,0.8,47.81,0.7,8,0,3,63.97,C,0,Normal learning experience,Neutral
3058,Vijay Das,26,Male,0.86,65.22,1,4,7,4,72.71,B,0,Excellent platform for learning,Positive
3059,Suresh Patel,27,Female,0.97,7.61,0.6,5,6,3,46.02,D,0,Not useful at all,Negative
3060,Rahul Nair,27,Female,0.8,39.82,0.33,8,17,0,58.04,C,0,Average experience,Neutral
3061,Kavya Patel,29,Female,0.59,23.9,0.89,3,0,4,52.69,D,0,Too difficult to follow,Negative
3062,Rahul Verma,29,Female,0.76,69.26,1,6,30,3,77.42,B,0,Great course and very helpful,Positive
3063,Meena Singh,23,Female,0.3,38.7,0.65,7,12,4,45.5,D,0,Poor explanations,Negative
3064,Anjali Reddy,27,Male,0.9,49.12,0.75,7,25,3,63.11,C,0,Nothing special,Neutral
3065,Sneha Singh,18,Female,0.9,25.04,0.77,8,3,6,62.66,C,0,Can be improved,Neutral
3066,Priya Kumar,27,Male,0.62,65.14,0.54,5,29,0,60.4,C,0,Okay course,Neutral
3067,Sneha Kumar,27,Female,0.5,38.29,1,5,26,4,69.24,C,0,Can be improved,Neutral
3068,Priya Kumar,28,Female,0.51,3.37,0.53,9,41,3,46.85,D,0,Not useful at all,Negative
3069,Vijay Iyer,19,Female,1,15.77,0.48,6,1,7,62.36,C,0,Normal learning experience,Neutral
3070,Suresh Kumar,20,Female,0.68,39.76,0.78,7,22,2,65.68,C,0,Okay course,Neutral
3071,Meena Das,30,Female,1,44.54,0.53,3,37,2,69.29,C,0,Okay course,Neutral
3072,Rahul Kumar,27,Female,0.73,36.24,1,6,49,3,80.68,B,0,Loved the teaching style,Positive
3073,Suresh Das,27,Male,1,41.66,0.57,6,37,7,65.88,C,0,Can be improved,Neutral
3074,Divya Verma,30,Female,0.7,42.92,0.51,7,3,4,48.06,D,0,Not useful at all,Negative
3075,Kavya Kumar,25,Female,0.77,34.77,0.91,8,43,2,69.63,C,0,Can be improved,Neutral
3076,Kavya Reddy,24,Male,0.48,52.92,0.8,3,28,6,50.8,D,0,Poor explanations,Negative
3077,Meena Nair,23,Male,0.8,40.17,0.49,7,0,2,53.86,D,0,Waste of time,Negative
3078,Arun Iyer,23,Female,1,52.34,0.52,7,26,4,67.91,C,0,Average experience,Neutral
3079,Karthik Sharma,20,Female,0.96,49.8,1,5,43,0,88.32,A,0,Very engaging and informative,Positive
3080,Priya Patel,19,Male,1,28.06,0.85,9,20,2,76.2,B,0,Loved the teaching style,Positive
3081,Ravi Sharma,28,Male,0.75,32.11,0.35,9,20,4,58.15,C,0,Normal learning experience,Neutral
3082,Divya Verma,18,Male,0.46,43.65,0.67,4,10,7,54.2,D,0,Poor explanations,Negative
3083,Rahul Das,26,Female,0.64,32.32,0.76,3,20,6,47.61,D,0,Waste of time,Negative
3084,Rahul Sharma,21,Male,0.9,31.42,0.73,5,0,1,58.75,C,0,Average experience,Neutral
3085,Sneha Singh,18,Female,0.77,42.54,0.47,7,44,6,60.54,C,0,Normal learning experience,Neutral
3086,Meena Patel,25,Male,0.72,41.68,0.59,5,42,5,58.65,C,0,Average experience,Neutral
3087,Karthik Patel,23,Female,0.74,17.89,0.74,6,4,5,53.01,D,0,Poor explanations,Negative
3088,Karthik Nair,24,Female,0.86,49.7,0.96,6,16,3,68.43,C,0,Can be improved,Neutral
3089,Rahul Kumar,26,Male,0.68,25.44,0.66,3,12,2,54.08,D,0,Poor explanations,Negative
3090,Ravi Kumar,23,Female,0.91,43.2,0.46,4,21,9,59.45,C,0,Nothing special,Neutral
3091,Ravi Patel,27,Male,0.68,34.87,1,6,22,1,70.75,B,0,Excellent platform for learning,Positive
3092,Ravi Verma,30,Male,0.98,47.47,0.69,6,48,8,77.73,B,0,Loved the teaching style,Positive
3093,Meena Gupta,20,Female,0.62,45.31,0.66,4,13,8,52.8,D,0,Very confusing content,Negative
3094,Priya Singh,29,Male,0.7,35.14,1,6,0,4,56.1,C,0,Nothing special,Neutral
3095,Divya Nair,19,Female,0.51,9.95,0.9,5,30,6,61.59,C,0,Can be improved,Neutral
3096,Arun Kumar,21,Male,0.51,29.5,1,4,43,5,61.65,C,0,Average experience,Neutral
3097,Ravi Nair,28,Male,0.94,38.42,0.7,6,19,4,51.33,D,0,Too difficult to follow,Negative
3098,Vijay Iyer,21,Female,0.87,65.73,0.68,4,49,9,71.46,B,0,Loved the teaching style,Positive
3099,Kavya Kumar,19,Female,1,21.81,0.79,9,38,2,82.16,B,0,Very engaging and informative,Positive
3100,Sneha Verma,23,Female,0.76,26.14,0.99,3,43,3,70.02,B,0,Helped me improve a lot,Positive
3101,Anjali Singh,21,Female,1,52.85,0.74,9,14,0,83.75,B,0,Very engaging and informative,Positive
3102,Arun Sharma,21,Female,0.61,37.4,0.77,4,43,9,61.77,C,0,Average experience,Neutral
3103,Vijay Reddy,25,Male,0.69,35.4,0.58,8,6,5,57.87,C,0,Normal learning experience,Neutral
3104,Sneha Singh,24,Female,0.61,26.29,0.67,7,5,5,55.58,C,0,Can be improved,Neutral
3105,Arun Singh,25,Male,0.31,31.39,0.69,4,26,4,45.27,D,0,Very confusing content,Negative
3106,Vijay Sharma,28,Male,0.84,45.66,0.86,9,1,0,67.21,C,0,Nothing special,Neutral
3107,Kavya Sharma,27,Female,0.7,41.95,0.55,9,41,8,62.01,C,0,Normal learning experience,Neutral
3108,Priya Verma,27,Male,0.57,37.34,0.5,3,10,0,42.35,D,0,Very confusing content,Negative
3109,Arun Singh,24,Female,0.73,21.45,0.59,4,15,2,43.15,D,0,Not useful at all,Negative
3110,Karthik Sharma,24,Female,0.56,56.95,0.78,9,29,8,63.12,C,0,Okay course,Neutral
3111,Karthik Iyer,25,Female,0.74,76.89,0.86,6,15,1,80.03,B,0,Helped me improve a lot,Positive
3112,Priya Patel,21,Male,0.53,39.79,0.77,8,5,8,62.27,C,0,Average experience,Neutral
3113,Kavya Gupta,30,Female,0.51,43.15,0.65,5,22,9,46.27,D,0,Too difficult to follow,Negative
3114,Arun Gupta,24,Male,0.72,27.8,0.4,5,33,1,44.57,D,0,Too difficult to follow,Negative
3115,Kavya Kumar,19,Male,0.84,23.93,0.7,7,17,6,65.58,C,0,Nothing special,Neutral
3116,Karthik Gupta,20,Female,0.74,42.85,0.85,8,17,3,59.8,C,0,Average experience,Neutral
3117,Sneha Patel,29,Male,1,58.37,0.66,6,4,7,72.35,B,0,Very engaging and informative,Positive
3118,Rahul Sharma,20,Female,1,29.07,0.6,5,29,1,78.23,B,0,Excellent platform for learning,Positive
3119,Vijay Verma,27,Female,0.74,23.85,0.41,5,18,9,48.4,D,0,Poor explanations,Negative
3120,Kavya Das,19,Male,0.53,35.57,0.32,7,18,0,44.99,D,0,Too difficult to follow,Negative
3121,Vijay Reddy,18,Female,0.75,18.74,0.67,7,22,0,67.14,C,0,Can be improved,Neutral
3122,Arun Nair,23,Male,0.97,30.31,0.64,3,25,4,66.24,C,0,Okay course,Neutral
3123,Priya Gupta,19,Female,0.7,45.83,0.64,7,23,9,67.93,C,0,Normal learning experience,Neutral
3124,Meena Das,19,Male,0.89,22.29,0.65,3,24,8,53.93,D,0,Too difficult to follow,Negative
3125,Rahul Patel,25,Male,0.7,40.84,1,3,18,6,66.35,C,0,Average experience,Neutral
3126,Anjali Das,19,Male,0.74,49.24,0.53,7,28,3,65.83,C,0,Average experience,Neutral
3127,Suresh Verma,29,Female,0.86,45.2,0.88,4,36,3,77.13,B,0,Excellent platform for learning,Positive
3128,Vijay Verma,29,Male,0.46,59.04,0.8,8,19,1,63.3,C,0,Okay course,Neutral
3129,Ravi Singh,21,Female,0.71,25.5,0.48,8,4,4,47.16,D,0,Very confusing content,Negative
3130,Sneha Verma,25,Male,0.92,44.31,0.79,9,17,0,70.33,B,0,Helped me improve a lot,Positive
3131,Anjali Patel,26,Male,0.36,49.61,0.75,6,30,0,57.65,C,0,Nothing special,Neutral
3132,Arun Singh,20,Male,1,53.67,0.6,3,4,5,69,C,0,Okay course,Neutral
3133,Meena Reddy,26,Female,0.77,26.19,0.59,3,17,7,55.84,C,0,Nothing special,Neutral
3134,Karthik Gupta,27,Male,0.57,60.8,0.57,3,8,3,56.11,C,0,Can be improved,Neutral
3135,Vijay Kumar,18,Female,0.58,65.43,0.29,5,32,9,57.86,C,0,Can be improved,Neutral
3136,Kavya Verma,24,Female,0.79,56.73,0.69,6,25,9,73.57,B,0,Great course and very helpful,Positive
3137,Anjali Patel,21,Female,0.57,36.05,0.7,3,10,9,56.46,C,0,Can be improved,Neutral
3138,Ravi Patel,29,Female,0.58,57.57,0.9,3,4,7,66.47,C,0,Can be improved,Neutral
3139,Arun Das,21,Male,0.48,22.56,0.55,8,10,6,44.22,D,0,Too difficult to follow,Negative
3140,Ravi Gupta,25,Female,0.66,58.84,1,3,4,3,62.4,C,0,Okay course,Neutral
3141,Sneha Das,22,Male,0.76,24.11,0.6,7,38,1,68.64,C,0,Nothing special,Neutral
3142,Kavya Singh,20,Male,0.83,39.64,0.8,3,35,5,61.03,C,0,Can be improved,Neutral
3143,Sneha Reddy,26,Female,0.69,26.84,0.84,8,24,4,66.66,C,0,Normal learning experience,Neutral
3144,Priya Iyer,30,Male,1,33.11,0.42,8,33,8,55.76,C,0,Nothing special,Neutral
3145,Divya Patel,30,Female,0.8,35.97,0.65,4,39,6,64.77,C,0,Can be improved,Neutral
3146,Karthik Das,19,Female,0.54,37.32,0.98,5,16,6,63.41,C,0,Average experience,Neutral
3147,Rahul Singh,25,Male,0.67,69.94,0.54,9,21,0,64.54,C,0,Normal learning experience,Neutral
3148,Divya Sharma,26,Female,0.97,39.52,0.76,6,18,0,71.05,B,0,Loved the teaching style,Positive
3149,Suresh Patel,19,Female,0.73,54,0.45,8,22,4,57.43,C,0,Okay course,Neutral
3150,Meena Iyer,25,Female,0.86,24,0,6,18,2,47.43,D,0,Not useful at all,Negative
3151,Suresh Verma,24,Female,0.93,36.88,0.49,3,7,2,56.22,C,0,Okay course,Neutral
3152,Anjali Iyer,28,Male,0.55,36.22,0.85,6,1,8,51.15,D,0,Very confusing content,Negative
3153,Priya Patel,25,Female,0.94,40.2,0.4,9,28,2,73.46,B,0,Excellent platform for learning,Positive
3154,Rahul Reddy,27,Male,0.93,69.06,0.61,4,27,8,69.48,C,0,Can be improved,Neutral
3155,Arun Kumar,24,Male,0.75,42.45,0.92,8,21,2,76.69,B,0,Helped me improve a lot,Positive
3156,Karthik Singh,21,Male,0.35,36.09,0.42,6,39,7,38.22,Fail,0,Waste of time,Negative
3157,Arun Verma,27,Female,0.89,34.48,0.5,9,0,8,68.69,C,0,Okay course,Neutral
3158,Arun Sharma,26,Male,0.71,44.65,0.81,4,34,2,60.83,C,0,Normal learning experience,Neutral
3159,Karthik Kumar,27,Female,0.63,15.21,0.91,8,22,3,59.93,C,0,Okay course,Neutral
3160,Karthik Patel,30,Male,0.64,43.99,0.47,9,14,2,54.92,D,0,Very confusing content,Negative
3161,Priya Iyer,18,Male,0.8,38.72,0.68,9,44,4,71.09,B,0,Loved the teaching style,Positive
3162,Anjali Verma,23,Male,0.86,45.66,0.94,3,3,3,68.71,C,0,Average experience,Neutral
3163,Divya Gupta,21,Male,0.96,48.37,0.57,8,6,4,65.37,C,0,Can be improved,Neutral
3164,Anjali Reddy,19,Female,0.99,60,0.72,8,6,2,73.79,B,0,Very engaging and informative,Positive
3165,Vijay Singh,22,Male,0.78,43.83,0.45,6,30,6,61.59,C,0,Can be improved,Neutral
3166,Anjali Verma,23,Female,0.9,25.15,0.51,6,17,6,55.43,C,0,Okay course,Neutral
3167,Rahul Iyer,30,Male,0.69,33.21,0.64,5,24,8,60.61,C,0,Can be improved,Neutral
3168,Priya Nair,29,Female,0.62,62.04,0.62,3,31,7,54.82,D,0,Poor explanations,Negative
3169,Arun Kumar,23,Female,0.48,25.7,0.54,6,10,6,47.49,D,0,Too difficult to follow,Negative
3170,Anjali Verma,30,Female,0.56,38.39,0.57,5,12,0,41.26,D,0,Poor explanations,Negative
3171,Rahul Verma,27,Female,1,60.3,0.65,5,25,1,77.29,B,0,Loved the teaching style,Positive
3172,Ravi Gupta,25,Male,1,50.29,0.95,7,42,6,78.8,B,0,Excellent platform for learning,Positive
3173,Divya Patel,18,Female,0.98,37.82,0.68,9,43,4,78.4,B,0,Excellent platform for learning,Positive
3174,Anjali Nair,26,Female,0.57,11.22,0.7,8,34,9,63.64,C,0,Okay course,Neutral
3175,Karthik Reddy,20,Female,0.76,56.15,0.35,7,37,3,60.76,C,0,Nothing special,Neutral
3176,Arun Das,25,Female,0.82,49.35,1,6,5,3,73.11,B,0,Loved the teaching style,Positive
3177,Rahul Singh,24,Female,0.45,52.47,0.79,6,18,6,63.8,C,0,Can be improved,Neutral
3178,Vijay Patel,29,Female,0.5,53.75,0.47,5,14,6,41.4,D,0,Poor explanations,Negative
3179,Divya Verma,19,Female,0.79,47.46,0.85,6,38,0,68.4,C,0,Okay course,Neutral
3180,Priya Verma,28,Female,0.51,57.92,0.41,8,27,5,50.18,D,0,Too difficult to follow,Negative
3181,Rahul Reddy,21,Male,0.45,39.17,0.59,4,23,1,47.68,D,0,Waste of time,Negative
3182,Rahul Das,26,Female,0.9,62.39,0.88,3,46,3,74.47,B,0,Very engaging and informative,Positive
3183,Ravi Nair,25,Male,0.72,3.95,0.77,4,41,4,49.52,D,0,Very confusing content,Negative
3184,Meena Das,26,Male,0.35,59.43,0.68,9,47,3,66.57,C,0,Average experience,Neutral
3185,Divya Sharma,23,Male,0.85,37.44,0.63,8,34,7,65.63,C,0,Nothing special,Neutral
3186,Kavya Singh,30,Male,0.47,57.08,0.62,5,41,2,58.15,C,0,Normal learning experience,Neutral
3187,Suresh Das,25,Male,0.75,72.87,0.85,5,12,4,64.71,C,0,Okay course,Neutral
3188,Arun Iyer,26,Male,0.88,22.91,0.57,4,49,5,61.38,C,0,Normal learning experience,Neutral
3189,Ravi Verma,26,Female,0.84,50.19,0.56,7,15,4,60.29,C,0,Okay course,Neutral
3190,Anjali Singh,22,Male,0.89,20.55,0.73,8,17,1,60.29,C,0,Normal learning experience,Neutral
3191,Karthik Das,23,Female,0.79,39.02,0.56,8,37,7,68.33,C,0,Okay course,Neutral
3192,Rahul Iyer,30,Male,0.31,37.69,0.89,6,39,2,51.4,D,0,Very confusing content,Negative
3193,Anjali Iyer,22,Female,0.64,50.94,0.88,5,45,1,68.98,C,0,Nothing special,Neutral
3194,Suresh Sharma,27,Male,1,37.55,0.77,8,22,9,75.69,B,0,Loved the teaching style,Positive
3195,Sneha Sharma,19,Female,0.72,50.22,0.9,8,29,7,76.96,B,0,Helped me improve a lot,Positive
3196,Arun Das,29,Male,1,65.59,0.5,6,15,6,67.51,C,0,Can be improved,Neutral
3197,Rahul Nair,18,Female,0.87,65.91,0.71,8,22,5,65.49,C,0,Can be improved,Neutral
3198,Arun Reddy,25,Female,0.62,55.37,0.6,8,2,6,56.55,C,0,Average experience,Neutral
3199,Anjali Das,25,Male,0.93,50.25,0.73,4,28,7,65.3,C,0,Nothing special,Neutral
3200,Karthik Singh,27,Male,0.83,52.34,0.76,6,25,6,65.67,C,0,Normal learning experience,Neutral
3201,Suresh Singh,20,Female,0.72,29.42,0.6,8,28,2,55.75,C,0,Can be improved,Neutral
3202,Kavya Patel,25,Male,1,41.78,0.82,3,31,6,71.9,B,0,Very engaging and informative,Positive
3203,Meena Nair,19,Male,1,29.17,0.93,8,31,1,83.86,B,0,Excellent platform for learning,Positive
3204,Priya Kumar,28,Male,0.83,41.65,0.7,4,14,3,58.85,C,0,Can be improved,Neutral
3205,Rahul Nair,30,Male,0.74,51.25,0.75,6,3,5,60.8,C,0,Average experience,Neutral
3206,Suresh Gupta,30,Female,1,28.04,0.33,7,0,2,49.02,D,0,Not useful at all,Negative
3207,Kavya Kumar,27,Female,0.88,25.46,0.62,9,7,2,63.18,C,0,Nothing special,Neutral
3208,Anjali Patel,18,Female,0.7,39.66,0.57,5,19,1,59.39,C,0,Nothing special,Neutral
3209,Anjali Nair,28,Female,0.98,37.72,1,3,39,7,83.75,B,0,Excellent platform for learning,Positive
3210,Suresh Verma,25,Male,0.55,23.58,0.65,9,26,6,61.94,C,0,Can be improved,Neutral
3211,Karthik Patel,22,Male,0.78,49.57,0.67,7,28,0,70.79,B,0,Great course and very helpful,Positive
3212,Meena Verma,20,Male,1,21.98,0.62,3,16,0,50.12,D,0,Waste of time,Negative
3213,Kavya Sharma,19,Female,0.96,45.48,0.86,6,8,5,66.93,C,0,Normal learning experience,Neutral
3214,Sneha Gupta,23,Male,0.47,37.74,0.61,3,17,9,43.85,D,0,Not useful at all,Negative
3215,Sneha Iyer,29,Female,0.88,33.1,0.63,8,36,3,60.63,C,0,Nothing special,Neutral
3216,Vijay Iyer,26,Female,0.43,58.4,0.83,7,23,6,67.05,C,0,Average experience,Neutral
3217,Vijay Das,24,Male,0.59,71.76,0.6,3,11,9,50.48,D,0,Waste of time,Negative
3218,Anjali Gupta,24,Male,0.47,60.32,0.86,8,12,7,71.6,B,0,Excellent platform for learning,Positive
3219,Sneha Singh,21,Male,0.99,56.06,0.87,9,8,0,84.07,B,0,Loved the teaching style,Positive
3220,Divya Verma,19,Female,0.72,10.35,0.83,8,2,3,57.73,C,0,Nothing special,Neutral
3221,Sneha Patel,28,Male,0.86,59.83,0.74,9,7,1,68.51,C,0,Average experience,Neutral
3222,Meena Verma,24,Female,0.84,35.53,0.79,5,31,2,67.88,C,0,Average experience,Neutral
3223,Karthik Iyer,23,Female,0.58,44.38,0.82,9,27,0,66.36,C,0,Average experience,Neutral
3224,Karthik Singh,26,Female,0.64,56.7,0.73,8,20,1,65.41,C,0,Average experience,Neutral
3225,Meena Iyer,25,Female,0.55,29.32,0.82,8,37,8,63.62,C,0,Nothing special,Neutral
3226,Sneha Patel,18,Male,1,31.98,0.66,9,46,4,72.34,B,0,Very engaging and informative,Positive
3227,Kavya Patel,25,Male,0.66,46.83,0.86,7,20,2,55.77,C,0,Normal learning experience,Neutral
3228,Meena Gupta,29,Female,1,12.52,0.93,9,44,7,73.16,B,0,Loved the teaching style,Positive
3229,Meena Sharma,21,Female,0.41,26.66,0.36,6,47,1,47.46,D,0,Very confusing content,Negative
3230,Meena Kumar,24,Male,0.82,54.39,0.57,4,25,4,55.96,C,0,Average experience,Neutral
3231,Vijay Iyer,21,Female,0.7,45.99,0.62,5,24,2,61.49,C,0,Can be improved,Neutral
3232,Divya Singh,24,Female,0.77,47.27,0.46,4,20,3,56.72,C,0,Okay course,Neutral
3233,Anjali Nair,29,Female,0.78,28.15,0.76,7,3,4,58.58,C,0,Nothing special,Neutral
3234,Ravi Gupta,22,Male,0.71,57.9,0.76,4,36,6,59.06,C,0,Okay course,Neutral
3235,Anjali Gupta,29,Male,0.78,37.37,0.94,4,44,2,70.01,B,0,Loved the teaching style,Positive
3236,Arun Gupta,29,Female,0.62,36.46,0.54,5,46,1,60.28,C,0,Normal learning experience,Neutral
3237,Sneha Patel,30,Female,0.78,-0.46,0.68,6,12,5,55.01,C,0,Average experience,Neutral
3238,Meena Das,18,Female,0.82,31.86,0.39,5,8,3,49.84,D,0,Not useful at all,Negative
3239,Karthik Verma,25,Female,0.65,46.46,0.86,9,15,5,63.11,C,0,Nothing special,Neutral
3240,Ravi Gupta,22,Female,0.63,45.59,0.52,4,25,8,48.99,D,0,Not useful at all,Negative
3241,Priya Nair,20,Female,0.94,58.83,0.55,5,34,5,63.82,C,0,Nothing special,Neutral
3242,Divya Patel,29,Female,0.7,32.02,0.46,9,6,6,44.14,D,0,Waste of time,Negative
3243,Sneha Nair,21,Female,0.93,17.92,0.66,9,0,5,66.62,C,0,Normal learning experience,Neutral
3244,Ravi Singh,28,Male,0.58,52.02,1,9,18,9,74.28,B,0,Very engaging and informative,Positive
3245,Anjali Verma,19,Male,0.73,54.72,0.45,3,39,9,60.35,C,0,Average experience,Neutral
3246,Anjali Patel,30,Male,0.63,42.8,0.73,5,26,2,53.83,D,0,Poor explanations,Negative
3247,Kavya Gupta,22,Male,0.55,64.01,0.98,9,5,5,66.03,C,0,Okay course,Neutral
3248,Arun Gupta,24,Female,0.87,43,0.45,6,4,2,60.32,C,0,Average experience,Neutral
3249,Vijay Singh,25,Female,0.59,42.28,0.48,8,11,7,41.85,D,0,Poor explanations,Negative
3250,Ravi Gupta,29,Female,0.87,58.04,0.55,5,23,1,59.47,C,0,Can be improved,Neutral
3251,Sneha Iyer,25,Female,0.31,39.62,0.77,3,47,6,51.08,D,0,Very confusing content,Negative
3252,Anjali Singh,27,Female,0.68,36.6,0.7,3,47,8,59.55,C,0,Normal learning experience,Neutral
3253,Divya Gupta,27,Male,0.84,34.82,0.71,8,3,1,58.07,C,0,Average experience,Neutral
3254,Kavya Reddy,23,Female,1,49.89,0.48,3,33,7,61.58,C,0,Okay course,Neutral
3255,Priya Iyer,22,Male,0.61,36.14,0.91,6,11,2,53.66,D,0,Waste of time,Negative
3256,Kavya Gupta,27,Male,0.63,34.08,0.44,7,36,3,54.14,D,0,Waste of time,Negative
3257,Arun Nair,27,Male,0.68,42.64,0.49,4,12,8,49.76,D,0,Waste of time,Negative
3258,Divya Gupta,21,Female,0.72,35.29,0.41,6,21,5,48.17,D,0,Too difficult to follow,Negative
3259,Suresh Iyer,30,Male,0.64,57.81,0.78,5,43,4,66.93,C,0,Okay course,Neutral
3260,Divya Reddy,24,Female,0.89,39.61,1,7,1,5,67.85,C,0,Nothing special,Neutral
3261,Ravi Verma,27,Male,0.78,48.98,0.96,4,7,4,70.41,B,0,Helped me improve a lot,Positive
3262,Meena Iyer,23,Female,0.73,51.78,0.63,6,35,4,73.2,B,0,Great course and very helpful,Positive
3263,Ravi Reddy,28,Male,0.96,45.33,1,9,42,7,83.76,B,0,Great course and very helpful,Positive
3264,Karthik Nair,28,Male,0.33,46.06,0.61,5,25,5,46.73,D,0,Too difficult to follow,Negative
3265,Rahul Das,26,Female,0.94,53.87,0.75,7,45,2,76.67,B,0,Very engaging and informative,Positive
3266,Divya Reddy,29,Male,0.79,34.4,0.63,9,49,7,65.9,C,0,Can be improved,Neutral
3267,Ravi Das,21,Male,0.71,39.93,0.51,6,49,3,69.63,C,0,Normal learning experience,Neutral
3268,Anjali Sharma,23,Female,0.61,29.53,0.68,9,25,8,62.12,C,0,Normal learning experience,Neutral
3269,Ravi Patel,28,Male,0.78,28.62,0.7,3,49,3,56.09,C,0,Okay course,Neutral
3270,Sneha Patel,21,Male,1,35.03,0.98,6,41,8,79.03,B,0,Excellent platform for learning,Positive
3271,Kavya Iyer,27,Female,0.92,35.18,0.8,9,28,9,66.68,C,0,Average experience,Neutral
3272,Sneha Gupta,30,Female,0.68,47.85,0.68,4,10,2,51.42,D,0,Not useful at all,Negative
3273,Karthik Iyer,22,Male,0.86,13.41,0.82,5,44,1,74.37,B,0,Excellent platform for learning,Positive
3274,Kavya Singh,26,Female,0.7,45.63,1,6,14,0,80.16,B,0,Excellent platform for learning,Positive
3275,Vijay Verma,27,Male,0.81,24.7,0.82,9,15,6,59.65,C,0,Okay course,Neutral
3276,Priya Reddy,30,Male,0.63,32.35,1,6,40,2,76.51,B,0,Helped me improve a lot,Positive
3277,Divya Singh,23,Female,0.57,43.54,1,8,47,7,75.45,B,0,Very engaging and informative,Positive
3278,Arun Kumar,27,Male,0.65,36.01,0.51,5,3,1,41.76,D,0,Waste of time,Negative
3279,Priya Gupta,25,Female,0.82,52.23,0.66,8,38,6,60.82,C,0,Nothing special,Neutral
3280,Suresh Iyer,20,Male,0.72,37.86,0.74,8,33,7,68.4,C,0,Okay course,Neutral
3281,Divya Iyer,28,Male,0.92,17.79,0.48,5,43,4,57.78,C,0,Can be improved,Neutral
3282,Rahul Reddy,27,Female,0.85,29.42,0.76,6,8,0,63.11,C,0,Normal learning experience,Neutral
3283,Kavya Patel,20,Male,0.69,43.54,0.65,4,44,5,68.72,C,0,Okay course,Neutral
3284,Sneha Iyer,21,Male,0.84,3.3,1,6,11,8,55.46,C,0,Can be improved,Neutral
3285,Ravi Reddy,30,Female,0.65,46.62,0.45,7,37,6,53.4,D,0,Very confusing content,Negative
3286,Suresh Das,20,Male,0.77,43.82,0.6,5,5,5,52.3,D,0,Very confusing content,Negative
3287,Karthik Gupta,27,Female,0.32,37.47,0.61,6,42,0,47.96,D,0,Very confusing content,Negative
3288,Ravi Iyer,25,Male,0.82,35.02,0.38,7,18,2,56.26,C,0,Can be improved,Neutral
3289,Priya Singh,24,Male,0.76,36.3,0.82,3,25,8,58.31,C,0,Nothing special,Neutral
3290,Karthik Iyer,23,Female,0.74,36.16,0.59,7,25,3,64.12,C,0,Average experience,Neutral
3291,Ravi Das,18,Female,0.43,38.86,0.55,4,9,1,47.32,D,0,Very confusing content,Negative
3292,Vijay Kumar,18,Male,0.61,53.28,0.39,8,25,7,44.98,D,0,Waste of time,Negative
3293,Karthik Sharma,27,Male,0.14,14.92,0.84,6,42,1,53.89,D,1,Poor explanations,Negative
3294,Divya Iyer,27,Female,0.67,26.13,1,6,6,8,65.72,C,0,Average experience,Neutral
3295,Meena Sharma,21,Female,1,32.99,0.56,5,9,6,59.48,C,0,Nothing special,Neutral
3296,Vijay Kumar,24,Male,0.81,44.16,0.55,7,44,7,59.94,C,0,Okay course,Neutral
3297,Divya Reddy,25,Female,0.7,55.49,0.89,3,45,0,62.41,C,0,Nothing special,Neutral
3298,Meena Verma,21,Male,0.79,40.96,0.73,4,12,6,60.85,C,0,Nothing special,Neutral
3299,Rahul Kumar,18,Female,0.88,59.39,0.64,3,39,2,65.93,C,0,Okay course,Neutral
3300,Kavya Reddy,27,Male,0.57,57.94,0.88,7,37,9,72.33,B,0,Helped me improve a lot,Positive
3301,Sneha Sharma,23,Female,0.91,41.18,0.72,3,48,4,64.25,C,0,Nothing special,Neutral
3302,Anjali Singh,20,Male,0.69,47.53,1,8,19,6,68.47,C,0,Can be improved,Neutral
3303,Arun Verma,19,Female,0.89,35.41,1,8,41,2,86.08,A,0,Loved the teaching style,Positive
3304,Divya Sharma,28,Female,0.71,45.59,0.61,6,14,0,48.99,D,0,Very confusing content,Negative
3305,Suresh Patel,20,Male,1,50.46,0.76,6,46,1,77.89,B,0,Helped me improve a lot,Positive
3306,Vijay Das,19,Female,1,69.03,0.93,3,37,9,84.53,B,0,Great course and very helpful,Positive
3307,Rahul Das,28,Female,0.87,67.16,0.61,3,24,0,64.99,C,0,Normal learning experience,Neutral
3308,Karthik Verma,29,Female,0.87,36.18,0.59,8,17,0,69.62,C,0,Okay course,Neutral
3309,Priya Iyer,26,Male,1,20.67,0.88,9,4,3,83.33,B,0,Great course and very helpful,Positive
3310,Rahul Patel,19,Male,1,29.74,0.34,3,30,1,51.27,D,0,Waste of time,Negative
3311,Anjali Reddy,28,Female,0.6,28.57,0.88,8,8,3,61.43,C,0,Okay course,Neutral
3312,Karthik Reddy,18,Male,0.72,54.05,0.79,6,34,8,69.27,C,0,Normal learning experience,Neutral
3313,Ravi Verma,24,Male,0.78,29.79,0.93,4,22,8,69.03,C,0,Nothing special,Neutral
3314,Ravi Gupta,24,Female,0.65,18.9,0.63,8,42,5,63.79,C,0,Okay course,Neutral
3315,Anjali Iyer,25,Female,0.78,40.92,1,6,36,7,69.94,C,0,Nothing special,Neutral
3316,Priya Gupta,24,Male,0.68,13.26,0.89,4,37,7,63.32,C,0,Can be improved,Neutral
3317,Suresh Sharma,20,Female,1,22.57,0.52,4,44,8,63.12,C,0,Average experience,Neutral
3318,Kavya Sharma,23,Male,0.84,16.09,1,6,31,9,74.22,B,0,Helped me improve a lot,Positive
3319,Vijay Reddy,23,Male,0.65,37.15,1,9,16,4,69.8,C,0,Can be improved,Neutral
3320,Anjali Iyer,29,Male,0.45,39.12,0.76,5,29,5,53.53,D,0,Too difficult to follow,Negative
3321,Sneha Singh,25,Female,0.88,39.91,0.99,9,31,6,83.43,B,0,Excellent platform for learning,Positive
3322,Meena Iyer,24,Female,0.69,10.02,0.53,5,36,2,56.68,C,0,Average experience,Neutral
3323,Sneha Nair,26,Female,1,37.45,0.81,8,45,6,82.15,B,0,Very engaging and informative,Positive
3324,Karthik Patel,19,Female,0.51,34.8,1,8,36,2,73.64,B,0,Great course and very helpful,Positive
3325,Sneha Gupta,27,Male,0.88,72.63,0.67,5,44,5,68.93,C,0,Can be improved,Neutral
3326,Suresh Verma,22,Male,0.77,39.53,0.38,7,27,0,56.11,C,0,Average experience,Neutral
3327,Vijay Kumar,20,Female,0.79,43.52,0.97,7,47,3,80.07,B,0,Great course and very helpful,Positive
3328,Meena Reddy,22,Male,0.58,57.13,0.81,5,31,2,68.91,C,0,Nothing special,Neutral
3329,Ravi Patel,30,Male,1,40.82,0.58,3,24,0,56.76,C,0,Average experience,Neutral
3330,Arun Gupta,25,Female,0.91,38.16,0.57,5,46,5,68.07,C,0,Okay course,Neutral
3331,Arun Verma,20,Male,1,39.45,0.15,7,15,3,54.33,D,0,Too difficult to follow,Negative
3332,Meena Das,25,Female,0.41,54.63,0.55,5,36,9,47.39,D,0,Too difficult to follow,Negative
3333,Anjali Nair,18,Female,0.58,61.35,0.74,7,32,1,58.29,C,0,Okay course,Neutral
3334,Suresh Iyer,27,Female,0.76,26.12,0.48,4,34,5,54.14,D,0,Not useful at all,Negative
3335,Karthik Singh,30,Female,0.84,28.85,0.75,3,2,4,57.32,C,0,Okay course,Neutral
3336,Meena Gupta,20,Female,0.78,39.73,1,6,13,6,66.61,C,0,Average experience,Neutral
3337,Priya Nair,21,Female,0.52,36.51,0.58,6,21,2,45.46,D,0,Very confusing content,Negative
3338,Arun Kumar,25,Male,0.85,35.27,0.84,6,40,3,62.46,C,0,Average experience,Neutral
3339,Rahul Verma,20,Male,0.52,13.77,0.64,6,45,8,56.02,C,0,Okay course,Neutral
3340,Vijay Singh,26,Male,0.9,49.55,0.94,5,17,6,71.76,B,0,Excellent platform for learning,Positive
3341,Meena Das,21,Female,0.96,47.54,0.84,6,4,5,69.23,C,0,Can be improved,Neutral
3342,Suresh Patel,18,Male,0.54,57.91,0.71,8,35,1,73.43,B,0,Helped me improve a lot,Positive
3343,Ravi Kumar,22,Female,0.68,37.57,0.54,4,37,7,51.1,D,0,Very confusing content,Negative
3344,Divya Sharma,20,Female,1,30.34,0.68,8,31,2,72.06,B,0,Helped me improve a lot,Positive
3345,Sneha Das,19,Female,0.63,24.23,0.38,7,37,5,56.11,C,0,Nothing special,Neutral
3346,Meena Nair,25,Female,0.55,59.76,1,7,43,0,65.62,C,0,Can be improved,Neutral
3347,Meena Verma,20,Female,0.85,51.65,0.59,7,15,5,73.47,B,0,Excellent platform for learning,Positive
3348,Arun Gupta,27,Male,0.51,37.43,0.5,7,49,4,51.32,D,0,Very confusing content,Negative
3349,Priya Patel,28,Male,0.64,54.75,1,5,16,7,66.81,C,0,Can be improved,Neutral
3350,Meena Sharma,24,Male,0.44,26.45,0.36,3,40,4,45.11,D,0,Not useful at all,Negative
3351,Meena Nair,26,Male,0.66,27.64,0.6,6,30,9,48.66,D,0,Waste of time,Negative
3352,Kavya Singh,21,Male,0.95,13.89,0.88,9,12,0,73.03,B,0,Excellent platform for learning,Positive
3353,Meena Reddy,27,Female,0.95,49.02,0.98,9,36,2,80.49,B,0,Very engaging and informative,Positive
3354,Anjali Sharma,27,Female,0.76,78.18,0.5,5,44,9,68.9,C,0,Can be improved,Neutral
3355,Priya Das,25,Male,1,48.52,0.54,5,18,2,60.12,C,0,Can be improved,Neutral
3356,Suresh Gupta,30,Male,0.53,14.21,0.82,7,0,4,46.29,D,0,Very confusing content,Negative
3357,Rahul Sharma,29,Female,0.42,50.8,0.67,4,48,1,53.07,D,0,Poor explanations,Negative
3358,Meena Nair,20,Female,1,43.98,0.73,3,10,6,61.93,C,0,Average experience,Neutral
3359,Sneha Nair,20,Female,0.85,47.86,0.9,5,38,0,64.83,C,0,Normal learning experience,Neutral
3360,Rahul Nair,25,Male,0.98,45.31,0.55,6,34,4,56.97,C,0,Okay course,Neutral
3361,Arun Kumar,18,Female,1,33.5,0.32,8,22,9,62.78,C,0,Average experience,Neutral
3362,Vijay Sharma,20,Female,0.53,72.55,0.87,6,24,4,61.78,C,0,Average experience,Neutral
3363,Sneha Iyer,26,Male,0.98,33.16,1,4,26,8,71.42,B,0,Helped me improve a lot,Positive
3364,Suresh Gupta,23,Male,1,16.49,0.88,9,12,6,80.26,B,0,Very engaging and informative,Positive
3365,Meena Kumar,27,Female,0.47,38.2,0.75,3,39,9,52.86,D,0,Very confusing content,Negative
3366,Arun Iyer,23,Female,0.64,31.76,0.69,8,0,5,53.63,D,0,Very confusing content,Negative
3367,Meena Patel,20,Female,0.95,53.73,0.69,9,14,1,70.37,B,0,Great course and very helpful,Positive
3368,Ravi Kumar,24,Male,1,31.25,0.89,7,30,9,79.91,B,0,Loved the teaching style,Positive
3369,Ravi Patel,29,Male,0.72,30.6,1,7,43,6,76.57,B,0,Excellent platform for learning,Positive
3370,Divya Reddy,21,Female,0.55,25.71,0.63,7,2,5,47.4,D,0,Too difficult to follow,Negative
3371,Karthik Das,21,Female,0.68,71.6,0.95,9,39,1,76.2,B,0,Helped me improve a lot,Positive
3372,Kavya Gupta,19,Female,0.58,9.03,1,7,21,0,54.87,D,0,Waste of time,Negative
3373,Kavya Sharma,30,Male,1,28.1,0.62,9,21,5,59.77,C,0,Nothing special,Neutral
3374,Priya Nair,22,Female,1,36.71,0.85,6,28,1,60.49,C,0,Okay course,Neutral
3375,Sneha Kumar,25,Female,1,57.26,0.31,4,35,4,58.2,C,0,Okay course,Neutral
3376,Priya Verma,27,Female,0.71,31.15,0.86,8,32,1,74.03,B,0,Excellent platform for learning,Positive
3377,Kavya Das,28,Female,0.77,33.11,0.87,6,36,6,70.17,B,0,Loved the teaching style,Positive
3378,Suresh Gupta,21,Male,0.36,22.97,0.83,4,9,1,39.74,Fail,0,Very confusing content,Negative
3379,Sneha Singh,27,Male,0.76,46.13,0.79,9,0,3,54.59,D,0,Not useful at all,Negative
3380,Sneha Reddy,19,Male,0.53,29.39,0.56,3,29,7,44.22,D,0,Very confusing content,Negative
3381,Sneha Reddy,19,Female,0.81,54.08,0.87,3,27,4,57.71,C,0,Nothing special,Neutral
3382,Arun Sharma,26,Male,0.55,64.55,0.93,4,25,7,62.2,C,0,Okay course,Neutral
3383,Divya Nair,29,Male,0.63,43.35,0.7,3,25,1,53.07,D,0,Very confusing content,Negative
3384,Ravi Nair,25,Female,0.69,45.3,0.75,5,9,3,56.35,C,0,Average experience,Neutral
3385,Divya Das,30,Male,0.42,33.32,0.6,7,34,4,46.67,D,0,Not useful at all,Negative
3386,Vijay Gupta,22,Female,0.58,29.77,0.86,5,7,7,53.21,D,0,Very confusing content,Negative
3387,Karthik Kumar,18,Male,0.93,52.59,0.96,5,9,7,78.21,B,0,Excellent platform for learning,Positive
3388,Sneha Gupta,27,Male,0.67,26.83,0.7,4,31,9,60.15,C,0,Can be improved,Neutral
3389,Priya Singh,25,Female,1,32.94,0.9,4,6,1,77.9,B,0,Loved the teaching style,Positive
3390,Divya Reddy,26,Female,0.92,27.35,0.75,5,22,0,63.67,C,0,Normal learning experience,Neutral
3391,Ravi Gupta,30,Male,0.93,43.11,0.68,4,6,5,57.08,C,0,Okay course,Neutral
3392,Ravi Verma,19,Female,0.88,57.74,0.64,3,36,1,62.62,C,0,Okay course,Neutral
3393,Karthik Nair,28,Female,0.91,42.92,1,7,2,6,79.63,B,0,Helped me improve a lot,Positive
3394,Sneha Gupta,19,Male,1,29.58,0.75,8,37,2,80.58,B,0,Helped me improve a lot,Positive
3395,Karthik Das,28,Male,0.69,49.25,0.4,9,8,2,56.27,C,0,Normal learning experience,Neutral
3396,Meena Nair,20,Female,0.81,18.65,0.73,7,18,5,63.24,C,0,Normal learning experience,Neutral
3397,Kavya Patel,25,Male,0.79,62.26,0.35,7,42,9,62.2,C,0,Normal learning experience,Neutral
3398,Vijay Iyer,21,Female,0.76,34.45,0.59,9,10,9,60.06,C,0,Average experience,Neutral
3399,Vijay Verma,27,Female,0.65,43.85,0.69,4,36,4,64.03,C,0,Can be improved,Neutral
3400,Arun Singh,18,Female,0.45,47.39,0.76,3,16,2,46.14,D,0,Very confusing content,Negative
3401,Kavya Das,21,Male,0.57,42.56,0.66,3,36,4,58.14,C,0,Average experience,Neutral
3402,Rahul Verma,18,Male,0.58,41.35,0.73,5,48,8,63.32,C,0,Okay course,Neutral
3403,Karthik Nair,30,Male,0.83,46.68,0.49,5,24,6,47.14,D,0,Poor explanations,Negative
3404,Ravi Sharma,25,Female,0.64,47.37,0.77,8,8,9,62.8,C,0,Okay course,Neutral
3405,Ravi Nair,19,Female,0.58,37.79,0.68,3,1,9,51.13,D,0,Very confusing content,Negative
3406,Meena Kumar,23,Female,0.66,45.77,1,6,21,2,66.23,C,0,Normal learning experience,Neutral
3407,Sneha Verma,20,Female,1,51.33,0.88,4,28,4,83.73,B,0,Excellent platform for learning,Positive
3408,Rahul Sharma,29,Female,0.84,35.44,1,5,37,9,81.29,B,0,Very engaging and informative,Positive
3409,Priya Nair,25,Male,0.82,20.8,0.81,8,14,6,61.12,C,0,Normal learning experience,Neutral
3410,Divya Nair,24,Female,0.5,39.38,0.95,8,3,9,65.61,C,0,Okay course,Neutral
3411,Priya Reddy,28,Female,0.66,20.75,0.61,4,4,5,44.71,D,0,Poor explanations,Negative
3412,Rahul Verma,30,Female,0.78,38.99,0.72,9,28,2,63.16,C,0,Can be improved,Neutral
3413,Priya Patel,26,Male,0.78,38.69,0.38,6,17,9,48.57,D,0,Very confusing content,Negative
3414,Suresh Reddy,19,Male,1,26.71,0.8,4,47,3,73.17,B,0,Very engaging and informative,Positive
3415,Kavya Das,25,Male,0.58,30.43,1,5,43,0,67.35,C,0,Okay course,Neutral
3416,Vijay Nair,22,Female,0.37,50.54,1,6,12,1,53.39,D,0,Not useful at all,Negative
3417,Priya Patel,19,Male,0.76,42.48,0.62,7,29,1,60.56,C,0,Normal learning experience,Neutral
3418,Sneha Kumar,25,Female,0.67,39.22,0.96,5,26,8,68.62,C,0,Nothing special,Neutral
3419,Vijay Das,20,Female,0.72,22.61,0.58,3,0,2,46.36,D,0,Waste of time,Negative
3420,Karthik Gupta,26,Female,1,34.37,0.78,9,13,7,66.43,C,0,Nothing special,Neutral
3421,Vijay Nair,25,Female,0.78,31.79,0.86,9,4,4,56.66,C,0,Can be improved,Neutral
3422,Vijay Patel,27,Female,0.76,44.1,0.4,7,48,0,61.01,C,0,Normal learning experience,Neutral
3423,Arun Nair,28,Male,0.88,33.87,0.53,5,25,7,52.07,D,0,Not useful at all,Negative
3424,Meena Kumar,24,Male,0.44,21.86,0.53,8,21,4,47.25,D,0,Poor explanations,Negative
3425,Meena Gupta,23,Female,1,43.26,1,3,33,8,85.39,A,0,Very engaging and informative,Positive
3426,Meena Singh,30,Female,0.82,49.59,0.73,4,1,3,58.38,C,0,Can be improved,Neutral
3427,Kavya Reddy,22,Male,0.87,30.13,0.94,6,20,7,78.27,B,0,Great course and very helpful,Positive
3428,Anjali Das,27,Female,1,27.17,0.94,7,7,5,74.84,B,0,Loved the teaching style,Positive
3429,Ravi Patel,30,Female,1,29.95,0.83,7,47,5,76.97,B,0,Loved the teaching style,Positive
3430,Ravi Gupta,30,Female,0.71,55.54,0.55,4,27,4,53.78,D,0,Too difficult to follow,Negative
3431,Divya Verma,22,Female,0.56,52.66,0.88,7,6,6,73.92,B,0,Very engaging and informative,Positive
3432,Karthik Reddy,26,Male,0.66,48.12,0.62,7,5,5,56.6,C,0,Normal learning experience,Neutral
3433,Ravi Iyer,27,Female,0.76,34.37,0.62,4,16,8,60.86,C,0,Normal learning experience,Neutral
3434,Vijay Reddy,30,Male,0.68,57.71,0.81,7,35,6,74.2,B,0,Loved the teaching style,Positive
3435,Anjali Verma,29,Male,0.54,51.25,0.68,9,29,8,67.36,C,0,Okay course,Neutral
3436,Sneha Nair,28,Female,0.6,46.84,0.82,8,37,2,69.16,C,0,Normal learning experience,Neutral
3437,Meena Verma,25,Male,0.52,37.07,0.68,9,7,8,53.1,D,0,Not useful at all,Negative
3438,Rahul Singh,30,Male,0.74,45.2,0.87,8,10,2,63.35,C,0,Can be improved,Neutral
3439,Kavya Kumar,18,Male,0.87,29.76,0.75,3,2,2,54.87,D,0,Very confusing content,Negative
3440,Arun Verma,20,Female,1,29.28,0.67,6,40,1,64.52,C,0,Normal learning experience,Neutral
3441,Sneha Nair,23,Male,0.57,50.41,0.51,9,2,0,62.55,C,0,Can be improved,Neutral
3442,Divya Singh,28,Male,0.64,51.55,1,3,13,4,63.09,C,0,Okay course,Neutral
3443,Meena Gupta,19,Female,0.7,28.93,0.83,4,34,9,67.26,C,0,Nothing special,Neutral
3444,Sneha Gupta,18,Male,0.86,51.1,1,3,48,3,75.71,B,0,Helped me improve a lot,Positive
3445,Kavya Gupta,29,Male,0.48,64.39,0.87,9,41,9,77.73,B,0,Great course and very helpful,Positive
3446,Rahul Nair,21,Male,1,27.05,0.54,9,20,1,65.39,C,0,Normal learning experience,Neutral
3447,Suresh Reddy,19,Male,0.93,35.32,0.63,7,9,5,64.39,C,0,Okay course,Neutral
3448,Sneha Verma,24,Female,0.92,48.87,0.19,4,14,2,50.51,D,0,Too difficult to follow,Negative
3449,Sneha Nair,30,Female,0.75,70.27,0.93,9,36,7,82.05,B,0,Helped me improve a lot,Positive
3450,Ravi Iyer,30,Female,0.85,23.46,0.74,3,2,8,52.53,D,0,Poor explanations,Negative
3451,Suresh Reddy,21,Male,1,55.02,0.76,9,17,3,75.14,B,0,Helped me improve a lot,Positive
3452,Suresh Iyer,23,Male,0.74,65.29,0.49,9,43,2,69.03,C,0,Okay course,Neutral
3453,Anjali Sharma,27,Female,0.49,55.56,0.69,3,2,1,41.88,D,0,Too difficult to follow,Negative
3454,Arun Gupta,21,Male,0.58,53.76,0.65,8,24,4,60.77,C,0,Normal learning experience,Neutral
3455,Kavya Nair,28,Male,0.54,49.91,0.69,9,45,9,67.48,C,0,Can be improved,Neutral
3456,Kavya Reddy,20,Male,0.67,16.36,0.48,4,6,8,45.15,D,0,Waste of time,Negative
3457,Vijay Reddy,29,Male,0.9,61.29,0.87,5,17,5,77.13,B,0,Helped me improve a lot,Positive
3458,Rahul Patel,24,Male,1,25.06,0.43,5,43,2,66.27,C,0,Nothing special,Neutral
3459,Ravi Kumar,18,Male,0.8,42.34,0.73,4,9,1,63.54,C,0,Okay course,Neutral
3460,Vijay Singh,24,Female,0.81,46.91,0.88,7,10,2,68.06,C,0,Average experience,Neutral
3461,Anjali Verma,18,Male,0.83,26.94,0.81,9,11,9,71.69,B,0,Very engaging and informative,Positive
3462,Arun Das,27,Female,0.66,22.02,0.67,3,18,6,47.83,D,0,Poor explanations,Negative
3463,Kavya Reddy,18,Female,0.79,40.32,0.87,9,7,4,71.03,B,0,Excellent platform for learning,Positive
3464,Meena Reddy,25,Male,0.63,48.52,0.7,9,40,4,75.33,B,0,Great course and very helpful,Positive
3465,Anjali Patel,23,Male,0.53,17.93,0.29,4,33,5,36.37,Fail,0,Too difficult to follow,Negative
3466,Karthik Iyer,21,Female,0.78,46.51,0.75,3,25,1,54.35,D,0,Too difficult to follow,Negative
3467,Karthik Reddy,30,Female,0.58,12.14,0.83,6,31,2,55.69,C,0,Nothing special,Neutral
3468,Karthik Das,20,Male,1,48.01,0.52,7,25,2,72.84,B,0,Excellent platform for learning,Positive
3469,Divya Reddy,29,Male,0.69,31.43,0.43,8,47,8,57.24,C,0,Normal learning experience,Neutral
3470,Kavya Iyer,22,Female,0.88,16.58,0.9,8,10,8,64.67,C,0,Nothing special,Neutral
3471,Sneha Singh,24,Female,0.69,32.49,0.62,7,45,9,59.74,C,0,Normal learning experience,Neutral
3472,Divya Gupta,29,Female,0.87,27.65,0.87,8,1,3,62.81,C,0,Average experience,Neutral
3473,Karthik Nair,18,Male,0.69,54.08,0.58,7,43,5,66.84,C,0,Normal learning experience,Neutral
3474,Rahul Sharma,19,Male,1,35.9,0.84,9,48,4,81.44,B,0,Excellent platform for learning,Positive
3475,Anjali Nair,30,Male,0.45,50.83,0.58,8,8,6,37.15,Fail,0,Not useful at all,Negative
3476,Ravi Patel,24,Male,0.75,45.41,0.65,9,24,5,57.94,C,0,Okay course,Neutral
3477,Rahul Singh,28,Female,1,6.09,1,3,12,5,71.86,B,0,Very engaging and informative,Positive
3478,Suresh Patel,28,Male,0.63,35.13,0.53,5,24,4,53.77,D,0,Very confusing content,Negative
3479,Priya Iyer,24,Female,0.68,44.38,0.79,3,31,0,65.28,C,0,Nothing special,Neutral
3480,Meena Nair,30,Female,0.78,58.41,0.87,7,30,0,77.57,B,0,Excellent platform for learning,Positive
3481,Meena Das,24,Female,0.61,18.35,0.69,3,1,4,45.07,D,0,Poor explanations,Negative
3482,Rahul Sharma,27,Female,0.75,35.99,0.66,5,37,4,52.63,D,0,Not useful at all,Negative
3483,Kavya Kumar,25,Female,0.8,3.14,0.55,9,14,6,56.51,C,0,Can be improved,Neutral
3484,Ravi Kumar,30,Female,0.63,40.61,0.49,3,49,5,54.51,D,0,Waste of time,Negative
3485,Meena Gupta,26,Male,0.76,31.91,0.38,3,9,4,43.85,D,0,Very confusing content,Negative
3486,Anjali Reddy,29,Female,0.71,62.31,0.33,4,43,6,54.54,D,0,Waste of time,Negative
3487,Karthik Iyer,25,Female,0.59,57.85,0.67,5,18,8,56.53,C,0,Average experience,Neutral
3488,Priya Kumar,25,Male,0.64,26.12,1,7,12,5,67.79,C,0,Normal learning experience,Neutral
3489,Sneha Iyer,22,Female,0.71,43.56,0.49,5,4,7,57.28,C,0,Nothing special,Neutral
3490,Priya Verma,19,Female,0.48,33.89,0.84,5,23,1,61.54,C,0,Can be improved,Neutral
3491,Ravi Kumar,27,Male,0.8,36.84,0.78,3,13,8,67.76,C,0,Average experience,Neutral
3492,Priya Reddy,27,Male,0.66,15.05,1,5,19,4,60.14,C,0,Average experience,Neutral
3493,Anjali Reddy,27,Female,0.71,59.89,0.35,7,38,5,56.98,C,0,Normal learning experience,Neutral
3494,Arun Nair,26,Male,0.75,56.91,0.75,3,15,0,69.85,C,0,Can be improved,Neutral
3495,Vijay Sharma,21,Female,0.78,29.75,0.65,5,26,7,50.18,D,0,Not useful at all,Negative
3496,Sneha Sharma,24,Female,0.46,46.28,0.74,9,47,3,60.21,C,0,Can be improved,Neutral
3497,Priya Das,21,Female,0.6,35.77,0.33,4,16,8,44.27,D,0,Poor explanations,Negative
3498,Karthik Sharma,23,Male,0.74,32.35,1,5,4,2,62.63,C,0,Can be improved,Neutral
3499,Priya Iyer,21,Female,0.97,41.8,0.85,4,47,7,81.39,B,0,Loved the teaching style,Positive
3500,Priya Das,26,Male,0.48,28.08,0.65,6,32,8,45.2,D,0,Poor explanations,Negative
3501,Vijay Kumar,29,Male,0.48,58.22,0.95,4,30,3,61.63,C,0,Nothing special,Neutral
3502,Vijay Verma,28,Female,0.36,49.25,0.84,9,23,2,56.58,C,0,Can be improved,Neutral
3503,Arun Patel,28,Male,0.59,44.06,1,5,37,6,72.23,B,0,Great course and very helpful,Positive
3504,Suresh Iyer,23,Female,0.62,36.4,0.79,7,29,3,66.3,C,0,Normal learning experience,Neutral
3505,Divya Reddy,23,Female,0.77,13.07,0.47,7,23,8,54.91,D,0,Very confusing content,Negative
3506,Meena Sharma,23,Male,0.68,36.01,0.93,6,38,8,65.61,C,0,Average experience,Neutral
3507,Rahul Reddy,28,Female,0.7,59.15,0.57,5,49,7,65.75,C,0,Okay course,Neutral
3508,Ravi Sharma,28,Male,0.55,43.91,0.97,4,9,5,50.4,D,0,Very confusing content,Negative
3509,Sneha Reddy,28,Male,0.7,40.83,0.68,6,9,8,50.31,D,0,Too difficult to follow,Negative
3510,Ravi Iyer,30,Female,0.73,14.79,0.82,4,42,0,55.18,C,0,Nothing special,Neutral
3511,Meena Verma,30,Male,0.37,71.44,0.75,7,23,5,57.94,C,0,Nothing special,Neutral
3512,Arun Patel,26,Female,0.7,65.14,0.69,6,41,9,70.59,B,0,Great course and very helpful,Positive
3513,Suresh Singh,24,Female,0.77,56.67,0.54,3,33,4,61.59,C,0,Okay course,Neutral
3514,Vijay Sharma,25,Female,0.93,47,0.96,4,39,9,77.3,B,0,Very engaging and informative,Positive
3515,Priya Gupta,26,Male,0.41,33.9,0.78,7,41,8,62.28,C,0,Average experience,Neutral
3516,Vijay Singh,19,Female,0.74,43.63,0.68,8,3,9,50.3,D,0,Not useful at all,Negative
3517,Meena Reddy,21,Female,0.9,49.77,1,6,48,8,80.62,B,0,Loved the teaching style,Positive
3518,Meena Gupta,27,Female,1,25.28,0.55,6,27,9,58.72,C,0,Normal learning experience,Neutral
3519,Rahul Kumar,23,Male,0.79,56.69,0.43,6,22,0,49.6,D,0,Very confusing content,Negative
3520,Priya Kumar,30,Male,0.77,83.14,1,9,16,5,80.32,B,0,Very engaging and informative,Positive
3521,Sneha Patel,21,Female,0.33,40.46,0.81,7,8,9,54.81,D,0,Poor explanations,Negative
3522,Divya Gupta,20,Male,1,41.12,1,8,47,7,83.36,B,0,Excellent platform for learning,Positive
3523,Priya Patel,28,Female,0.99,26.39,0.74,4,18,9,68.03,C,0,Okay course,Neutral
3524,Ravi Nair,25,Female,0.79,20.46,0.72,9,24,4,63.81,C,0,Nothing special,Neutral
3525,Meena Sharma,23,Male,1,30.79,0.64,4,49,0,68.29,C,0,Nothing special,Neutral
3526,Suresh Gupta,29,Female,0.86,68.87,0.49,4,13,7,72.34,B,0,Excellent platform for learning,Positive
3527,Rahul Reddy,25,Male,0.61,69.53,0.57,7,12,3,50.37,D,0,Too difficult to follow,Negative
3528,Arun Gupta,28,Female,0.61,54.19,0.92,4,27,2,62.89,C,0,Normal learning experience,Neutral
3529,Ravi Reddy,21,Male,0.8,60.98,0.65,9,38,6,65.01,C,0,Can be improved,Neutral
3530,Anjali Nair,24,Male,1,43.48,0.93,9,21,3,75.16,B,0,Very engaging and informative,Positive
3531,Vijay Gupta,24,Female,0.72,31.13,0.94,4,34,8,59.76,C,0,Average experience,Neutral
3532,Meena Nair,30,Male,0.39,36.64,0.67,9,39,0,57.89,C,0,Average experience,Neutral
3533,Anjali Iyer,30,Male,1,33.05,0.79,3,28,1,60.61,C,0,Normal learning experience,Neutral
3534,Suresh Patel,25,Female,0.43,41.47,0.81,6,19,6,52.56,D,0,Too difficult to follow,Negative
3535,Divya Sharma,19,Female,0.53,30.94,0.9,5,26,4,60.44,C,0,Okay course,Neutral
3536,Arun Das,19,Male,1,61.36,0.64,5,19,2,74.3,B,0,Excellent platform for learning,Positive
3537,Meena Das,30,Male,1,39.72,0.62,9,7,9,63.11,C,0,Normal learning experience,Neutral
3538,Anjali Reddy,20,Female,0.78,45.04,0.8,8,17,6,69.3,C,0,Can be improved,Neutral
3539,Anjali Sharma,29,Female,0.66,73.88,0.95,9,24,6,69.51,C,0,Average experience,Neutral
3540,Karthik Patel,20,Female,0.7,35.17,0.61,4,36,4,52.21,D,0,Very confusing content,Negative
3541,Karthik Reddy,21,Male,0.5,44,0.92,8,43,4,67.9,C,0,Normal learning experience,Neutral
3542,Ravi Sharma,25,Male,0.64,35.7,0.83,6,13,0,59.68,C,0,Can be improved,Neutral
3543,Suresh Sharma,19,Male,1,57.34,1,6,39,5,81.18,B,0,Helped me improve a lot,Positive
3544,Ravi Nair,29,Male,0.81,10.35,0.77,8,10,6,69.71,C,0,Can be improved,Neutral
3545,Suresh Reddy,20,Male,1,29.5,0.84,4,2,8,61.05,C,0,Nothing special,Neutral
3546,Divya Patel,30,Male,0.57,66.39,0.52,3,0,7,57.25,C,0,Nothing special,Neutral
3547,Meena Das,19,Female,0.67,34.55,0.84,7,6,9,67.03,C,0,Nothing special,Neutral
3548,Sneha Reddy,21,Male,0.72,37.03,0.62,6,41,3,57.98,C,0,Okay course,Neutral
3549,Sneha Iyer,21,Male,0.73,58.16,0.68,9,44,7,79.2,B,0,Great course and very helpful,Positive
3550,Rahul Verma,28,Male,0.99,53.69,0.89,3,31,0,66.78,C,0,Nothing special,Neutral
3551,Priya Patel,27,Female,0.62,31.17,0.53,6,40,2,63.44,C,0,Okay course,Neutral
3552,Anjali Verma,28,Female,0.99,42.37,0.87,9,25,4,82.99,B,0,Great course and very helpful,Positive
3553,Vijay Nair,28,Female,0.69,40.23,0.28,6,18,4,45.2,D,0,Waste of time,Negative
3554,Meena Sharma,20,Female,0.86,64.32,0.67,8,22,1,68.69,C,0,Nothing special,Neutral
3555,Arun Singh,28,Male,1,50.86,0.68,7,37,6,64.85,C,0,Nothing special,Neutral
3556,Karthik Sharma,20,Male,0.94,31.12,0.77,7,49,5,74.67,B,0,Helped me improve a lot,Positive
3557,Meena Gupta,23,Male,0.53,58.3,0.46,7,42,2,52.3,D,0,Very confusing content,Negative
3558,Sneha Sharma,21,Female,0.75,50.38,0.97,6,7,1,76.45,B,0,Excellent platform for learning,Positive
3559,Ravi Patel,25,Male,0.88,56.67,0.86,7,24,7,79.78,B,0,Great course and very helpful,Positive
3560,Karthik Iyer,21,Male,0.6,29.12,0.94,9,8,2,57.05,C,0,Nothing special,Neutral
3561,Meena Das,30,Female,0.84,37.7,0.76,3,11,3,68.88,C,0,Average experience,Neutral
3562,Anjali Singh,22,Female,0.67,25.08,0.78,3,46,7,58.44,C,0,Nothing special,Neutral
3563,Meena Singh,22,Male,0.87,44.37,0.56,4,20,7,55.16,C,0,Nothing special,Neutral
3564,Sneha Sharma,21,Female,0.47,55.77,0.8,8,20,5,59.2,C,0,Average experience,Neutral
3565,Anjali Sharma,29,Female,0.68,9.52,0.84,7,43,9,58.17,C,0,Average experience,Neutral
3566,Anjali Nair,26,Male,0.66,38.59,0.85,7,35,8,63.49,C,0,Average experience,Neutral
3567,Sneha Nair,26,Male,0.9,31.34,0.57,4,7,3,50.27,D,0,Waste of time,Negative
3568,Anjali Reddy,30,Male,0.98,43.09,0.54,7,2,4,56.54,C,0,Average experience,Neutral
3569,Kavya Iyer,23,Female,0.59,32.65,0.76,5,17,2,58.35,C,0,Normal learning experience,Neutral
3570,Kavya Das,19,Female,0.91,50.13,0.79,3,34,6,72.7,B,0,Great course and very helpful,Positive
3571,Meena Sharma,23,Female,0.52,0.77,1,3,26,9,56.73,C,0,Normal learning experience,Neutral
3572,Suresh Singh,30,Female,0.77,27.36,0.78,7,29,0,65.37,C,0,Can be improved,Neutral
3573,Sneha Kumar,30,Male,0.73,49.89,0.46,5,10,0,56.88,C,0,Can be improved,Neutral
3574,Vijay Patel,22,Female,0.97,34.23,0.52,8,23,5,59.12,C,0,Can be improved,Neutral
3575,Priya Iyer,22,Male,0.66,25.1,0.8,6,44,8,64.53,C,0,Average experience,Neutral
3576,Karthik Kumar,18,Male,0.71,29.26,0.8,7,46,5,62.09,C,0,Okay course,Neutral
3577,Kavya Das,22,Male,0.66,66.41,0.74,3,15,7,52.22,D,0,Not useful at all,Negative
3578,Rahul Reddy,19,Male,0.94,19.65,0.75,9,22,3,73.52,B,0,Very engaging and informative,Positive
3579,Ravi Kumar,28,Female,0.63,41.87,0.78,7,13,4,64.05,C,0,Okay course,Neutral
3580,Rahul Reddy,26,Female,0.94,36.01,0.64,7,36,2,63,C,0,Okay course,Neutral
3581,Priya Das,26,Female,1,37.63,0.63,4,29,9,68.22,C,0,Nothing special,Neutral
3582,Ravi Reddy,30,Male,0.58,42.72,0.82,4,21,9,59.2,C,0,Normal learning experience,Neutral
3583,Arun Gupta,28,Male,0.88,54.99,0.6,4,40,5,74.42,B,0,Helped me improve a lot,Positive
3584,Ravi Reddy,22,Female,0.71,37.4,0.92,3,18,3,60.07,C,0,Okay course,Neutral
3585,Anjali Kumar,28,Male,0.58,51.95,0.46,8,5,7,55.42,C,0,Normal learning experience,Neutral
3586,Karthik Gupta,21,Male,0.72,32.88,0.43,4,1,8,53.68,D,0,Very confusing content,Negative
3587,Meena Das,27,Male,1,34.72,0.52,9,6,3,59.19,C,0,Okay course,Neutral
3588,Suresh Gupta,30,Female,0.61,76.22,0.47,8,10,3,50.18,D,0,Poor explanations,Negative
3589,Ravi Patel,22,Female,0.88,31.69,0.53,5,46,5,71.21,B,0,Loved the teaching style,Positive
3590,Suresh Sharma,21,Female,0.9,41.46,0.7,4,24,0,69.56,C,0,Can be improved,Neutral
3591,Ravi Gupta,29,Female,1,45.52,0.6,4,10,4,65.07,C,0,Nothing special,Neutral
3592,Suresh Singh,30,Female,0.87,24.58,0.83,6,30,4,66.25,C,0,Normal learning experience,Neutral
3593,Rahul Sharma,19,Female,0.48,44.77,1,4,27,3,59.53,C,0,Average experience,Neutral
3594,Meena Sharma,18,Male,0.17,57.89,1,3,39,4,54.42,D,0,Poor explanations,Negative
3595,Arun Iyer,19,Male,0.71,54.93,0.71,3,16,2,55.82,C,0,Average experience,Neutral
3596,Sneha Patel,18,Female,0.66,27.04,0.54,7,40,5,53.84,D,0,Waste of time,Negative
3597,Rahul Das,23,Female,0.37,28.15,1,9,39,0,67.69,C,0,Average experience,Neutral
3598,Suresh Kumar,21,Female,0.77,47.71,0.95,6,20,5,68.86,C,0,Nothing special,Neutral
3599,Suresh Singh,26,Female,0.66,20.49,0.76,3,42,2,57.03,C,0,Average experience,Neutral
3600,Ravi Reddy,26,Male,0.43,61.63,0.74,4,34,0,53.78,D,0,Poor explanations,Negative
3601,Vijay Reddy,27,Female,0.77,32.01,0.38,5,17,7,42.93,D,0,Not useful at all,Negative
3602,Ravi Gupta,30,Male,0.73,19.93,0.83,3,46,1,61.09,C,0,Normal learning experience,Neutral
3603,Sneha Iyer,18,Female,0.43,45.16,0.65,9,21,6,61.62,C,0,Nothing special,Neutral
3604,Suresh Kumar,27,Female,0.46,48.75,0.81,9,21,2,63.8,C,0,Average experience,Neutral
3605,Kavya Das,25,Female,0.76,8.87,0.61,3,5,1,38.19,Fail,0,Waste of time,Negative
3606,Meena Sharma,29,Male,1,56.7,0.57,9,1,3,62.28,C,0,Average experience,Neutral
3607,Rahul Verma,24,Male,0.43,64.78,0.77,7,32,4,70.15,B,0,Helped me improve a lot,Positive
3608,Kavya Sharma,21,Female,0.93,7.38,0.63,8,23,2,54.61,D,0,Waste of time,Negative
3609,Sneha Reddy,30,Male,0.66,42.47,0.61,9,26,3,61.56,C,0,Okay course,Neutral
3610,Priya Iyer,19,Female,0.7,31.93,0.68,4,13,4,56.79,C,0,Can be improved,Neutral
3611,Divya Nair,27,Female,0.6,49.28,0.57,8,5,1,57.52,C,0,Okay course,Neutral
3612,Divya Reddy,23,Female,0.66,57.91,0.71,3,32,5,59.79,C,0,Okay course,Neutral
3613,Karthik Reddy,30,Female,0.17,48.01,0.96,6,6,3,39.17,Fail,0,Too difficult to follow,Negative
3614,Kavya Gupta,28,Male,0.71,34.47,1,5,30,3,65.08,C,0,Okay course,Neutral
3615,Priya Verma,30,Male,0.74,33.5,0.3,6,49,2,56.82,C,0,Average experience,Neutral
3616,Anjali Nair,18,Male,0.72,41.4,0.77,9,41,5,74.02,B,0,Excellent platform for learning,Positive
3617,Divya Kumar,25,Female,0.83,11.35,0.84,4,6,7,50.6,D,0,Very confusing content,Negative
3618,Suresh Patel,25,Female,0.73,20.53,0.56,6,28,4,38.41,Fail,0,Too difficult to follow,Negative
3619,Vijay Das,27,Male,0.72,69.7,0.81,6,36,2,75.69,B,0,Loved the teaching style,Positive
3620,Vijay Reddy,27,Male,0.42,34.53,0.6,9,25,7,47.58,D,0,Not useful at all,Negative
3621,Divya Kumar,23,Male,0.62,59.94,0.79,9,5,2,64.43,C,0,Can be improved,Neutral
3622,Kavya Reddy,30,Male,0.75,41.16,0.86,5,44,2,77.45,B,0,Excellent platform for learning,Positive
3623,Kavya Gupta,24,Male,0.91,5.6,0.49,5,26,4,55.01,C,0,Nothing special,Neutral
3624,Vijay Kumar,30,Female,0.63,68.34,0.56,5,44,7,62.57,C,0,Can be improved,Neutral
3625,Ravi Iyer,25,Female,0.88,52.01,0.84,5,9,4,66.64,C,0,Nothing special,Neutral
3626,Karthik Nair,19,Male,0.53,43.2,0.55,5,36,4,50.61,D,0,Too difficult to follow,Negative
3627,Priya Reddy,25,Female,0.67,71.53,1,5,3,2,68.81,C,0,Average experience,Neutral
3628,Arun Nair,30,Male,0.96,20.15,0.77,4,23,0,59.3,C,0,Okay course,Neutral
3629,Ravi Reddy,19,Female,0.95,54.58,0.64,7,2,8,64.86,C,0,Normal learning experience,Neutral
3630,Sneha Singh,20,Female,0.89,41.39,0.8,9,25,7,70.23,B,0,Loved the teaching style,Positive
3631,Rahul Sharma,18,Female,0.53,61.97,0.8,9,2,5,59.26,C,0,Okay course,Neutral
3632,Rahul Patel,20,Female,0.65,55.15,0.38,3,15,4,42.05,D,0,Too difficult to follow,Negative
3633,Ravi Reddy,24,Male,1,47.86,0.81,3,37,9,77.65,B,0,Great course and very helpful,Positive
3634,Anjali Nair,21,Female,1,38.49,0.99,3,38,9,73.73,B,0,Excellent platform for learning,Positive
3635,Priya Reddy,19,Male,0.67,45.81,0.94,6,6,0,62.69,C,0,Average experience,Neutral
3636,Rahul Patel,22,Male,0.29,39.42,0.45,9,13,6,48.04,D,0,Very confusing content,Negative
3637,Kavya Kumar,20,Female,0.91,25,0.46,3,29,5,48.42,D,0,Very confusing content,Negative
3638,Arun Reddy,25,Female,1,31.09,0.84,7,3,6,65.71,C,0,Average experience,Neutral
3639,Rahul Nair,27,Male,1,37.43,0.7,4,34,3,68.59,C,0,Normal learning experience,Neutral
3640,Priya Reddy,28,Male,1,39.19,0.4,8,9,3,60.75,C,0,Average experience,Neutral
3641,Priya Sharma,26,Female,0.72,42.89,0.8,4,16,9,55.42,C,0,Average experience,Neutral
3642,Priya Sharma,29,Male,0.65,21.3,0.93,7,35,5,66.64,C,0,Can be improved,Neutral
3643,Arun Reddy,22,Female,0.76,27.6,0.81,7,12,8,69.05,C,0,Average experience,Neutral
3644,Suresh Verma,22,Female,0.58,28.71,0.94,3,9,6,54.4,D,0,Too difficult to follow,Negative
3645,Karthik Iyer,21,Male,0.28,51.56,0.58,5,26,3,44.04,D,0,Waste of time,Negative
3646,Suresh Sharma,22,Female,0.78,55.89,0.67,9,8,9,65.37,C,0,Okay course,Neutral
3647,Ravi Singh,24,Female,0.87,29.99,0.78,8,14,2,55.7,C,0,Normal learning experience,Neutral
3648,Rahul Das,18,Female,0.82,47.9,0.53,7,37,6,64.35,C,0,Okay course,Neutral
3649,Divya Reddy,30,Male,0.41,48.79,0.55,3,22,3,40.28,D,0,Very confusing content,Negative
3650,Suresh Singh,24,Male,1,43.25,0.89,7,14,4,73.66,B,0,Great course and very helpful,Positive
3651,Priya Kumar,20,Female,0.52,20.36,0.52,9,4,7,46.81,D,0,Not useful at all,Negative
3652,Arun Patel,27,Male,0.85,32.08,0.99,6,20,6,67.27,C,0,Nothing special,Neutral
3653,Suresh Patel,18,Male,0.94,75.08,0.87,5,23,7,78.1,B,0,Very engaging and informative,Positive
3654,Meena Singh,18,Male,0.85,49.49,0.47,4,47,5,56.13,C,0,Can be improved,Neutral
3655,Priya Das,28,Male,0.76,39.74,0.87,5,5,6,60.24,C,0,Can be improved,Neutral
3656,Rahul Nair,24,Male,1,34.31,0.64,9,18,2,69.37,C,0,Okay course,Neutral
3657,Meena Kumar,22,Male,0.71,24.09,0.97,4,12,0,71.19,B,0,Very engaging and informative,Positive
3658,Divya Iyer,19,Female,0.59,21.24,0.93,9,14,3,61.89,C,0,Average experience,Neutral
3659,Ravi Singh,29,Male,0.64,41.6,0.88,6,33,9,72.56,B,0,Great course and very helpful,Positive
3660,Rahul Singh,24,Male,0.77,37.85,0.8,4,35,4,64.96,C,0,Can be improved,Neutral
3661,Meena Das,20,Female,0.9,15.62,0.7,6,0,6,57.71,C,0,Normal learning experience,Neutral
3662,Anjali Patel,30,Female,0.66,41.38,0.76,8,7,2,65.43,C,0,Normal learning experience,Neutral
3663,Ravi Reddy,23,Male,0.54,12.51,0.79,9,41,7,58.91,C,0,Nothing special,Neutral
3664,Divya Reddy,19,Female,0.29,37.71,0.98,9,37,2,59.85,C,0,Can be improved,Neutral
3665,Vijay Verma,20,Female,0.98,35.4,0.73,3,24,5,60.5,C,0,Normal learning experience,Neutral
3666,Ravi Das,21,Male,0.93,40.4,0.45,9,41,6,66.9,C,0,Normal learning experience,Neutral
3667,Rahul Patel,22,Male,0.69,15.1,0.87,5,29,2,59.24,C,0,Okay course,Neutral
3668,Divya Reddy,27,Male,0.57,40.87,0.96,6,39,0,67.13,C,0,Average experience,Neutral
3669,Karthik Gupta,19,Male,0.66,35.78,0.71,4,13,0,46.48,D,0,Too difficult to follow,Negative
3670,Sneha Reddy,19,Male,0.56,63.36,0.82,6,37,7,78.43,B,0,Great course and very helpful,Positive
3671,Meena Gupta,29,Male,0.66,40.29,1,3,37,4,59.56,C,0,Average experience,Neutral
3672,Priya Gupta,26,Male,0.87,53.7,0.33,9,6,6,54.36,D,0,Very confusing content,Negative
3673,Kavya Singh,30,Female,1,59.88,0.82,6,48,5,75.48,B,0,Great course and very helpful,Positive
3674,Sneha Kumar,21,Female,0.34,59.5,0.75,4,26,5,53.08,D,0,Waste of time,Negative
3675,Anjali Singh,28,Male,0.83,42.7,0.65,7,37,1,67.05,C,0,Nothing special,Neutral
3676,Anjali Verma,21,Female,0.39,26.1,0.58,9,23,1,49.88,D,0,Very confusing content,Negative
3677,Suresh Das,20,Male,0.87,40.5,1,7,26,8,75.32,B,0,Great course and very helpful,Positive
3678,Ravi Sharma,24,Male,1,14.28,0.75,8,25,7,63.84,C,0,Average experience,Neutral
3679,Ravi Patel,28,Female,0.88,8.7,0.85,5,49,4,60.78,C,0,Okay course,Neutral
3680,Arun Iyer,27,Male,0.72,50.91,0.65,6,26,6,63.23,C,0,Normal learning experience,Neutral
3681,Arun Kumar,24,Female,0.46,36.16,0.88,6,38,5,54.38,D,0,Very confusing content,Negative
3682,Karthik Verma,28,Female,0.51,35.28,0.73,9,19,2,54.19,D,0,Not useful at all,Negative
3683,Ravi Singh,24,Male,0.72,33.95,0.79,5,24,2,49,D,0,Very confusing content,Negative
3684,Kavya Singh,29,Female,1,51.85,0.88,8,28,6,85.07,A,0,Excellent platform for learning,Positive
3685,Anjali Verma,24,Female,0.69,29.7,0.79,6,17,0,59.92,C,0,Average experience,Neutral
3686,Karthik Kumar,19,Female,0.68,34.39,0.82,6,22,6,58.77,C,0,Can be improved,Neutral
3687,Priya Reddy,25,Female,1,60.78,0.98,7,18,7,76.99,B,0,Great course and very helpful,Positive
3688,Sneha Kumar,23,Male,0.81,37.57,0.59,3,16,2,47.01,D,0,Waste of time,Negative
3689,Sneha Gupta,18,Female,0.8,39.34,0.92,8,18,9,72.35,B,0,Great course and very helpful,Positive
3690,Suresh Reddy,21,Male,0.8,19.97,0.85,8,16,6,71.44,B,0,Very engaging and informative,Positive
3691,Priya Verma,29,Female,0.77,43.23,0.77,9,10,8,68.64,C,0,Okay course,Neutral
3692,Karthik Reddy,27,Female,0.59,61.81,0.36,6,13,4,46.31,D,0,Too difficult to follow,Negative
3693,Divya Reddy,27,Female,0.89,42.81,0.54,9,9,1,58.31,C,0,Okay course,Neutral
3694,Ravi Verma,22,Male,1,27.73,1,4,34,3,71.63,B,0,Great course and very helpful,Positive
3695,Karthik Kumar,22,Male,0.54,54.22,0.49,8,49,1,51.76,D,0,Too difficult to follow,Negative
3696,Anjali Reddy,25,Female,0.47,22.03,1,6,41,7,62.65,C,0,Normal learning experience,Neutral
3697,Rahul Reddy,23,Male,0.56,55.78,0.93,3,6,7,66.8,C,0,Nothing special,Neutral
3698,Rahul Kumar,19,Male,0.98,43.29,0.61,5,31,7,71.23,B,0,Helped me improve a lot,Positive
3699,Ravi Iyer,25,Male,0.67,44,0.95,3,14,2,61.45,C,0,Normal learning experience,Neutral
3700,Divya Das,23,Male,0.74,51.52,0.99,9,4,1,76.81,B,0,Helped me improve a lot,Positive
3701,Meena Sharma,29,Female,0.99,12.3,1,3,26,1,79.27,B,0,Very engaging and informative,Positive
3702,Meena Nair,18,Female,0.84,30.11,0.94,4,28,2,75.8,B,0,Loved the teaching style,Positive
3703,Ravi Sharma,26,Female,0.61,48.36,0.67,3,21,9,58.47,C,0,Normal learning experience,Neutral
3704,Kavya Iyer,28,Female,0.86,35.37,0.87,9,40,3,66.95,C,0,Normal learning experience,Neutral
3705,Ravi Sharma,19,Male,0.6,54.87,0.93,7,25,5,74.05,B,0,Excellent platform for learning,Positive
3706,Kavya Iyer,18,Female,0.57,16.43,0.92,7,37,6,57.67,C,0,Average experience,Neutral
3707,Suresh Gupta,24,Male,0.93,21.52,0.75,6,24,4,60.81,C,0,Can be improved,Neutral
3708,Suresh Gupta,21,Male,0.41,51.77,0.88,9,23,8,64.94,C,0,Normal learning experience,Neutral
3709,Suresh Nair,28,Male,0.55,53.12,0.82,9,12,4,65.56,C,0,Normal learning experience,Neutral
3710,Arun Verma,28,Female,0.82,68.32,0.58,6,0,1,68.09,C,0,Okay course,Neutral
3711,Ravi Singh,27,Female,0.62,32.57,0.67,6,14,4,61.22,C,0,Normal learning experience,Neutral
3712,Sneha Das,24,Female,0.57,40.13,1,8,35,7,75.2,B,0,Very engaging and informative,Positive
3713,Sneha Patel,27,Male,0.65,64.6,0.81,4,34,0,72.17,B,0,Very engaging and informative,Positive
3714,Arun Iyer,21,Female,0.47,22.14,0.73,7,42,7,41.78,D,0,Not useful at all,Negative
3715,Priya Reddy,29,Female,0.95,32.36,0.61,3,47,6,68.51,C,0,Average experience,Neutral
3716,Suresh Nair,19,Male,0.77,23.5,0.54,6,1,8,52.79,D,0,Very confusing content,Negative
3717,Kavya Gupta,20,Male,0.89,28.48,0.3,6,42,4,58.13,C,0,Normal learning experience,Neutral
3718,Rahul Verma,28,Female,0.84,64.42,0.63,9,11,8,68.53,C,0,Normal learning experience,Neutral
3719,Vijay Nair,22,Female,0.92,57.73,0.57,5,16,2,58.8,C,0,Nothing special,Neutral
3720,Sneha Verma,21,Female,0.73,-4.21,0.99,3,30,9,48.21,D,0,Poor explanations,Negative
3721,Karthik Iyer,23,Male,0.61,62.79,0.71,6,44,1,69.48,C,0,Average experience,Neutral
3722,Vijay Sharma,23,Male,0.99,9.05,0.41,9,29,7,55.9,C,0,Normal learning experience,Neutral
3723,Divya Nair,28,Female,0.72,27.09,0.64,7,31,0,51.71,D,0,Waste of time,Negative
3724,Karthik Patel,18,Male,0.77,38.27,0.85,5,46,4,66.35,C,0,Average experience,Neutral
3725,Karthik Das,23,Female,1,51.93,0.94,5,20,1,72.63,B,0,Great course and very helpful,Positive
3726,Arun Iyer,22,Female,0.59,44.93,0.59,7,8,6,56.42,C,0,Nothing special,Neutral
3727,Rahul Singh,23,Female,0.9,61.2,0.65,6,37,4,68.89,C,0,Nothing special,Neutral
3728,Arun Kumar,21,Female,0.6,44.85,0.21,7,3,8,42.99,D,0,Poor explanations,Negative
3729,Priya Reddy,26,Male,0.64,33.22,0.9,8,11,3,61.77,C,0,Normal learning experience,Neutral
3730,Vijay Patel,27,Male,0.8,46.31,0.83,6,39,2,65.8,C,0,Okay course,Neutral
3731,Suresh Nair,29,Female,0.66,23.61,0.57,3,5,4,41.12,D,0,Too difficult to follow,Negative
3732,Meena Singh,24,Female,0.54,5.73,0.75,8,16,1,60.47,C,0,Average experience,Neutral
3733,Suresh Iyer,27,Female,0.95,43.99,0.51,8,37,1,75.63,B,0,Very engaging and informative,Positive
3734,Rahul Patel,21,Female,1,44.82,0.79,3,4,3,61.5,C,0,Okay course,Neutral
3735,Arun Reddy,24,Female,1,56.16,0.95,6,49,7,93.38,A,0,Helped me improve a lot,Positive
3736,Karthik Kumar,25,Female,0.84,30.19,0.74,3,12,5,59.18,C,0,Normal learning experience,Neutral
3737,Arun Patel,19,Female,0.46,56.82,0.83,5,45,8,56.2,C,0,Average experience,Neutral
3738,Arun Reddy,25,Male,0.91,42.52,0.61,4,9,9,59.31,C,0,Okay course,Neutral
3739,Suresh Patel,28,Male,0.75,49.56,0.86,6,31,0,70.44,B,0,Very engaging and informative,Positive
3740,Vijay Patel,21,Male,0.98,49.46,0.9,8,28,1,83.27,B,0,Very engaging and informative,Positive
3741,Kavya Sharma,21,Female,0.16,59.91,0.67,9,25,7,51.59,D,0,Poor explanations,Negative
3742,Vijay Iyer,27,Female,0.72,19.91,0.87,9,20,4,66.26,C,0,Can be improved,Neutral
3743,Priya Patel,26,Male,0.95,44.32,0.61,4,9,7,53.39,D,0,Waste of time,Negative
3744,Kavya Patel,29,Male,0.68,53.62,0.42,8,29,6,52.47,D,0,Too difficult to follow,Negative
3745,Vijay Sharma,21,Female,0.8,45.6,0.93,7,33,9,70.87,B,0,Helped me improve a lot,Positive
3746,Divya Iyer,18,Female,1,39,0.3,4,34,3,59.08,C,0,Nothing special,Neutral
3747,Sneha Patel,22,Male,0.98,63.15,0.45,9,42,6,78.36,B,0,Helped me improve a lot,Positive
3748,Ravi Kumar,20,Male,0.93,53.94,0.16,5,2,5,47.53,D,0,Waste of time,Negative
3749,Anjali Reddy,20,Male,0.46,27.12,0.56,7,36,3,55.84,C,0,Normal learning experience,Neutral
3750,Meena Gupta,28,Male,0.8,32.64,0.57,8,10,8,53.28,D,0,Waste of time,Negative
3751,Sneha Verma,28,Female,0.8,39.11,0.82,6,13,5,58,C,0,Okay course,Neutral
3752,Kavya Sharma,27,Male,0.8,31.67,0.54,9,31,1,55.23,C,0,Average experience,Neutral
3753,Karthik Kumar,22,Male,0.67,32.18,0.51,5,7,5,45.56,D,0,Waste of time,Negative
3754,Rahul Das,25,Male,0.7,97.1,0.79,4,25,7,73.65,B,0,Very engaging and informative,Positive
3755,Vijay Iyer,18,Male,0.9,32.18,0.59,9,17,9,67.54,C,0,Normal learning experience,Neutral
3756,Kavya Nair,28,Male,0.71,54.89,0.36,9,28,4,53.96,D,0,Very confusing content,Negative
3757,Ravi Kumar,29,Female,1,56.06,0.54,6,33,0,57.28,C,0,Average experience,Neutral
3758,Ravi Kumar,29,Male,0.73,31.78,0.48,4,21,2,58.74,C,0,Nothing special,Neutral
3759,Ravi Singh,20,Male,0.76,38.25,0.54,4,41,3,57.68,C,0,Nothing special,Neutral
3760,Arun Sharma,25,Female,0.87,36.86,0.64,3,4,0,61.91,C,0,Nothing special,Neutral
3761,Suresh Iyer,21,Male,0.82,59.78,0.38,8,13,8,56.69,C,0,Nothing special,Neutral
3762,Meena Reddy,29,Male,0.4,28.84,0.59,5,46,2,40.24,D,0,Not useful at all,Negative
3763,Arun Patel,19,Male,0.76,50.94,0.4,9,30,9,59.28,C,0,Can be improved,Neutral
3764,Priya Singh,22,Female,0.21,35.44,0.83,3,37,9,49.88,D,0,Waste of time,Negative
3765,Priya Gupta,27,Female,0.91,31.02,0.14,6,7,7,50.6,D,0,Not useful at all,Negative
3766,Karthik Iyer,28,Male,0.71,38.61,0.64,9,44,3,64.9,C,0,Nothing special,Neutral
3767,Ravi Reddy,18,Female,0.79,40.95,0.65,6,7,8,52.43,D,0,Too difficult to follow,Negative
3768,Vijay Iyer,23,Male,0.7,62.23,0.67,9,33,1,64.86,C,0,Normal learning experience,Neutral
3769,Kavya Das,19,Female,0.99,41.31,0.57,9,38,8,72.7,B,0,Very engaging and informative,Positive
3770,Meena Kumar,21,Female,0.43,72.13,0.56,4,6,9,48.02,D,0,Poor explanations,Negative
3771,Karthik Kumar,27,Female,0.49,57.99,0.79,3,19,4,57.71,C,0,Okay course,Neutral
3772,Kavya Das,29,Male,0.74,58.92,0.74,9,16,2,65.43,C,0,Okay course,Neutral
3773,Meena Patel,24,Female,0.87,76.76,0.5,3,47,3,69.7,C,0,Okay course,Neutral
3774,Sneha Verma,29,Female,0.68,25.94,0.89,6,39,7,65.76,C,0,Normal learning experience,Neutral
3775,Sneha Iyer,26,Female,0.53,43.66,0.65,7,1,4,43.14,D,0,Poor explanations,Negative
3776,Arun Sharma,27,Female,1,37.16,0.63,4,43,9,74.28,B,0,Excellent platform for learning,Positive
3777,Rahul Iyer,30,Female,0.83,40.67,0.87,7,5,9,58.83,C,0,Can be improved,Neutral
3778,Kavya Verma,25,Female,0.48,45.56,0.58,5,46,9,56.25,C,0,Normal learning experience,Neutral
3779,Arun Iyer,26,Male,0.77,12.84,1,3,42,5,60.27,C,0,Normal learning experience,Neutral
3780,Vijay Patel,24,Male,0.7,22.04,0.84,8,37,6,69.46,C,0,Okay course,Neutral
3781,Anjali Gupta,28,Male,1,23.76,0.97,6,30,9,71.45,B,0,Excellent platform for learning,Positive
3782,Karthik Singh,19,Female,0.87,58.05,0.94,5,15,1,67.67,C,0,Normal learning experience,Neutral
3783,Meena Das,19,Female,0.85,47.18,0.61,4,19,7,62.14,C,0,Normal learning experience,Neutral
3784,Arun Nair,22,Male,0.81,24.41,0.92,4,21,0,69.18,C,0,Can be improved,Neutral
3785,Arun Kumar,27,Male,0.76,26.35,0.41,6,28,8,50.47,D,0,Too difficult to follow,Negative
3786,Anjali Gupta,25,Female,0.72,40.58,0.99,6,16,3,74.45,B,0,Helped me improve a lot,Positive
3787,Rahul Reddy,22,Male,0.72,-5.8,0.77,4,29,0,54,D,0,Not useful at all,Negative
3788,Divya Patel,30,Female,0.97,37.7,0.77,6,44,0,69.95,C,0,Normal learning experience,Neutral
3789,Kavya Nair,21,Female,0.65,29.81,0.33,8,15,1,42.55,D,0,Waste of time,Negative
3790,Rahul Das,18,Male,0.96,29.55,0.9,9,36,2,77.55,B,0,Excellent platform for learning,Positive
3791,Arun Reddy,21,Female,1,44.33,0.5,8,36,5,69.71,C,0,Average experience,Neutral
3792,Ravi Patel,22,Female,0.5,43.46,0.75,5,46,4,62.78,C,0,Can be improved,Neutral
3793,Vijay Das,19,Female,0.71,32.1,0.98,8,1,2,65.71,C,0,Can be improved,Neutral
3794,Sneha Nair,24,Female,0.55,58.83,0.8,6,6,8,66.91,C,0,Okay course,Neutral
3795,Meena Patel,22,Female,0.65,29.76,0.76,5,49,6,61.17,C,0,Normal learning experience,Neutral
3796,Rahul Reddy,26,Female,0.96,50.34,0.43,7,16,8,60.8,C,0,Normal learning experience,Neutral
3797,Sneha Reddy,24,Male,0.86,66.89,0.57,7,41,8,67.89,C,0,Can be improved,Neutral
3798,Kavya Verma,21,Female,0.66,67.63,0.49,4,23,5,57.57,C,0,Okay course,Neutral
3799,Priya Kumar,22,Female,0.84,23.14,0.34,5,48,3,59.18,C,0,Okay course,Neutral
3800,Vijay Gupta,21,Female,0.83,19.91,0.9,4,20,3,70.43,B,0,Loved the teaching style,Positive
3801,Sneha Singh,29,Female,0.77,17.44,0.86,9,40,4,77.28,B,0,Excellent platform for learning,Positive
3802,Suresh Nair,28,Male,0.6,44.23,0.78,7,47,5,71.57,B,0,Loved the teaching style,Positive
3803,Vijay Nair,27,Male,0.91,42.44,0.42,5,20,2,60.09,C,0,Nothing special,Neutral
3804,Rahul Patel,27,Male,0.85,41.66,0.27,7,18,5,54.7,D,0,Too difficult to follow,Negative
3805,Sneha Patel,28,Male,0.52,21.01,0.55,7,36,4,48.13,D,0,Waste of time,Negative
3806,Kavya Sharma,26,Female,0.72,10.73,0.84,7,47,8,66.22,C,0,Nothing special,Neutral
3807,Rahul Das,20,Female,0.9,16.2,0.81,6,30,0,67.93,C,0,Can be improved,Neutral
3808,Anjali Kumar,22,Female,1,24.43,0.69,4,25,0,59.7,C,0,Can be improved,Neutral
3809,Vijay Sharma,30,Male,0.56,29.63,1,9,27,4,69.25,C,0,Nothing special,Neutral
3810,Meena Gupta,19,Male,1,32.09,0.74,5,11,6,69.93,C,0,Can be improved,Neutral
3811,Kavya Sharma,26,Female,0.9,30.58,0.58,8,0,8,63.96,C,0,Okay course,Neutral
3812,Kavya Singh,30,Female,0.75,28.33,0.48,9,26,4,55.83,C,0,Can be improved,Neutral
3813,Anjali Iyer,29,Female,0.71,76.33,0.79,4,37,2,80.14,B,0,Great course and very helpful,Positive
3814,Kavya Reddy,20,Female,0.83,14.37,0.51,6,19,7,54.39,D,0,Too difficult to follow,Negative
3815,Ravi Nair,21,Male,0.77,51.56,0.74,8,9,0,59.88,C,0,Nothing special,Neutral
3816,Sneha Singh,23,Male,0.68,37.22,0.99,6,31,6,73.41,B,0,Helped me improve a lot,Positive
3817,Karthik Patel,22,Male,0.94,42.5,0.62,4,10,2,59.95,C,0,Average experience,Neutral
3818,Priya Singh,18,Female,1,61.08,0.88,8,48,8,90.23,A,0,Very engaging and informative,Positive
3819,Rahul Nair,24,Female,0.55,48.92,0.66,8,37,2,48.87,D,0,Poor explanations,Negative
3820,Arun Sharma,27,Female,0.55,54.87,0.62,3,37,0,52.92,D,0,Poor explanations,Negative
3821,Karthik Kumar,24,Female,0.58,29.8,0.74,7,45,3,63.9,C,0,Normal learning experience,Neutral
3822,Rahul Das,27,Female,0.55,42.24,0.3,5,16,5,31.92,Fail,0,Poor explanations,Negative
3823,Vijay Nair,22,Male,0.77,45.46,0.73,8,19,7,70.88,B,0,Great course and very helpful,Positive
3824,Divya Gupta,25,Female,0.64,56.71,0.66,7,25,9,60.67,C,0,Average experience,Neutral
3825,Divya Kumar,27,Female,0.81,34.11,0.99,8,10,6,65.54,C,0,Average experience,Neutral
3826,Priya Iyer,27,Female,0.75,31.52,0.6,9,39,1,55.85,C,0,Okay course,Neutral
3827,Vijay Kumar,21,Female,0.81,41.96,0.61,3,6,4,54.07,D,0,Poor explanations,Negative
3828,Karthik Patel,23,Female,0.55,69.21,0.76,4,24,2,59.81,C,0,Can be improved,Neutral
3829,Rahul Reddy,27,Male,0.94,38.3,0.53,5,30,2,55.08,C,0,Nothing special,Neutral
3830,Sneha Nair,27,Male,0.38,59.69,0.61,8,42,7,59.73,C,0,Okay course,Neutral
3831,Sneha Iyer,24,Male,0.62,38.02,0.71,8,18,4,68.54,C,0,Normal learning experience,Neutral
3832,Priya Singh,23,Female,0.9,34.28,0.45,8,36,5,62.88,C,0,Average experience,Neutral
3833,Karthik Gupta,22,Male,0.74,33.76,0.6,6,47,5,64.53,C,0,Normal learning experience,Neutral
3834,Vijay Verma,21,Male,0.75,43.07,0.79,4,42,1,63.81,C,0,Normal learning experience,Neutral
3835,Priya Gupta,23,Female,0.67,39.13,0.62,8,49,6,60.23,C,0,Average experience,Neutral
3836,Priya Singh,26,Male,0.73,2.46,0.65,9,31,0,51.71,D,0,Too difficult to follow,Negative
3837,Kavya Nair,24,Female,0.89,56.69,0.64,7,10,6,67.34,C,0,Normal learning experience,Neutral
3838,Karthik Nair,22,Female,0.4,55.13,0.51,3,22,2,44.54,D,0,Waste of time,Negative
3839,Rahul Verma,26,Male,0.82,22.18,0.56,4,13,6,57.67,C,0,Nothing special,Neutral
3840,Vijay Singh,26,Male,0.71,33.72,0.85,3,47,2,65.1,C,0,Nothing special,Neutral
3841,Rahul Patel,30,Male,1,33.81,0.59,8,7,9,63.94,C,0,Nothing special,Neutral
3842,Suresh Reddy,18,Male,1,43.18,0.89,6,19,6,69.79,C,0,Normal learning experience,Neutral
3843,Anjali Reddy,27,Female,0.36,34,0.7,7,43,8,58.04,C,0,Can be improved,Neutral
3844,Suresh Nair,21,Male,0.86,53.76,0.45,6,42,1,69.93,C,0,Normal learning experience,Neutral
3845,Arun Das,26,Male,0.71,26.56,0.94,8,28,3,76.93,B,0,Loved the teaching style,Positive
3846,Divya Nair,28,Female,0.67,41.94,0.58,7,43,4,55.17,C,0,Average experience,Neutral
3847,Suresh Reddy,18,Male,0.72,35.48,0.55,5,8,1,45.28,D,0,Too difficult to follow,Negative
3848,Ravi Verma,20,Female,0.6,47.7,0.86,8,45,8,76.14,B,0,Loved the teaching style,Positive
3849,Priya Gupta,19,Male,0.5,63.3,0.74,5,37,8,71.03,B,0,Excellent platform for learning,Positive
3850,Kavya Verma,26,Male,0.76,9.14,0.86,9,14,8,66.14,C,0,Average experience,Neutral
3851,Vijay Verma,27,Female,0.97,34.67,0.92,8,39,8,77.4,B,0,Great course and very helpful,Positive
3852,Kavya Gupta,24,Female,0.93,46.58,0.49,7,20,6,72.08,B,0,Great course and very helpful,Positive
3853,Karthik Gupta,28,Male,0.44,34.73,0.91,3,18,3,53.08,D,0,Very confusing content,Negative
3854,Priya Sharma,24,Male,0.95,42.05,0.98,5,39,3,84.99,B,0,Great course and very helpful,Positive
3855,Arun Reddy,24,Male,0.96,36.41,0.52,5,11,8,60.71,C,0,Nothing special,Neutral
3856,Vijay Kumar,30,Female,0.43,45.79,0.69,5,25,7,51.98,D,0,Poor explanations,Negative
3857,Meena Reddy,23,Male,0.94,22.57,0.86,5,14,5,68.65,C,0,Nothing special,Neutral
3858,Ravi Singh,22,Female,0.36,46.75,1,9,47,9,75.35,B,0,Great course and very helpful,Positive
3859,Anjali Nair,18,Male,1,49.54,0.65,4,17,3,64.11,C,0,Average experience,Neutral
3860,Arun Nair,23,Female,0.67,42.52,0.89,3,24,9,60.9,C,0,Average experience,Neutral
3861,Arun Nair,19,Male,0.86,61.44,0.8,4,1,4,62.66,C,0,Average experience,Neutral
3862,Priya Sharma,24,Male,0.68,29.46,0.8,3,8,1,60.1,C,0,Okay course,Neutral
3863,Rahul Das,21,Male,0.85,33.74,0.69,6,25,9,59.84,C,0,Normal learning experience,Neutral
3864,Kavya Gupta,22,Male,0.93,48.37,0.8,4,30,4,66.35,C,0,Normal learning experience,Neutral
3865,Anjali Singh,28,Male,0.82,19.55,0.44,8,28,3,53.5,D,0,Not useful at all,Negative
3866,Anjali Kumar,20,Female,0.64,49.17,0.69,8,29,5,62.64,C,0,Normal learning experience,Neutral
3867,Sneha Reddy,20,Female,0.48,54.3,0.57,7,27,9,52.42,D,0,Very confusing content,Negative
3868,Divya Verma,22,Male,0.69,46.8,0.58,8,27,3,58.95,C,0,Okay course,Neutral
3869,Kavya Das,20,Female,0.79,3.12,0.72,9,12,6,52.45,D,0,Very confusing content,Negative
3870,Rahul Reddy,20,Male,0.48,21.58,0.37,8,1,1,36.08,Fail,0,Not useful at all,Negative
3871,Karthik Sharma,20,Male,0.4,55.08,0.42,7,7,8,48.62,D,0,Too difficult to follow,Negative
3872,Priya Sharma,24,Female,1,59.16,0.32,4,40,4,59.42,C,0,Nothing special,Neutral
3873,Karthik Nair,28,Male,0.72,46.4,0.66,8,9,6,63.17,C,0,Normal learning experience,Neutral
3874,Vijay Singh,27,Male,0.72,67.02,0.6,3,36,9,63.33,C,0,Okay course,Neutral
3875,Meena Gupta,29,Male,1,68.55,0.9,8,32,0,90.05,A,0,Excellent platform for learning,Positive
3876,Ravi Das,26,Female,0.34,52.64,0.69,4,14,3,45.89,D,0,Poor explanations,Negative
3877,Divya Patel,18,Female,1,31.04,0.91,7,1,4,72.48,B,0,Excellent platform for learning,Positive
3878,Vijay Patel,26,Male,0.61,16.84,0.62,9,11,0,51.61,D,0,Not useful at all,Negative
3879,Karthik Singh,24,Male,0.67,40.39,0.75,3,27,9,60.64,C,0,Okay course,Neutral
3880,Kavya Gupta,25,Male,0.98,23.52,0.81,4,17,3,69.58,C,0,Okay course,Neutral
3881,Priya Verma,23,Female,0.96,58.83,0.72,3,45,3,78.73,B,0,Helped me improve a lot,Positive
3882,Suresh Nair,24,Female,0.65,30.36,0.69,8,7,2,58.46,C,0,Can be improved,Neutral
3883,Vijay Gupta,25,Male,0.91,24.62,1,4,11,2,70.92,B,0,Great course and very helpful,Positive
3884,Vijay Verma,28,Male,0.78,69.04,0.73,5,0,3,65.07,C,0,Normal learning experience,Neutral
3885,Priya Gupta,20,Female,0.65,23.22,0.96,3,27,6,67.98,C,0,Okay course,Neutral
3886,Sneha Kumar,21,Male,0.82,30.79,0.9,3,48,7,67.16,C,0,Average experience,Neutral
3887,Anjali Patel,21,Female,0.85,5.64,0.83,5,11,1,56.18,C,0,Okay course,Neutral
3888,Arun Sharma,28,Male,0.61,29.69,0.65,7,32,2,50.83,D,0,Very confusing content,Negative
3889,Anjali Verma,20,Female,0.64,37.94,1,7,24,5,67.83,C,0,Okay course,Neutral
3890,Rahul Singh,26,Female,0.98,39.97,0.46,5,2,8,51.21,D,0,Waste of time,Negative
3891,Arun Sharma,28,Female,0.54,21.72,1,7,20,9,56.18,C,0,Okay course,Neutral
3892,Vijay Patel,26,Female,0.63,31.11,0.89,3,5,7,58.46,C,0,Okay course,Neutral
3893,Kavya Kumar,19,Male,1,18.64,0.42,4,34,6,61.3,C,0,Nothing special,Neutral
3894,Divya Sharma,21,Male,0.48,34.32,0.71,4,20,8,44.61,D,0,Not useful at all,Negative
3895,Arun Sharma,30,Female,0.55,27.72,0.94,3,6,6,49.81,D,0,Waste of time,Negative
3896,Rahul Kumar,19,Male,0.55,28.44,0.53,9,1,9,44.24,D,0,Too difficult to follow,Negative
3897,Sneha Gupta,18,Female,0.67,46.18,0.68,5,14,2,66.56,C,0,Nothing special,Neutral
3898,Divya Singh,29,Female,0.65,40.72,0.96,4,7,5,68.9,C,0,Average experience,Neutral
3899,Karthik Kumar,28,Male,0.54,43.79,1,8,33,9,72.25,B,0,Great course and very helpful,Positive
3900,Divya Das,24,Female,0.72,35.24,0.47,5,49,5,54.84,D,0,Not useful at all,Negative
3901,Vijay Nair,19,Female,0.56,28.74,0.73,8,11,2,62.03,C,0,Can be improved,Neutral
3902,Priya Patel,18,Male,0.77,36.79,0.91,9,33,5,72.58,B,0,Loved the teaching style,Positive
3903,Sneha Verma,26,Female,0.77,56.89,0.68,8,32,5,69.13,C,0,Okay course,Neutral
3904,Karthik Verma,27,Male,0.31,19.72,0.94,6,43,5,58.07,C,1,Can be improved,Neutral
3905,Vijay Singh,23,Female,0.74,43.23,1,3,13,4,71.71,B,0,Very engaging and informative,Positive
3906,Priya Sharma,30,Female,0.75,59.51,0.48,9,28,1,61.54,C,0,Okay course,Neutral
3907,Priya Reddy,25,Female,0.78,54.08,0.93,5,46,0,81.63,B,0,Great course and very helpful,Positive
3908,Sneha Singh,30,Female,0.66,22.17,0.56,4,24,3,49.58,D,0,Poor explanations,Negative
3909,Karthik Iyer,29,Female,1,66.71,0.77,9,41,1,90.32,A,0,Loved the teaching style,Positive
3910,Arun Patel,24,Male,0.78,36.19,0.59,6,1,5,51.2,D,0,Too difficult to follow,Negative
3911,Suresh Verma,23,Female,0.64,27.29,0.7,7,7,4,52.1,D,0,Too difficult to follow,Negative
3912,Meena Nair,23,Male,0.73,41.77,0.78,4,28,9,65.95,C,0,Average experience,Neutral
3913,Sneha Patel,24,Male,0.98,60.16,0.79,5,34,2,83.1,B,0,Great course and very helpful,Positive
3914,Sneha Verma,26,Female,0.99,47.31,0.55,7,0,2,67.65,C,0,Average experience,Neutral
3915,Priya Singh,21,Male,0.71,35.04,0.88,5,46,5,68.46,C,0,Average experience,Neutral
3916,Suresh Gupta,26,Female,0.75,48.08,0.49,8,49,3,62.74,C,0,Can be improved,Neutral
3917,Divya Gupta,23,Male,0.93,23.48,1,7,24,4,79.44,B,0,Excellent platform for learning,Positive
3918,Arun Nair,23,Female,0.73,28.94,0.68,6,4,7,46.29,D,0,Waste of time,Negative
3919,Anjali Gupta,23,Male,0.83,34,0.79,8,20,5,73.56,B,0,Helped me improve a lot,Positive
3920,Karthik Singh,21,Female,0.72,37.74,0.81,6,8,6,55.55,C,0,Okay course,Neutral
3921,Anjali Gupta,18,Male,0.71,56.45,0.7,5,36,1,65.94,C,0,Okay course,Neutral
3922,Vijay Nair,24,Male,0.59,65.06,0.79,3,44,4,67.57,C,0,Average experience,Neutral
3923,Arun Das,19,Female,0.51,35.1,0.98,4,24,0,53.93,D,0,Waste of time,Negative
3924,Suresh Nair,18,Male,0.64,59.47,0.58,5,45,1,61.62,C,0,Okay course,Neutral
3925,Ravi Iyer,30,Male,0.68,33.88,0.64,6,28,8,54.68,D,0,Too difficult to follow,Negative
3926,Meena Kumar,25,Female,0.65,58.77,1,9,17,3,79.49,B,0,Loved the teaching style,Positive
3927,Sneha Kumar,23,Male,1,51.4,0.58,7,31,2,72.84,B,0,Loved the teaching style,Positive
3928,Priya Reddy,25,Male,0.88,50.89,0.87,9,7,8,76.84,B,0,Excellent platform for learning,Positive
3929,Anjali Gupta,27,Female,0.88,37.27,0.65,4,13,3,50.89,D,0,Waste of time,Negative
3930,Ravi Singh,23,Female,0.66,51.89,0.71,3,8,3,55.55,C,0,Can be improved,Neutral
3931,Kavya Das,18,Male,1,51.7,0.61,9,12,0,69.51,C,0,Okay course,Neutral
3932,Divya Iyer,25,Female,0.77,51.74,0.29,8,13,8,52.07,D,0,Too difficult to follow,Negative
3933,Arun Kumar,19,Male,0.5,47.95,0.71,5,29,0,60.51,C,0,Okay course,Neutral
3934,Karthik Verma,20,Male,0.75,44.29,0.76,7,29,3,73.6,B,0,Helped me improve a lot,Positive
3935,Sneha Das,19,Female,0.88,19.03,0.82,9,47,9,74.82,B,0,Excellent platform for learning,Positive
3936,Meena Gupta,22,Female,0.43,26.24,0.73,8,5,9,51.45,D,0,Very confusing content,Negative
3937,Vijay Kumar,28,Female,0.51,56.45,1,3,8,6,54.3,D,0,Too difficult to follow,Negative
3938,Karthik Reddy,23,Female,0.84,19.01,0.86,8,4,1,65.74,C,0,Okay course,Neutral
3939,Divya Iyer,22,Female,0.97,44.68,0.83,9,45,2,78.11,B,0,Helped me improve a lot,Positive
3940,Meena Singh,28,Female,0.91,21.03,0.5,7,32,9,66.43,C,0,Nothing special,Neutral
3941,Meena Iyer,30,Male,0.72,45.3,0.6,7,30,5,56.03,C,0,Nothing special,Neutral
3942,Divya Patel,26,Female,0.67,13.14,0.76,6,11,2,54.64,D,0,Not useful at all,Negative
3943,Suresh Das,25,Female,0.99,41.27,0.93,8,1,6,78.22,B,0,Very engaging and informative,Positive
3944,Vijay Singh,22,Male,0.69,39.86,0.53,7,29,9,65.14,C,0,Normal learning experience,Neutral
3945,Sneha Sharma,30,Male,0.52,32.91,0.74,8,2,7,52.85,D,0,Poor explanations,Negative
3946,Priya Iyer,26,Male,0.66,33.76,0.52,4,33,6,56.75,C,0,Average experience,Neutral
3947,Karthik Gupta,18,Male,0.71,39.94,0.57,5,48,5,58.03,C,0,Average experience,Neutral
3948,Arun Iyer,28,Female,0.6,34.57,0.4,9,33,2,53.78,D,0,Poor explanations,Negative
3949,Ravi Das,25,Female,1,46.78,0.5,9,42,2,69.02,C,0,Average experience,Neutral
3950,Kavya Reddy,18,Female,1,39.91,0.55,9,9,9,65.5,C,0,Average experience,Neutral
3951,Ravi Nair,18,Female,0.94,59.58,0.9,5,42,6,93.24,A,0,Great course and very helpful,Positive
3952,Arun Nair,25,Male,0.91,41.98,0.65,4,33,8,60.59,C,0,Can be improved,Neutral
3953,Priya Iyer,21,Female,0.78,22.01,0.52,3,30,6,48.76,D,0,Waste of time,Negative
3954,Divya Sharma,29,Female,0.09,24.05,1,5,25,1,52.72,D,0,Waste of time,Negative
3955,Karthik Patel,18,Male,0.61,46.65,1,3,9,3,65,C,0,Okay course,Neutral
3956,Ravi Singh,25,Male,0.85,51.65,0.84,8,47,5,70.61,B,0,Excellent platform for learning,Positive
3957,Ravi Sharma,27,Female,0.68,42.29,0.48,7,19,4,51.69,D,0,Poor explanations,Negative
3958,Ravi Kumar,24,Female,0.83,22.28,0.62,3,19,6,53.48,D,0,Waste of time,Negative
3959,Rahul Patel,22,Male,0.38,13.98,0.81,3,2,7,38.88,Fail,1,Very confusing content,Negative
3960,Divya Kumar,24,Female,0.58,52.92,0.59,5,1,2,52.57,D,0,Too difficult to follow,Negative
3961,Ravi Das,22,Male,0.84,49.82,0.71,3,45,6,72.52,B,0,Excellent platform for learning,Positive
3962,Karthik Iyer,29,Female,0.72,42.66,0.64,4,48,7,65.96,C,0,Can be improved,Neutral
3963,Divya Sharma,27,Male,0.94,46.94,0.56,9,49,4,70.31,B,0,Great course and very helpful,Positive
3964,Sneha Singh,22,Male,0.71,48.64,0.97,3,42,7,77.24,B,0,Helped me improve a lot,Positive
3965,Priya Singh,30,Female,0.58,42.89,0.75,6,2,1,54.82,D,0,Very confusing content,Negative
3966,Suresh Reddy,29,Male,0.54,32.11,0.8,4,0,3,49.86,D,0,Too difficult to follow,Negative
3967,Rahul Sharma,26,Male,0.61,52.3,0.58,8,10,8,60.09,C,0,Okay course,Neutral
3968,Kavya Sharma,26,Female,0.92,54.87,0.87,8,14,0,77.08,B,0,Helped me improve a lot,Positive
3969,Arun Gupta,27,Male,1,20.38,0.44,4,5,0,56.35,C,0,Okay course,Neutral
3970,Suresh Patel,21,Male,0.69,39.76,0.79,9,5,5,60.35,C,0,Normal learning experience,Neutral
3971,Karthik Kumar,26,Female,1,27.93,0.63,5,2,3,59.25,C,0,Okay course,Neutral
3972,Meena Gupta,28,Male,0.71,30.07,0.82,6,7,9,70.36,B,0,Helped me improve a lot,Positive
3973,Vijay Singh,28,Male,0.53,36.24,0.64,4,10,2,50.98,D,0,Very confusing content,Negative
3974,Meena Iyer,24,Male,0.65,25.78,0.83,5,39,4,58.68,C,0,Okay course,Neutral
3975,Kavya Patel,27,Male,0.79,27.36,0.82,4,22,1,64.86,C,0,Can be improved,Neutral
3976,Suresh Singh,25,Male,0.45,55.11,0.47,6,40,1,60.23,C,0,Average experience,Neutral
3977,Vijay Kumar,18,Male,1,32.94,0.51,5,14,4,57.99,C,0,Normal learning experience,Neutral
3978,Ravi Patel,27,Male,0.64,54.53,0.39,6,47,1,60.59,C,0,Average experience,Neutral
3979,Suresh Singh,25,Male,1,49,0.99,7,17,8,84.36,B,0,Very engaging and informative,Positive
3980,Sneha Singh,25,Male,0.93,47.7,0.47,7,10,3,56.92,C,0,Can be improved,Neutral
3981,Divya Kumar,27,Male,0.67,50.11,0.96,5,15,7,64.89,C,0,Average experience,Neutral
3982,Priya Singh,26,Female,0.96,63.47,0.88,5,35,0,84.48,B,0,Loved the teaching style,Positive
3983,Sneha Verma,20,Male,0.74,44.37,0.81,9,15,0,68.11,C,0,Nothing special,Neutral
3984,Vijay Singh,19,Male,1,27.09,0.4,3,33,8,64.16,C,0,Okay course,Neutral
3985,Karthik Sharma,27,Female,1,43.24,0.56,3,12,9,67.21,C,0,Normal learning experience,Neutral
3986,Rahul Gupta,27,Female,0.49,68.21,0.74,8,47,8,71.24,B,0,Loved the teaching style,Positive
3987,Karthik Iyer,21,Female,0.91,16.88,0.58,6,38,3,65.07,C,0,Can be improved,Neutral
3988,Ravi Reddy,30,Male,0.66,47.61,0.55,4,38,6,54.4,D,0,Waste of time,Negative
3989,Meena Kumar,22,Female,1,58.46,0.04,7,21,4,59.88,C,0,Okay course,Neutral
3990,Vijay Kumar,23,Male,0.73,10.09,0.66,9,41,2,54.78,D,0,Too difficult to follow,Negative
3991,Ravi Nair,27,Male,0.77,50.65,0.55,7,44,5,55.39,C,0,Okay course,Neutral
3992,Anjali Patel,19,Male,0.64,36.75,0.71,9,37,5,65.32,C,0,Normal learning experience,Neutral
3993,Meena Iyer,19,Male,0.79,40.3,1,7,21,7,63.78,C,0,Normal learning experience,Neutral
3994,Divya Nair,30,Female,0.86,36.24,0.79,6,49,7,74.64,B,0,Great course and very helpful,Positive
3995,Anjali Iyer,20,Male,0.53,53.96,0.33,3,26,1,42.81,D,0,Waste of time,Negative
3996,Suresh Patel,22,Male,1,44.52,0.42,7,22,4,56.59,C,0,Average experience,Neutral
3997,Divya Iyer,24,Male,0.41,38.85,0.91,9,25,2,67.94,C,0,Okay course,Neutral
3998,Karthik Nair,21,Male,0.85,41.14,0.68,4,12,6,55.79,C,0,Normal learning experience,Neutral
3999,Vijay Patel,20,Male,0.89,24.87,0.49,3,5,9,43.78,D,0,Poor explanations,Negative
4000,Ravi Sharma,25,Male,0.6,61.37,0.76,9,11,8,58.53,C,0,Can be improved,Neutral
4001,Karthik Kumar,18,Female,0.92,24.4,0.72,6,44,7,69.68,C,0,Nothing special,Neutral
4002,Rahul Kumar,29,Male,0.59,37.29,0.63,8,41,2,53.16,D,0,Not useful at all,Negative
4003,Anjali Gupta,24,Female,0.54,32.74,0.77,9,44,5,65.79,C,0,Okay course,Neutral
4004,Meena Nair,29,Female,0.99,64.21,0.9,6,7,3,73.12,B,0,Helped me improve a lot,Positive
4005,Sneha Das,27,Female,1,22.35,0.86,6,0,3,65.81,C,0,Can be improved,Neutral
4006,Meena Singh,20,Female,0.7,26.53,0.53,6,29,4,57.69,C,0,Average experience,Neutral
4007,Anjali Reddy,30,Male,0.76,25.69,0.55,6,16,4,55.31,C,0,Normal learning experience,Neutral
4008,Arun Verma,18,Male,0.7,35.54,0.7,8,12,9,66.7,C,0,Average experience,Neutral
4009,Meena Reddy,20,Male,0.65,28.43,0.7,3,46,2,50.32,D,0,Not useful at all,Negative
4010,Ravi Singh,25,Female,0.57,47.63,0.96,6,35,5,66.6,C,0,Average experience,Neutral
4011,Karthik Nair,30,Female,1,46.05,0.7,5,19,6,78.7,B,0,Great course and very helpful,Positive
4012,Priya Kumar,21,Female,0.66,37.28,0.75,6,36,8,61.9,C,0,Normal learning experience,Neutral
4013,Meena Patel,18,Female,0.79,59.3,0.64,4,9,1,59.11,C,0,Nothing special,Neutral
4014,Arun Iyer,23,Female,0.73,84,0.62,8,47,4,75.14,B,0,Very engaging and informative,Positive
4015,Anjali Reddy,21,Female,0.93,35.42,0.59,8,12,0,66.27,C,0,Okay course,Neutral
4016,Rahul Iyer,23,Female,0.61,24.5,0.37,9,47,2,50.47,D,0,Too difficult to follow,Negative
4017,Vijay Nair,25,Male,0.83,57.64,0.62,9,45,6,72.44,B,0,Very engaging and informative,Positive
4018,Vijay Reddy,25,Female,1,59.1,0.65,4,21,8,64.94,C,0,Nothing special,Neutral
4019,Kavya Das,25,Female,0.93,40.77,0.78,9,42,7,72.31,B,0,Very engaging and informative,Positive
4020,Divya Nair,19,Male,0.62,49.01,0.96,3,5,9,64.62,C,0,Can be improved,Neutral
4021,Arun Gupta,19,Female,0.91,28.35,0.61,6,14,7,60.43,C,0,Nothing special,Neutral
4022,Sneha Kumar,25,Female,0.59,60.78,0.85,4,14,5,60.55,C,0,Can be improved,Neutral
4023,Sneha Patel,18,Male,1,34.93,0.75,7,32,7,68.99,C,0,Average experience,Neutral
4024,Rahul Singh,22,Female,1,45.47,0.96,6,44,8,89.02,A,0,Loved the teaching style,Positive
4025,Suresh Singh,29,Female,0.94,44.83,0.62,8,47,1,78.49,B,0,Very engaging and informative,Positive
4026,Divya Das,21,Male,0.64,42.45,0.42,6,20,8,46.67,D,0,Waste of time,Negative
4027,Kavya Singh,29,Male,1,53.16,0.82,5,1,9,67.9,C,0,Okay course,Neutral
4028,Divya Gupta,21,Male,1,77.32,0.49,3,15,1,56.65,C,0,Average experience,Neutral
4029,Divya Das,23,Male,0.83,38.74,0.77,4,14,1,55.84,C,0,Average experience,Neutral
4030,Priya Reddy,19,Male,1,42.73,0.73,6,33,6,66.6,C,0,Can be improved,Neutral
4031,Arun Reddy,29,Male,1,58.19,0.7,4,6,8,61.76,C,0,Can be improved,Neutral
4032,Sneha Singh,18,Female,0.69,5.96,1,5,21,7,64.38,C,0,Normal learning experience,Neutral
4033,Kavya Nair,29,Female,0.54,37,0.76,6,33,9,57.85,C,0,Average experience,Neutral
4034,Sneha Sharma,23,Male,0.79,18.64,0.78,9,42,3,66.32,C,0,Can be improved,Neutral
4035,Kavya Reddy,22,Female,0.64,49.21,0.53,3,35,1,61.56,C,0,Normal learning experience,Neutral
4036,Karthik Iyer,20,Male,0.86,25.5,0.77,4,25,0,63.39,C,0,Average experience,Neutral
4037,Arun Das,26,Male,0.9,56.1,0.57,3,12,1,64.85,C,0,Nothing special,Neutral
4038,Arun Patel,24,Male,0.77,56.16,0.73,4,33,8,62.99,C,0,Okay course,Neutral
4039,Arun Kumar,21,Male,0.8,19.97,0.72,9,35,7,54.07,D,0,Very confusing content,Negative
4040,Sneha Nair,21,Female,0.78,39.49,1,3,6,7,63.46,C,0,Nothing special,Neutral
4041,Rahul Gupta,20,Female,0.39,47.95,0.81,8,40,4,55.39,C,0,Okay course,Neutral
4042,Ravi Kumar,23,Male,0.46,71.93,0.9,9,45,7,72.06,B,0,Helped me improve a lot,Positive
4043,Anjali Kumar,25,Female,0.88,11.04,0.64,3,48,7,57.81,C,0,Nothing special,Neutral
4044,Ravi Gupta,23,Male,0.93,54.21,0.57,4,10,4,65.43,C,0,Average experience,Neutral
4045,Ravi Nair,19,Female,0.82,55.73,0.23,3,17,8,49.18,D,0,Not useful at all,Negative
4046,Priya Kumar,28,Male,0.9,42.55,0.97,8,26,7,72.77,B,0,Very engaging and informative,Positive
4047,Rahul Reddy,19,Female,0.52,20.18,0.64,8,18,0,47.54,D,0,Waste of time,Negative
4048,Divya Sharma,24,Male,0.99,30.93,0.78,5,28,2,71.09,B,0,Loved the teaching style,Positive
4049,Suresh Nair,21,Male,1,12.79,0.24,7,12,6,44.78,D,0,Not useful at all,Negative
4050,Sneha Das,20,Male,0.58,54.4,0.42,4,31,1,56.4,C,0,Can be improved,Neutral
4051,Kavya Kumar,21,Male,0.86,43.19,0.89,9,1,0,64.45,C,0,Normal learning experience,Neutral
4052,Rahul Verma,23,Male,0.71,35.95,0.57,3,39,2,62.87,C,0,Nothing special,Neutral
4053,Suresh Patel,29,Male,0.67,41.93,0.88,4,40,9,63.86,C,0,Nothing special,Neutral
4054,Ravi Sharma,24,Male,0.92,19.47,0.8,8,26,4,66.37,C,0,Nothing special,Neutral
4055,Anjali Das,26,Male,1,56.14,0.87,4,8,1,74.2,B,0,Excellent platform for learning,Positive
4056,Priya Nair,23,Male,0.72,38.57,0.68,6,44,7,61.27,C,0,Normal learning experience,Neutral
4057,Kavya Kumar,25,Female,1,43.94,0.82,8,1,4,70.9,B,0,Loved the teaching style,Positive
4058,Vijay Patel,22,Female,0.34,65.45,0.5,8,30,7,56.84,C,0,Okay course,Neutral
4059,Arun Sharma,22,Male,1,41.05,0.93,7,40,9,67.76,C,0,Normal learning experience,Neutral
4060,Vijay Verma,20,Male,0.63,55.66,0.62,9,7,6,53.56,D,0,Poor explanations,Negative
4061,Kavya Kumar,28,Female,0.72,42.95,1,5,44,8,72.07,B,0,Helped me improve a lot,Positive
4062,Kavya Das,30,Female,0.45,43.74,0.71,9,36,6,58.1,C,0,Normal learning experience,Neutral
4063,Karthik Nair,21,Male,0.83,52.32,0.62,9,42,8,69.23,C,0,Average experience,Neutral
4064,Arun Gupta,20,Female,0.27,32.93,0.68,9,28,4,48.21,D,0,Very confusing content,Negative
4065,Ravi Das,18,Female,0.83,47.29,0.46,9,39,5,60.72,C,0,Nothing special,Neutral
4066,Anjali Gupta,27,Female,0.88,51.43,0.7,6,44,1,80.3,B,0,Excellent platform for learning,Positive
4067,Anjali Sharma,30,Male,1,30.93,0.79,9,17,5,70.06,B,0,Loved the teaching style,Positive
4068,Karthik Das,25,Male,0.51,40.32,0.78,6,37,9,56.67,C,0,Okay course,Neutral
4069,Vijay Iyer,21,Female,0.64,78.26,1,7,46,8,91.04,A,0,Helped me improve a lot,Positive
4070,Arun Kumar,29,Female,0.79,53.03,0.63,9,3,1,72.2,B,0,Loved the teaching style,Positive
4071,Vijay Sharma,28,Male,0.64,58.35,0.64,3,11,2,62.39,C,0,Can be improved,Neutral
4072,Sneha Iyer,30,Male,0.96,56.01,0.65,6,3,5,69.39,C,0,Average experience,Neutral
4073,Ravi Patel,25,Male,0.88,59.43,1,4,4,8,80.68,B,0,Great course and very helpful,Positive
4074,Anjali Gupta,25,Male,0.69,39.18,0.8,6,39,5,59.09,C,0,Normal learning experience,Neutral
4075,Meena Das,20,Female,0.67,41.3,0.64,8,2,6,61.01,C,0,Normal learning experience,Neutral
4076,Divya Verma,30,Male,0.78,47.79,0.85,5,6,9,54.94,D,0,Poor explanations,Negative
4077,Ravi Nair,22,Male,0.73,28.4,0.47,3,9,1,48.99,D,0,Not useful at all,Negative
4078,Karthik Gupta,26,Female,0.95,37.15,0.29,4,9,4,50.14,D,0,Not useful at all,Negative
4079,Suresh Sharma,27,Male,0.87,62.9,0.68,6,38,9,73.98,B,0,Very engaging and informative,Positive
4080,Anjali Verma,22,Male,0.63,6.57,0.86,5,1,2,53.3,D,0,Too difficult to follow,Negative
4081,Ravi Das,22,Female,0.88,57.59,0.78,4,28,1,70.61,B,0,Loved the teaching style,Positive
4082,Sneha Reddy,26,Male,0.51,29.69,0.62,4,33,5,51.01,D,0,Not useful at all,Negative
4083,Divya Verma,29,Male,0.9,45.56,0.59,9,18,7,68.94,C,0,Nothing special,Neutral
4084,Sneha Nair,30,Male,0.95,30.94,0.47,6,32,4,60.46,C,0,Normal learning experience,Neutral
4085,Rahul Kumar,19,Female,0.58,33.65,0.97,7,22,3,58.64,C,0,Normal learning experience,Neutral
4086,Divya Iyer,28,Female,0.51,48.86,0.8,8,10,1,49.46,D,0,Not useful at all,Negative
4087,Kavya Verma,20,Female,1,34.15,0.68,8,34,3,74.05,B,0,Loved the teaching style,Positive
4088,Kavya Gupta,22,Male,0.69,30.51,0.9,8,8,6,62.22,C,0,Normal learning experience,Neutral
4089,Karthik Nair,25,Male,0.7,18.17,0.63,8,3,3,54.78,D,0,Not useful at all,Negative
4090,Divya Singh,28,Female,0.91,31.7,0.81,7,31,8,75.21,B,0,Loved the teaching style,Positive
4091,Karthik Nair,24,Male,0.95,33.2,0.63,5,42,5,67.06,C,0,Average experience,Neutral
4092,Meena Patel,19,Female,0.66,28.34,0.59,3,1,3,44.55,D,0,Too difficult to follow,Negative
4093,Arun Singh,27,Female,0.72,48.41,0.68,7,23,9,64.31,C,0,Nothing special,Neutral
4094,Ravi Verma,29,Male,0.51,43.62,0.72,9,2,5,51.28,D,0,Poor explanations,Negative
4095,Karthik Gupta,28,Female,0.95,47.49,0.6,5,30,7,60.6,C,0,Nothing special,Neutral
4096,Vijay Iyer,21,Male,0.73,58.57,1,6,10,6,73.33,B,0,Very engaging and informative,Positive
4097,Vijay Kumar,29,Female,0.67,40.33,0.33,8,24,9,50.72,D,0,Waste of time,Negative
4098,Anjali Reddy,29,Female,1,38,0.64,6,15,8,64.35,C,0,Average experience,Neutral
4099,Divya Verma,29,Male,0.88,41.3,0.86,5,3,6,71.47,B,0,Excellent platform for learning,Positive
4100,Sneha Verma,22,Female,0.95,41.57,0.67,4,16,7,69.28,C,0,Can be improved,Neutral
4101,Meena Verma,29,Male,0.79,29.31,0.72,6,17,7,65.31,C,0,Average experience,Neutral
4102,Sneha Nair,25,Male,0.63,38.85,0.99,9,12,0,68.2,C,0,Can be improved,Neutral
4103,Kavya Patel,25,Male,0.5,65.8,0.98,6,18,0,66.34,C,0,Average experience,Neutral
4104,Vijay Sharma,19,Female,0.64,24.35,0.27,3,27,6,42.61,D,0,Too difficult to follow,Negative
4105,Rahul Nair,22,Female,0.39,45.4,0.68,4,3,9,42.42,D,0,Waste of time,Negative
4106,Rahul Sharma,19,Female,0.73,36.77,0.53,8,43,0,63.75,C,0,Normal learning experience,Neutral
4107,Arun Kumar,20,Male,0.91,46.62,0.92,3,9,8,72.16,B,0,Excellent platform for learning,Positive
4108,Vijay Iyer,29,Female,0.79,35.76,0.69,6,9,4,57.2,C,0,Average experience,Neutral
4109,Sneha Verma,20,Male,0.6,32.01,0.7,5,3,3,44.15,D,0,Very confusing content,Negative
4110,Rahul Gupta,19,Female,0.44,54.63,0.73,6,48,9,59.37,C,0,Can be improved,Neutral
4111,Suresh Iyer,25,Female,0.74,51.62,0.7,9,8,2,61.62,C,0,Average experience,Neutral
4112,Meena Gupta,26,Female,0.56,50.87,0.85,3,24,1,62.27,C,0,Average experience,Neutral
4113,Anjali Das,22,Male,0.92,19.6,0.81,7,31,3,77.08,B,0,Very engaging and informative,Positive
4114,Divya Singh,21,Male,0.76,36.51,0.77,7,49,8,67.62,C,0,Nothing special,Neutral
4115,Karthik Singh,21,Male,1,43.99,0.8,6,32,2,74.27,B,0,Helped me improve a lot,Positive
4116,Vijay Das,23,Female,0.99,46.22,0.97,6,22,4,72.11,B,0,Great course and very helpful,Positive
4117,Rahul Kumar,19,Female,0.98,46.82,0.51,5,17,1,71.35,B,0,Loved the teaching style,Positive
4118,Meena Iyer,20,Female,0.77,57.25,0.46,5,26,0,53.61,D,0,Too difficult to follow,Negative
4119,Priya Kumar,20,Male,0.88,20.61,0.62,8,3,5,60.32,C,0,Can be improved,Neutral
4120,Suresh Kumar,20,Female,0.93,40.03,0.85,9,38,4,85.13,A,0,Helped me improve a lot,Positive
4121,Anjali Nair,23,Male,0.86,9.09,0.53,3,24,8,46.77,D,0,Too difficult to follow,Negative
4122,Arun Patel,27,Male,0.95,42.83,1,9,19,2,81.2,B,0,Helped me improve a lot,Positive
4123,Kavya Nair,19,Male,0.95,24.38,0.47,6,30,4,56.9,C,0,Nothing special,Neutral
4124,Kavya Sharma,18,Female,0.89,32.71,1,8,13,9,71,B,0,Excellent platform for learning,Positive
4125,Sneha Das,29,Female,0.91,31.56,0.7,4,40,9,75.01,B,0,Loved the teaching style,Positive
4126,Divya Iyer,24,Male,0.78,32.62,0.52,5,44,0,64.22,C,0,Average experience,Neutral
4127,Sneha Singh,29,Female,0.34,28.92,0.76,7,2,4,44.69,D,0,Poor explanations,Negative
4128,Sneha Singh,18,Female,0.8,33.77,0.64,3,45,1,64.25,C,0,Okay course,Neutral
4129,Karthik Reddy,20,Female,1,61.98,1,9,7,0,81.73,B,0,Loved the teaching style,Positive
4130,Divya Sharma,25,Male,0.98,59.65,0.49,5,39,7,75.28,B,0,Very engaging and informative,Positive
4131,Priya Iyer,23,Male,0.6,38.1,0.78,5,45,1,50.08,D,0,Waste of time,Negative
4132,Arun Verma,25,Female,0.49,38.35,0.85,8,0,8,54.6,D,0,Too difficult to follow,Negative
4133,Karthik Sharma,18,Female,0.84,13.64,1,6,5,8,70.27,B,0,Excellent platform for learning,Positive
4134,Karthik Singh,18,Male,1,65,0.87,9,19,2,78.97,B,0,Helped me improve a lot,Positive
4135,Suresh Singh,19,Female,0.96,30.4,0.81,7,16,6,64.84,C,0,Nothing special,Neutral
4136,Suresh Iyer,29,Female,0.59,46.45,0.38,6,48,7,49.7,D,0,Not useful at all,Negative
4137,Ravi Singh,19,Male,0.83,33.32,0.7,7,6,5,59.64,C,0,Normal learning experience,Neutral
4138,Suresh Iyer,27,Female,0.79,25.78,0.5,8,14,7,46.95,D,0,Poor explanations,Negative
4139,Arun Sharma,21,Female,0.98,50.65,0.81,4,22,0,71.12,B,0,Great course and very helpful,Positive
4140,Sneha Kumar,22,Male,0.74,35.97,0.38,3,6,4,48.23,D,0,Very confusing content,Negative
4141,Meena Gupta,25,Male,0.55,51.38,1,8,9,7,62.19,C,0,Normal learning experience,Neutral
4142,Suresh Das,29,Male,0.73,35.27,0.78,4,3,6,51.92,D,0,Too difficult to follow,Negative
4143,Arun Patel,30,Male,1,41.96,0.92,5,18,3,67.86,C,0,Nothing special,Neutral
4144,Meena Sharma,25,Female,0.83,45.55,0.51,4,39,7,65.26,C,0,Okay course,Neutral
4145,Sneha Singh,30,Male,0.74,26.32,0.7,8,14,4,51.01,D,0,Waste of time,Negative
4146,Arun Nair,18,Female,0.71,14.04,0.34,9,10,5,41.06,D,0,Very confusing content,Negative
4147,Kavya Verma,27,Male,0.84,50.53,0.53,3,7,2,62.56,C,0,Normal learning experience,Neutral
4148,Anjali Patel,24,Male,0.54,36.55,0.51,3,8,3,37.31,Fail,0,Not useful at all,Negative
4149,Meena Patel,19,Female,0.77,48.52,0.72,9,4,0,72.42,B,0,Helped me improve a lot,Positive
4150,Suresh Sharma,27,Male,0.1,26.84,0.72,9,48,4,48.03,D,0,Not useful at all,Negative
4151,Divya Iyer,27,Male,0.77,70.83,0.63,5,23,6,76.58,B,0,Great course and very helpful,Positive
4152,Vijay Reddy,18,Female,0.92,3.48,0.7,3,10,6,56.89,C,0,Can be improved,Neutral
4153,Sneha Verma,30,Female,0.74,68.49,0.53,3,14,4,48.94,D,0,Too difficult to follow,Negative
4154,Meena Nair,18,Male,0.74,60.56,0.74,9,6,6,79.44,B,0,Helped me improve a lot,Positive
4155,Arun Verma,24,Male,0.55,43.83,0.69,5,20,1,56.95,C,0,Okay course,Neutral
4156,Sneha Sharma,26,Female,0.92,48.13,0.76,8,27,0,70.09,B,0,Very engaging and informative,Positive
4157,Vijay Das,20,Male,0.69,27.08,0.52,7,2,1,47.53,D,0,Waste of time,Negative
4158,Ravi Nair,26,Male,0.81,40.19,0.83,6,31,0,69.46,C,0,Can be improved,Neutral
4159,Priya Nair,30,Male,0.61,42.07,0.75,5,37,3,61.6,C,0,Can be improved,Neutral
4160,Rahul Verma,29,Female,0.59,35.67,0.58,7,24,3,60.29,C,0,Okay course,Neutral
4161,Priya Verma,19,Male,1,55.52,0.95,6,21,2,87.71,A,0,Loved the teaching style,Positive
4162,Divya Iyer,19,Male,0.63,46.35,0.54,8,18,9,52.68,D,0,Waste of time,Negative
4163,Anjali Sharma,22,Male,0.71,64.27,0.62,8,13,9,72.12,B,0,Excellent platform for learning,Positive
4164,Vijay Reddy,27,Female,0.77,51.65,1,6,27,2,76.93,B,0,Very engaging and informative,Positive
4165,Kavya Iyer,24,Female,0.51,26.7,0.28,7,7,4,41.08,D,0,Poor explanations,Negative
4166,Meena Nair,22,Female,0.98,47.14,0.65,8,10,1,71.93,B,0,Very engaging and informative,Positive
4167,Rahul Nair,29,Female,0.86,47.16,1,7,4,6,67.02,C,0,Average experience,Neutral
4168,Anjali Sharma,25,Female,0.91,17.47,0.92,7,39,0,71.79,B,0,Helped me improve a lot,Positive
4169,Meena Sharma,25,Male,0.72,62.09,0.68,6,45,3,69.49,C,0,Can be improved,Neutral
4170,Meena Iyer,26,Female,0.85,32.23,0.47,8,37,9,61.09,C,0,Nothing special,Neutral
4171,Divya Gupta,28,Female,0.55,26.48,0.8,5,23,8,55.51,C,0,Can be improved,Neutral
4172,Kavya Das,19,Male,0.72,30.3,0.47,8,24,7,62.39,C,0,Okay course,Neutral
4173,Suresh Kumar,23,Male,0.77,58.25,0.63,8,37,5,66.37,C,0,Normal learning experience,Neutral
4174,Vijay Nair,19,Male,0.97,47.67,0.91,3,41,0,70.37,B,0,Very engaging and informative,Positive
4175,Karthik Verma,28,Male,1,56.96,0.51,5,37,8,73.53,B,0,Loved the teaching style,Positive
4176,Karthik Reddy,25,Female,1,36.06,0.67,8,8,4,65.81,C,0,Normal learning experience,Neutral
4177,Arun Patel,27,Male,0.94,39.38,1,9,8,4,77.33,B,0,Helped me improve a lot,Positive
4178,Divya Kumar,20,Female,0.62,46.3,0.76,3,8,5,60.95,C,0,Okay course,Neutral
4179,Anjali Patel,24,Male,0.84,77.13,0.68,9,41,0,77.73,B,0,Very engaging and informative,Positive
4180,Vijay Patel,29,Female,0.8,44.22,0.71,6,10,7,59.09,C,0,Okay course,Neutral
4181,Ravi Singh,20,Female,0.57,34.37,0.93,6,10,7,66.66,C,0,Normal learning experience,Neutral
4182,Anjali Reddy,30,Female,1,38.86,0.81,5,1,5,72.07,B,0,Very engaging and informative,Positive
4183,Sneha Singh,28,Male,0.73,51.2,0.68,6,7,7,58.76,C,0,Nothing special,Neutral
4184,Vijay Gupta,20,Female,0.78,51.34,0.6,9,44,7,76.33,B,0,Very engaging and informative,Positive
4185,Ravi Verma,29,Female,0.99,46.52,0.81,8,15,3,74.75,B,0,Great course and very helpful,Positive
4186,Anjali Gupta,28,Female,0.9,-1.25,0.81,4,26,1,65.69,C,0,Normal learning experience,Neutral
4187,Divya Verma,23,Male,0.84,41.75,0.93,8,14,7,68.5,C,0,Can be improved,Neutral
4188,Ravi Gupta,24,Female,1,52.74,0.7,4,4,8,58.6,C,0,Normal learning experience,Neutral
4189,Ravi Kumar,18,Female,0.96,45.69,0.64,6,12,7,74.16,B,0,Very engaging and informative,Positive
4190,Karthik Das,26,Male,0.72,64.47,0.72,4,25,7,65.68,C,0,Average experience,Neutral
4191,Arun Reddy,18,Female,0.86,40.26,0.86,3,2,6,52.39,D,0,Too difficult to follow,Negative
4192,Divya Das,25,Female,0.79,43.06,0.63,5,44,1,58.76,C,0,Can be improved,Neutral
4193,Ravi Verma,28,Male,0.67,36.93,0.52,5,22,6,50.06,D,0,Waste of time,Negative
4194,Kavya Gupta,26,Male,0.82,51.57,0.51,7,0,3,53.17,D,0,Poor explanations,Negative
4195,Anjali Reddy,22,Female,0.94,24.04,0.36,8,8,3,49.31,D,0,Very confusing content,Negative
4196,Ravi Reddy,23,Male,0.86,43.17,0.59,8,43,3,63.98,C,0,Can be improved,Neutral
4197,Anjali Patel,30,Male,0.69,37.51,0.69,3,38,5,49.09,D,0,Poor explanations,Negative
4198,Sneha Verma,21,Male,0.56,32.89,0.87,5,17,2,61.62,C,0,Normal learning experience,Neutral
4199,Arun Das,18,Male,0.62,64.92,0.66,6,4,4,62.13,C,0,Can be improved,Neutral
4200,Kavya Kumar,22,Female,0.59,34.44,0.56,8,47,3,55.09,C,0,Okay course,Neutral
4201,Ravi Verma,22,Female,0.75,38.47,0.61,6,22,3,57.48,C,0,Average experience,Neutral
4202,Arun Singh,22,Female,0.65,49.84,0.62,9,18,0,55.83,C,0,Nothing special,Neutral
4203,Kavya Verma,28,Male,0.62,58.36,0.53,3,12,6,48.91,D,0,Waste of time,Negative
4204,Ravi Verma,25,Female,0.77,53.39,0.99,4,48,5,76.19,B,0,Helped me improve a lot,Positive
4205,Vijay Patel,21,Male,0.59,25.71,0.87,4,41,7,62.19,C,0,Normal learning experience,Neutral
4206,Rahul Nair,23,Male,0.83,38.59,0.74,8,38,2,66.47,C,0,Average experience,Neutral
4207,Meena Iyer,27,Female,0.59,28.83,0.53,6,8,6,44.1,D,0,Waste of time,Negative
4208,Vijay Iyer,25,Female,0.8,53.19,0.09,3,32,6,42.87,D,0,Very confusing content,Negative
4209,Arun Sharma,26,Female,0.67,25.79,0.97,9,23,1,70.58,B,0,Very engaging and informative,Positive
4210,Anjali Nair,23,Female,0.86,38.11,0.74,8,22,7,70.9,B,0,Great course and very helpful,Positive
4211,Sneha Reddy,18,Male,1,36.41,0.47,3,10,7,60.15,C,0,Average experience,Neutral
4212,Karthik Verma,28,Female,0.6,39.37,0.48,8,42,5,49.94,D,0,Very confusing content,Negative
4213,Kavya Singh,21,Female,0.84,-8.06,0.97,7,28,6,60.23,C,0,Normal learning experience,Neutral
4214,Arun Iyer,29,Female,0.76,36.97,0.6,8,36,0,64.11,C,0,Nothing special,Neutral
4215,Ravi Nair,27,Male,1,34.83,0.55,4,45,6,65.68,C,0,Can be improved,Neutral
4216,Sneha Verma,22,Male,0.71,46.59,0.79,3,6,6,62.98,C,0,Nothing special,Neutral
4217,Divya Reddy,18,Male,1,37.66,0.43,5,3,0,62.87,C,0,Normal learning experience,Neutral
4218,Rahul Iyer,18,Male,0.98,45.97,0.82,8,4,0,71.6,B,0,Very engaging and informative,Positive
4219,Ravi Patel,26,Male,0.45,30.89,0.57,8,12,3,57.88,C,0,Nothing special,Neutral
4220,Sneha Sharma,24,Male,0.35,48.26,0.82,9,22,0,65.03,C,0,Can be improved,Neutral
4221,Karthik Nair,28,Male,0.98,33.29,0.45,5,40,6,67.45,C,0,Okay course,Neutral
4222,Vijay Sharma,21,Female,1,55.96,0.72,9,15,0,66.23,C,0,Okay course,Neutral
4223,Anjali Gupta,30,Female,0.72,35.46,0.44,9,28,1,58.75,C,0,Average experience,Neutral
4224,Karthik Iyer,25,Female,0.77,39.38,0.69,4,8,9,54.73,D,0,Not useful at all,Negative
4225,Arun Singh,25,Male,0.99,18.63,0.8,7,31,7,67.57,C,0,Okay course,Neutral
4226,Kavya Sharma,18,Female,0.77,74.68,0.75,7,31,1,73.64,B,0,Loved the teaching style,Positive
4227,Priya Patel,27,Female,1,51.74,0.76,9,46,4,85.63,A,0,Loved the teaching style,Positive
4228,Suresh Iyer,22,Male,0.66,32.21,0.57,5,34,6,60.08,C,0,Can be improved,Neutral
4229,Rahul Gupta,19,Male,0.96,33.78,0.3,9,3,4,52.34,D,0,Waste of time,Negative
4230,Suresh Verma,22,Male,0.49,56.4,0.62,7,33,4,57.99,C,0,Okay course,Neutral
4231,Rahul Iyer,29,Female,0.77,36.43,0.85,5,43,9,69.45,C,0,Average experience,Neutral
4232,Divya Sharma,29,Female,0.78,56.69,0.93,9,3,2,73.58,B,0,Helped me improve a lot,Positive
4233,Sneha Reddy,24,Female,0.56,31.3,0.54,4,15,3,50.12,D,0,Not useful at all,Negative
4234,Anjali Kumar,27,Male,0.49,38.99,0.59,4,18,1,49.01,D,0,Very confusing content,Negative
4235,Meena Reddy,26,Female,0.47,28.01,0.88,4,4,3,38.47,Fail,0,Not useful at all,Negative
4236,Arun Verma,25,Female,0.58,38.81,0.68,5,43,7,66.34,C,0,Normal learning experience,Neutral
4237,Sneha Das,27,Male,0.66,46.75,0.67,4,18,1,58.73,C,0,Okay course,Neutral
4238,Divya Kumar,26,Female,0.75,52.21,0.54,3,33,6,49.89,D,0,Not useful at all,Negative
4239,Priya Singh,30,Male,0.83,47.05,0.79,6,5,3,68.19,C,0,Can be improved,Neutral
4240,Rahul Kumar,19,Female,0.89,32.54,0.81,8,49,5,72.67,B,0,Loved the teaching style,Positive
4241,Suresh Patel,23,Female,0.71,14.93,0.83,9,17,3,58.95,C,0,Average experience,Neutral
4242,Kavya Reddy,30,Female,0.86,24.7,0.42,5,4,1,37.74,Fail,0,Very confusing content,Negative
4243,Arun Nair,23,Male,0.31,39.04,0.35,5,19,5,31.85,Fail,0,Not useful at all,Negative
4244,Sneha Iyer,19,Male,0.98,43.04,0.6,6,38,6,64.35,C,0,Average experience,Neutral
4245,Vijay Das,21,Female,1,31.17,0.58,4,44,9,73.69,B,0,Very engaging and informative,Positive
4246,Anjali Das,22,Male,0.92,44.32,0.92,6,12,7,75.04,B,0,Helped me improve a lot,Positive
4247,Priya Sharma,29,Female,0.72,52.72,0.75,7,42,6,73.98,B,0,Great course and very helpful,Positive
4248,Divya Nair,25,Female,0.61,38.86,0.44,5,19,1,47.83,D,0,Not useful at all,Negative
4249,Divya Iyer,23,Female,1,10.89,0.59,3,33,7,59.6,C,0,Average experience,Neutral
4250,Anjali Das,22,Female,0.74,37.15,0.65,3,10,8,54.44,D,0,Too difficult to follow,Negative
4251,Kavya Verma,27,Male,0.74,28.39,0.88,7,17,0,62.46,C,0,Normal learning experience,Neutral
4252,Kavya Verma,21,Male,0.42,39.46,0.67,7,37,3,53.52,D,0,Waste of time,Negative
4253,Rahul Singh,26,Female,0.73,45.37,0.64,5,5,2,59.11,C,0,Nothing special,Neutral
4254,Priya Nair,30,Male,0.56,39.58,0.83,5,18,8,67.53,C,0,Nothing special,Neutral
4255,Kavya Nair,26,Female,0.43,70.19,0.82,6,20,1,61.29,C,0,Average experience,Neutral
4256,Arun Iyer,23,Male,0.59,68.66,0.5,6,10,9,49.39,D,0,Waste of time,Negative
4257,Ravi Nair,26,Female,0.75,56.33,0.58,7,30,2,57.3,C,0,Okay course,Neutral
4258,Rahul Iyer,19,Female,0.76,36.11,0.71,6,7,6,56.24,C,0,Average experience,Neutral
4259,Vijay Nair,18,Female,0.77,34.11,0.59,3,4,4,42.17,D,0,Poor explanations,Negative
4260,Anjali Singh,24,Male,0.5,43.39,0.79,3,31,5,53.76,D,0,Not useful at all,Negative
4261,Karthik Singh,22,Female,0.52,34.73,0.69,8,14,2,55.13,C,0,Normal learning experience,Neutral
4262,Divya Nair,25,Female,0.7,32.78,0.66,6,6,1,51.29,D,0,Poor explanations,Negative
4263,Vijay Reddy,22,Female,0.47,30.37,0.94,4,34,0,61.64,C,0,Average experience,Neutral
4264,Suresh Iyer,21,Male,0.84,28.3,0.9,8,40,5,70.84,B,0,Very engaging and informative,Positive
4265,Vijay Patel,25,Female,0.79,45.94,0.74,3,7,1,62.01,C,0,Average experience,Neutral
4266,Vijay Kumar,20,Female,0.56,19.05,0.47,9,47,7,49.05,D,0,Waste of time,Negative
4267,Suresh Gupta,22,Male,0.8,41.07,0.84,3,20,3,61.23,C,0,Normal learning experience,Neutral
4268,Suresh Iyer,22,Female,0.59,56.48,0.64,8,12,7,46.91,D,0,Waste of time,Negative
4269,Kavya Iyer,18,Female,0.54,50.75,0.93,7,29,9,70.35,B,0,Excellent platform for learning,Positive
4270,Meena Reddy,25,Male,0.89,26.08,0.62,6,28,3,56.77,C,0,Can be improved,Neutral
4271,Arun Nair,18,Female,1,45.29,0.74,8,21,1,83.28,B,0,Excellent platform for learning,Positive
4272,Arun Nair,24,Male,0.77,56.53,1,6,29,0,75,B,0,Loved the teaching style,Positive
4273,Priya Das,20,Female,0.41,39.53,0.7,3,13,3,49.85,D,0,Poor explanations,Negative
4274,Ravi Nair,22,Male,0.56,29.34,0.6,4,17,3,50.84,D,0,Poor explanations,Negative
4275,Priya Gupta,26,Male,1,24.94,0.96,4,46,1,77.94,B,0,Excellent platform for learning,Positive
4276,Sneha Sharma,25,Female,0.74,37.26,0.56,3,43,5,52.22,D,0,Not useful at all,Negative
4277,Rahul Das,22,Female,0.41,49.19,0.83,3,3,6,47.02,D,0,Too difficult to follow,Negative
4278,Rahul Gupta,23,Male,0.82,26.3,0.81,3,30,2,66.15,C,0,Can be improved,Neutral
4279,Vijay Gupta,18,Female,0.92,47.59,0.3,7,10,2,54.32,D,0,Very confusing content,Negative
4280,Arun Nair,21,Female,0.9,35.64,0.55,5,36,2,61.11,C,0,Average experience,Neutral
4281,Ravi Das,27,Female,0.53,30.11,0.55,4,2,1,42.01,D,0,Not useful at all,Negative
4282,Vijay Nair,20,Male,0.51,42.74,0.66,4,46,7,53.93,D,0,Waste of time,Negative
4283,Meena Sharma,26,Female,0.77,42.37,0.46,6,13,4,55.33,C,0,Okay course,Neutral
4284,Arun Sharma,24,Female,0.93,52.57,0.64,3,8,8,61.22,C,0,Nothing special,Neutral
4285,Sneha Iyer,24,Male,0.92,67.1,1,3,29,9,68.15,C,0,Normal learning experience,Neutral
4286,Priya Reddy,30,Female,0.66,36.22,0.26,9,28,8,39.15,Fail,0,Waste of time,Negative
4287,Arun Kumar,22,Female,0.71,21.27,0.62,8,13,1,61.98,C,0,Average experience,Neutral
4288,Arun Patel,18,Female,0.68,17.13,0.8,7,27,3,63.9,C,0,Can be improved,Neutral
4289,Kavya Reddy,18,Female,0.64,46.26,0.66,9,17,3,58.2,C,0,Nothing special,Neutral
4290,Ravi Reddy,23,Female,0.72,35.78,0.78,3,2,2,48.73,D,0,Waste of time,Negative
4291,Rahul Patel,21,Male,1,35.05,0.67,9,30,1,85.58,A,0,Helped me improve a lot,Positive
4292,Vijay Kumar,27,Female,0.75,31.15,0.77,7,5,7,58.75,C,0,Okay course,Neutral
4293,Vijay Sharma,20,Female,0.75,32.84,0.54,4,14,4,52.52,D,0,Too difficult to follow,Negative
4294,Sneha Sharma,24,Male,0.82,59.79,0.48,4,40,3,70.89,B,0,Great course and very helpful,Positive
4295,Vijay Kumar,27,Male,0.74,50.21,0.7,8,5,1,63.32,C,0,Normal learning experience,Neutral
4296,Karthik Verma,22,Male,0.62,46.69,0.59,3,23,9,53.04,D,0,Very confusing content,Negative
4297,Meena Sharma,20,Male,0.71,57.71,0.78,4,3,1,54.3,D,0,Not useful at all,Negative
4298,Anjali Iyer,24,Male,0.8,45.66,0.75,3,7,1,54.31,D,0,Waste of time,Negative
4299,Meena Verma,25,Female,0.76,29.53,0.67,5,2,5,54.79,D,0,Poor explanations,Negative
4300,Kavya Reddy,23,Male,0.49,18.67,0.82,3,6,6,54.63,D,1,Waste of time,Negative
4301,Kavya Sharma,21,Female,0.71,53.7,0.7,4,11,4,66.32,C,0,Okay course,Neutral
4302,Meena Kumar,18,Male,0.6,26.8,0.8,6,28,6,61.4,C,0,Nothing special,Neutral
4303,Arun Das,27,Male,0.83,21.71,0.66,6,46,8,69.48,C,0,Nothing special,Neutral
4304,Kavya Iyer,22,Female,0.64,58.24,0.74,3,47,2,62.56,C,0,Can be improved,Neutral
4305,Suresh Gupta,29,Male,0.55,36.99,0.65,7,17,2,56.06,C,0,Can be improved,Neutral
4306,Priya Nair,22,Male,0.45,55.48,0.48,3,49,3,53.15,D,0,Too difficult to follow,Negative
4307,Vijay Iyer,19,Female,0.33,71.93,0.33,6,49,7,52.61,D,0,Poor explanations,Negative
4308,Suresh Gupta,28,Female,0.89,64.67,0.51,3,25,5,58.89,C,0,Can be improved,Neutral
4309,Divya Patel,18,Male,0.7,32.86,0.9,8,29,9,76.39,B,0,Helped me improve a lot,Positive
4310,Vijay Kumar,19,Female,0.68,17.99,0.73,4,2,9,46.13,D,0,Too difficult to follow,Negative
4311,Suresh Nair,23,Female,0.54,30.3,0.43,6,12,5,41.58,D,0,Not useful at all,Negative
4312,Anjali Nair,24,Male,0.87,43.9,0.65,9,2,8,62.47,C,0,Okay course,Neutral
4313,Arun Iyer,20,Male,0.67,41.01,0.42,9,4,5,47.49,D,0,Not useful at all,Negative
4314,Karthik Sharma,20,Male,0.22,49.5,0.95,5,6,4,48.34,D,0,Poor explanations,Negative
4315,Sneha Kumar,24,Female,0.4,28.53,0.54,5,29,7,50.71,D,0,Too difficult to follow,Negative
4316,Priya Singh,27,Male,0.82,48.76,0.64,6,32,1,61.6,C,0,Normal learning experience,Neutral
4317,Anjali Iyer,24,Female,0.61,49.31,0.74,7,23,8,55.89,C,0,Average experience,Neutral
4318,Kavya Nair,28,Female,0.78,31.5,0.73,4,17,0,51.79,D,0,Waste of time,Negative
4319,Karthik Sharma,20,Female,0.46,45.65,0.99,6,4,1,57.45,C,0,Average experience,Neutral
4320,Arun Verma,18,Male,0.61,44.12,0.71,6,17,6,55.78,C,0,Nothing special,Neutral
4321,Meena Singh,25,Male,0.75,66.45,0.82,5,18,6,74.45,B,0,Great course and very helpful,Positive
4322,Ravi Reddy,23,Female,0.64,52.97,0.67,6,35,7,62.96,C,0,Okay course,Neutral
4323,Kavya Gupta,28,Female,0.66,8.34,0.76,7,2,3,65.62,C,0,Can be improved,Neutral
4324,Suresh Sharma,19,Female,0.75,45.34,0.67,3,6,2,58.96,C,0,Normal learning experience,Neutral
4325,Kavya Das,21,Male,0.77,59.58,0.59,3,0,4,60.83,C,0,Nothing special,Neutral
4326,Anjali Patel,22,Male,1,29.04,0.8,7,30,3,74.9,B,0,Excellent platform for learning,Positive
4327,Ravi Kumar,27,Female,0.85,44.64,0.8,5,40,4,67.63,C,0,Okay course,Neutral
4328,Priya Nair,24,Male,0.51,36.92,0.2,7,11,0,37.54,Fail,0,Very confusing content,Negative
4329,Meena Patel,25,Female,0.67,22.95,0.78,7,36,4,65.47,C,0,Can be improved,Neutral
4330,Kavya Kumar,23,Male,0.85,28.65,0.89,3,36,7,73.86,B,0,Great course and very helpful,Positive
4331,Sneha Verma,18,Female,0.64,30.64,0.37,5,16,1,48.97,D,0,Waste of time,Negative
4332,Ravi Sharma,19,Female,0.75,49.98,0.82,6,40,3,71.52,B,0,Excellent platform for learning,Positive
4333,Arun Singh,28,Female,0.96,31.66,0.61,6,33,0,69.48,C,0,Normal learning experience,Neutral
4334,Priya Kumar,22,Female,0.83,30.17,0.49,5,27,6,54.67,D,0,Waste of time,Negative
4335,Priya Kumar,25,Male,0.68,31.39,0.63,5,39,2,45.68,D,0,Waste of time,Negative
4336,Sneha Patel,18,Male,0.76,1.85,0.65,9,14,7,46.68,D,0,Too difficult to follow,Negative
4337,Meena Verma,22,Male,0.5,42.07,0.84,3,5,1,47.24,D,0,Poor explanations,Negative
4338,Arun Sharma,25,Female,0.79,24.29,0.96,8,9,3,61.39,C,0,Okay course,Neutral
4339,Priya Patel,29,Male,0.62,22.66,0.76,9,46,2,58.71,C,0,Normal learning experience,Neutral
4340,Ravi Nair,28,Male,0.57,29.75,0.5,8,12,8,48.56,D,0,Too difficult to follow,Negative
4341,Suresh Verma,23,Male,0.65,61.87,1,7,25,9,72.56,B,0,Great course and very helpful,Positive
4342,Kavya Das,18,Female,0.89,53.96,0.92,6,10,7,71.62,B,0,Very engaging and informative,Positive
4343,Ravi Kumar,27,Male,0.62,49.58,0.6,7,5,3,55.95,C,0,Nothing special,Neutral
4344,Meena Verma,18,Male,0.88,54.58,0.63,4,3,0,54.6,D,0,Poor explanations,Negative
4345,Arun Das,30,Female,1,50.44,1,3,30,0,79.85,B,0,Helped me improve a lot,Positive
4346,Suresh Iyer,18,Female,0.75,41.07,0.89,3,46,4,72.85,B,0,Loved the teaching style,Positive
4347,Ravi Iyer,30,Male,0.87,40.94,0.72,5,35,4,66.77,C,0,Nothing special,Neutral
4348,Priya Iyer,30,Male,0.64,52.31,0.91,4,9,8,65.31,C,0,Can be improved,Neutral
4349,Ravi Sharma,20,Female,0.25,40.15,0.34,7,12,6,37.68,Fail,0,Too difficult to follow,Negative
4350,Divya Gupta,22,Female,0.79,49.23,1,6,25,7,79.38,B,0,Helped me improve a lot,Positive
4351,Meena Reddy,28,Male,0.58,30.3,0.68,6,41,1,56.29,C,0,Normal learning experience,Neutral
4352,Meena Singh,23,Male,0.68,34.12,0.55,8,43,9,64.58,C,0,Can be improved,Neutral
4353,Divya Reddy,21,Male,0.98,53.64,0.94,3,43,2,76.97,B,0,Great course and very helpful,Positive
4354,Priya Sharma,18,Male,0.62,71.88,0.73,7,7,8,61.81,C,0,Average experience,Neutral
4355,Sneha Singh,30,Female,0.65,25.26,0.87,4,39,5,61.54,C,0,Okay course,Neutral
4356,Priya Das,28,Male,0.87,18.5,0.6,8,19,7,58.88,C,0,Nothing special,Neutral
4357,Meena Patel,23,Female,1,44.48,0.74,9,4,8,67.5,C,0,Normal learning experience,Neutral
4358,Ravi Verma,20,Male,0.98,17.7,0.66,6,21,9,57.62,C,0,Nothing special,Neutral
4359,Sneha Kumar,20,Male,0.72,33.83,0.84,8,26,2,67.91,C,0,Average experience,Neutral
4360,Kavya Das,26,Male,0.8,42.41,0.81,6,22,1,65.87,C,0,Okay course,Neutral
4361,Suresh Patel,29,Female,0.73,24.71,0.89,6,29,8,70.58,B,0,Great course and very helpful,Positive
4362,Anjali Nair,28,Male,0.48,36.18,0.7,4,6,2,48.17,D,0,Poor explanations,Negative
4363,Vijay Verma,25,Female,0.48,29.02,0.55,6,19,6,50.16,D,0,Waste of time,Negative
4364,Arun Verma,21,Female,0.84,37.63,0.55,5,1,6,52.01,D,0,Not useful at all,Negative
4365,Meena Iyer,24,Female,0.53,51.04,0.27,7,42,3,54.37,D,0,Very confusing content,Negative
4366,Suresh Das,22,Female,1,14.44,0.43,9,48,4,56,C,0,Average experience,Neutral
4367,Vijay Das,26,Male,0.79,19.68,0.87,4,30,9,63.54,C,0,Average experience,Neutral
4368,Vijay Gupta,27,Male,0.8,40.49,1,7,8,6,65.66,C,0,Okay course,Neutral
4369,Anjali Gupta,28,Male,0.42,30.89,0.8,4,17,9,56.45,C,0,Can be improved,Neutral
4370,Vijay Nair,30,Female,0.52,24.75,0.66,3,42,6,52.27,D,0,Not useful at all,Negative
4371,Anjali Sharma,25,Male,0.82,19.19,0.87,3,33,5,61.73,C,0,Can be improved,Neutral
4372,Priya Iyer,29,Male,1,16.53,0.61,8,19,6,66.26,C,0,Average experience,Neutral
4373,Anjali Singh,20,Male,0.67,43.09,0.55,7,22,1,61.94,C,0,Nothing special,Neutral
4374,Priya Singh,24,Female,1,20.78,1,6,14,2,77.61,B,0,Loved the teaching style,Positive
4375,Suresh Das,26,Male,0.85,38.72,0.9,9,13,0,75.46,B,0,Very engaging and informative,Positive
4376,Priya Singh,20,Female,0.56,23.91,0.69,5,0,5,55.03,C,0,Okay course,Neutral
4377,Arun Das,25,Male,0.69,44.78,0.49,9,27,3,59.46,C,0,Average experience,Neutral
4378,Arun Nair,25,Male,0.72,40.84,0.35,4,43,1,52.19,D,0,Poor explanations,Negative
4379,Arun Gupta,22,Female,0.96,70.79,0.84,4,16,5,69.19,C,0,Nothing special,Neutral
4380,Rahul Singh,24,Female,0.94,15.54,0.84,6,46,9,73.36,B,0,Excellent platform for learning,Positive
4381,Divya Gupta,27,Male,0.59,36.3,0.69,5,3,8,44.56,D,0,Waste of time,Negative
4382,Vijay Kumar,27,Male,0.58,49.73,0.64,3,0,5,49.84,D,0,Too difficult to follow,Negative
4383,Anjali Kumar,29,Female,1,25.35,0.6,9,17,3,68.26,C,0,Normal learning experience,Neutral
4384,Meena Das,28,Male,0.79,26.79,0.8,6,24,5,59.4,C,0,Nothing special,Neutral
4385,Rahul Sharma,25,Female,0.87,34.22,0.44,6,2,8,57.31,C,0,Can be improved,Neutral
4386,Meena Singh,26,Female,0.98,43.78,0.59,6,22,1,58.47,C,0,Nothing special,Neutral
4387,Anjali Iyer,24,Male,0.98,53.84,0.64,4,15,8,71.87,B,0,Very engaging and informative,Positive
4388,Priya Nair,30,Female,0.59,21.62,0.63,6,3,0,41.79,D,0,Poor explanations,Negative
4389,Karthik Gupta,18,Male,0.53,16.33,0.61,8,30,6,48.5,D,0,Poor explanations,Negative
4390,Arun Patel,18,Male,0.86,52.09,0.48,5,12,9,57.55,C,0,Okay course,Neutral
4391,Anjali Verma,21,Male,0.87,54.29,0.71,4,24,3,64.44,C,0,Nothing special,Neutral
4392,Rahul Das,23,Female,0.71,32.1,0.95,4,4,9,65.22,C,0,Okay course,Neutral
4393,Priya Nair,22,Male,0.68,49.06,0.8,8,43,7,64.42,C,0,Normal learning experience,Neutral
4394,Priya Nair,25,Female,0.67,36.31,0.32,3,14,6,45.23,D,0,Not useful at all,Negative
4395,Sneha Singh,20,Female,0.93,32.96,0.94,4,22,6,67.36,C,0,Normal learning experience,Neutral
4396,Vijay Reddy,27,Male,0.96,53.14,0.79,4,34,0,71.96,B,0,Very engaging and informative,Positive
4397,Suresh Iyer,25,Male,0.97,41.95,0.39,5,22,9,52.97,D,0,Very confusing content,Negative
4398,Divya Patel,29,Female,1,47.32,0.45,6,40,9,58.13,C,0,Okay course,Neutral
4399,Arun Gupta,26,Male,0.72,76.77,0.38,8,1,6,55.62,C,0,Nothing special,Neutral
4400,Ravi Nair,21,Male,0.59,45.21,0.54,7,10,9,55.18,C,0,Normal learning experience,Neutral
4401,Sneha Singh,21,Male,0.7,23.32,0.73,6,42,9,61.14,C,0,Average experience,Neutral
4402,Sneha Sharma,28,Male,0.56,43.38,0.86,9,29,5,69.22,C,0,Normal learning experience,Neutral
4403,Divya Sharma,28,Female,0.88,39.78,0.53,6,14,6,54.55,D,0,Poor explanations,Negative
4404,Anjali Reddy,29,Female,0.92,58.06,0.61,9,16,6,71.91,B,0,Loved the teaching style,Positive
4405,Anjali Patel,25,Female,0.57,48.66,0.85,5,40,0,68.58,C,0,Average experience,Neutral
4406,Sneha Patel,22,Female,0.79,38.09,0.33,8,38,9,58.45,C,0,Okay course,Neutral
4407,Meena Iyer,21,Male,0.56,33.86,1,8,38,8,62.45,C,0,Nothing special,Neutral
4408,Rahul Verma,18,Male,0.99,40.78,0.7,6,2,8,61.24,C,0,Average experience,Neutral
4409,Meena Patel,29,Male,0.88,35.42,0.87,7,29,7,73.3,B,0,Excellent platform for learning,Positive
4410,Kavya Singh,27,Female,0.79,39.41,0.7,9,49,0,71.69,B,0,Excellent platform for learning,Positive
4411,Meena Patel,22,Female,0.64,53.45,0.5,6,0,7,54.45,D,0,Waste of time,Negative
4412,Karthik Reddy,18,Male,0.82,40.26,0.79,3,45,9,67.76,C,0,Can be improved,Neutral
4413,Suresh Das,20,Female,0.83,45.89,1,9,19,5,73.95,B,0,Helped me improve a lot,Positive
4414,Suresh Sharma,25,Female,0.64,19.13,0.86,3,40,4,58.54,C,0,Average experience,Neutral
4415,Rahul Patel,30,Female,0.8,60.81,0.44,3,27,0,56.71,C,0,Okay course,Neutral
4416,Ravi Patel,28,Male,0.62,64.11,0.54,8,32,1,62.7,C,0,Normal learning experience,Neutral
4417,Anjali Verma,27,Male,0.74,20.83,0.4,7,15,2,48.26,D,0,Waste of time,Negative
4418,Vijay Reddy,23,Male,0.27,32.23,0.75,5,40,0,44.76,D,0,Too difficult to follow,Negative
4419,Suresh Sharma,22,Male,0.55,35.53,0.9,3,23,9,58.2,C,0,Can be improved,Neutral
4420,Arun Sharma,19,Female,0.75,40.57,0.65,6,37,0,66.71,C,0,Okay course,Neutral
4421,Vijay Nair,27,Female,0.6,63.3,0.71,7,1,2,63.81,C,0,Okay course,Neutral
4422,Kavya Sharma,28,Male,0.93,15.5,0.7,9,3,7,71.85,B,0,Very engaging and informative,Positive
4423,Vijay Kumar,29,Male,0.59,45.38,0.57,7,19,5,61.53,C,0,Nothing special,Neutral
4424,Karthik Kumar,24,Female,0.53,17.65,0.68,7,46,3,55.74,C,0,Average experience,Neutral
4425,Kavya Nair,25,Male,0.74,60.61,0.68,3,1,3,52.11,D,0,Waste of time,Negative
4426,Rahul Singh,25,Male,0.73,46.08,0.57,5,24,9,61.97,C,0,Nothing special,Neutral
4427,Divya Gupta,20,Female,0.29,45.64,0.75,8,16,4,57.14,C,0,Normal learning experience,Neutral
4428,Kavya Verma,21,Male,0.6,38.19,0.75,8,35,0,58.82,C,0,Okay course,Neutral
4429,Arun Iyer,19,Female,0.7,56.08,0.56,5,28,1,54.44,D,0,Very confusing content,Negative
4430,Priya Gupta,30,Female,1,54.33,0.8,4,24,1,73.81,B,0,Very engaging and informative,Positive
4431,Ravi Kumar,25,Male,0.34,43.2,0.17,5,23,4,22.27,Fail,0,Too difficult to follow,Negative
4432,Arun Nair,19,Male,0.52,63.6,1,8,20,2,72.45,B,0,Very engaging and informative,Positive
4433,Suresh Iyer,27,Male,0.41,35.71,0.61,6,27,2,45.96,D,0,Poor explanations,Negative
4434,Arun Iyer,25,Male,0.91,33.35,0.82,4,8,2,64.21,C,0,Can be improved,Neutral
4435,Karthik Gupta,18,Female,0.76,25.61,0.91,3,36,6,68.75,C,0,Nothing special,Neutral
4436,Divya Reddy,19,Male,0.91,61.83,0.97,4,31,5,77.04,B,0,Excellent platform for learning,Positive
4437,Kavya Singh,21,Male,0.54,26.68,0.77,8,20,8,57.81,C,0,Average experience,Neutral
4438,Priya Reddy,19,Male,0.79,19.95,0.67,4,3,4,63.76,C,0,Average experience,Neutral
4439,Anjali Iyer,23,Female,0.82,16.79,0.5,9,5,9,58.38,C,0,Okay course,Neutral
4440,Suresh Sharma,19,Male,0.85,52.47,0.89,5,6,9,69.68,C,0,Nothing special,Neutral
4441,Suresh Iyer,25,Female,0.51,60.78,0.69,9,48,8,64.94,C,0,Normal learning experience,Neutral
4442,Suresh Kumar,25,Female,0.49,45.53,0.54,9,48,3,59.5,C,0,Can be improved,Neutral
4443,Karthik Verma,27,Female,1,42.28,0.83,4,30,4,78.24,B,0,Loved the teaching style,Positive
4444,Sneha Sharma,19,Male,0.68,44.59,0.51,8,19,1,59.67,C,0,Nothing special,Neutral
4445,Meena Reddy,29,Female,0.76,36.04,0.36,6,11,3,47.93,D,0,Very confusing content,Negative
4446,Suresh Das,21,Male,0.81,66.26,0.7,8,23,4,74.14,B,0,Excellent platform for learning,Positive
4447,Rahul Patel,24,Female,0.68,27.8,0.66,5,13,3,48.45,D,0,Too difficult to follow,Negative
4448,Kavya Nair,23,Female,0.8,3.38,0.71,5,14,2,56.84,C,0,Normal learning experience,Neutral
4449,Vijay Singh,21,Male,0.49,14.2,0.73,4,14,7,36.46,Fail,1,Too difficult to follow,Negative
4450,Divya Iyer,24,Female,1,49.11,0.8,3,20,8,67.46,C,0,Nothing special,Neutral
4451,Meena Iyer,26,Female,0.9,23.85,0.79,3,7,1,57.92,C,0,Okay course,Neutral
4452,Priya Sharma,30,Female,0.67,51.95,0.86,7,41,6,77.58,B,0,Very engaging and informative,Positive
4453,Priya Sharma,21,Male,0.72,38.49,0.76,8,3,3,60.76,C,0,Average experience,Neutral
4454,Karthik Singh,29,Female,0.54,12.12,0.92,3,32,8,52.62,D,0,Waste of time,Negative
4455,Sneha Nair,28,Male,0.79,52.59,1,3,34,8,77.84,B,0,Very engaging and informative,Positive
4456,Vijay Reddy,21,Male,0.68,30.11,0.65,8,46,2,64.2,C,0,Nothing special,Neutral
4457,Meena Kumar,30,Female,0.71,54.69,0.75,8,29,4,62.24,C,0,Can be improved,Neutral
4458,Kavya Nair,30,Male,0.74,25.1,0.7,7,38,1,57.95,C,0,Nothing special,Neutral
4459,Suresh Nair,20,Female,0.63,31.01,0.67,3,41,7,63.23,C,0,Average experience,Neutral
4460,Suresh Singh,25,Female,0.7,56.87,0.53,6,33,0,53.07,D,0,Poor explanations,Negative
4461,Ravi Iyer,30,Female,0.99,42.38,0.54,9,3,1,63.31,C,0,Can be improved,Neutral
4462,Divya Das,21,Male,0.79,45.8,0.77,9,5,8,60.57,C,0,Can be improved,Neutral
4463,Karthik Verma,22,Male,0.64,47.29,0.47,4,6,4,50.21,D,0,Waste of time,Negative
4464,Ravi Kumar,29,Male,1,44.95,0.49,3,19,6,64.42,C,0,Can be improved,Neutral
4465,Arun Sharma,23,Female,0.85,28.48,0.33,9,48,4,61.16,C,0,Average experience,Neutral
4466,Priya Kumar,22,Female,0.56,38.74,0.69,9,3,6,59.97,C,0,Can be improved,Neutral
4467,Rahul Das,28,Female,0.62,35.36,0.41,3,1,8,46.27,D,0,Very confusing content,Negative
4468,Arun Patel,21,Female,0.92,66.54,0.74,7,13,8,75.81,B,0,Excellent platform for learning,Positive
4469,Priya Nair,28,Male,0.75,47.35,0.59,4,7,6,50.11,D,0,Too difficult to follow,Negative
4470,Arun Reddy,19,Female,0.93,50.96,1,6,14,4,76.92,B,0,Excellent platform for learning,Positive
4471,Meena Singh,19,Male,0.71,32.44,0.31,6,49,0,51.91,D,0,Poor explanations,Negative
4472,Arun Gupta,28,Male,0.64,44.36,1,5,2,0,67.39,C,0,Okay course,Neutral
4473,Arun Patel,24,Male,0.66,36.67,0.68,3,48,9,60.71,C,0,Normal learning experience,Neutral
4474,Priya Kumar,29,Male,0.8,31.14,0.84,9,36,9,67.64,C,0,Okay course,Neutral
4475,Suresh Verma,20,Male,0.66,36.99,0.69,5,12,8,55.28,C,0,Nothing special,Neutral
4476,Vijay Gupta,25,Female,0.79,14.51,0.6,6,36,0,55.96,C,0,Can be improved,Neutral
4477,Anjali Kumar,22,Male,0.96,28.85,0.7,4,39,8,65.26,C,0,Average experience,Neutral
4478,Ravi Sharma,24,Female,0.84,23,0.75,4,43,7,57.88,C,0,Okay course,Neutral
4479,Arun Iyer,27,Female,0.81,51.6,0.66,6,13,2,60.72,C,0,Normal learning experience,Neutral
4480,Suresh Kumar,28,Female,0.81,21.86,0.83,3,47,6,65.52,C,0,Average experience,Neutral
4481,Karthik Nair,28,Female,0.62,45.72,0.95,4,45,0,74.58,B,0,Great course and very helpful,Positive
4482,Priya Reddy,20,Female,0.54,32.09,0.69,8,47,7,64.16,C,0,Average experience,Neutral
4483,Kavya Das,18,Male,0.99,64.49,0.81,8,35,2,79.29,B,0,Excellent platform for learning,Positive
4484,Arun Singh,30,Female,0.78,29.26,0.17,5,31,0,41.87,D,0,Waste of time,Negative
4485,Ravi Nair,18,Female,0.52,35,0.6,6,1,6,47.96,D,0,Waste of time,Negative
4486,Vijay Sharma,20,Female,0.77,43.51,0.53,9,36,5,67.41,C,0,Nothing special,Neutral
4487,Priya Iyer,30,Female,1,50.31,0.83,7,21,8,68.19,C,0,Okay course,Neutral
4488,Divya Singh,21,Male,1,40.98,0.67,7,22,5,63.16,C,0,Okay course,Neutral
4489,Anjali Gupta,20,Female,0.72,38.87,0.71,3,29,6,70.43,B,0,Great course and very helpful,Positive
4490,Karthik Gupta,24,Female,0.85,50.1,1,6,44,7,79.26,B,0,Excellent platform for learning,Positive
4491,Priya Patel,19,Male,0.98,37.86,1,3,5,3,74.21,B,0,Loved the teaching style,Positive
4492,Karthik Sharma,27,Male,0.76,40.84,1,5,25,6,68.29,C,0,Average experience,Neutral
4493,Rahul Patel,27,Male,0.86,55.27,0.25,9,37,2,62.41,C,0,Normal learning experience,Neutral
4494,Rahul Nair,28,Female,0.7,19.68,0.71,4,41,0,61.69,C,0,Can be improved,Neutral
4495,Rahul Nair,24,Male,0.86,8.33,0.52,6,7,0,44.05,D,0,Waste of time,Negative
4496,Arun Gupta,19,Female,0.96,55.42,0.51,5,10,6,65.1,C,0,Average experience,Neutral
4497,Divya Gupta,22,Female,0.97,46.51,0.66,5,9,3,69.11,C,0,Okay course,Neutral
4498,Sneha Nair,20,Male,1,35.81,0.64,9,5,2,63.91,C,0,Normal learning experience,Neutral
4499,Kavya Reddy,23,Female,0.7,31.29,0.5,7,30,9,45.94,D,0,Not useful at all,Negative
4500,Divya Kumar,24,Male,1,61.86,0.72,6,21,8,81.97,B,0,Excellent platform for learning,Positive
4501,Rahul Gupta,18,Male,0.68,56.11,0.88,4,13,3,68.58,C,0,Normal learning experience,Neutral
4502,Priya Gupta,24,Female,1,24.26,0.61,9,29,6,59.94,C,0,Okay course,Neutral
4503,Arun Kumar,27,Female,0.96,43.8,1,8,48,3,82.74,B,0,Loved the teaching style,Positive
4504,Priya Iyer,22,Female,0.81,25.27,0.53,5,37,7,70.41,B,0,Helped me improve a lot,Positive
4505,Karthik Reddy,20,Female,0.75,36.26,0.93,5,11,3,62.58,C,0,Nothing special,Neutral
4506,Divya Reddy,29,Male,0.77,28.77,0.52,4,21,2,60.15,C,0,Okay course,Neutral
4507,Arun Das,30,Female,1,49.61,0.63,4,16,7,72.25,B,0,Very engaging and informative,Positive
4508,Divya Gupta,20,Male,0.8,46.98,0.8,3,21,8,75.58,B,0,Excellent platform for learning,Positive
4509,Sneha Gupta,26,Female,0.61,37.14,0.35,3,39,2,43.76,D,0,Very confusing content,Negative
4510,Suresh Nair,28,Female,0.71,38.58,0.98,6,5,5,71.71,B,0,Helped me improve a lot,Positive
4511,Priya Kumar,18,Male,0.73,16.49,0.28,8,27,8,44.15,D,0,Waste of time,Negative
4512,Vijay Das,21,Female,0.53,2.56,0.63,8,2,1,46.04,D,0,Too difficult to follow,Negative
4513,Arun Patel,18,Male,0.61,26.3,0.67,9,38,6,59.96,C,0,Okay course,Neutral
4514,Meena Singh,20,Female,0.47,77.18,0.88,5,32,7,75.45,B,0,Helped me improve a lot,Positive
4515,Anjali Gupta,27,Female,0.88,75.14,0.8,3,18,6,71.47,B,0,Loved the teaching style,Positive
4516,Anjali Das,23,Female,0.75,38.25,0.56,7,46,8,64.92,C,0,Okay course,Neutral
4517,Rahul Das,23,Male,0.72,24.1,0.7,4,35,1,63.19,C,0,Average experience,Neutral
4518,Meena Das,25,Male,0.36,63.28,0.83,4,27,8,57.93,C,0,Okay course,Neutral
4519,Divya Nair,29,Male,0.96,31.99,0.67,9,2,3,62.53,C,0,Average experience,Neutral
4520,Rahul Patel,19,Male,1,42.42,1,3,1,3,78.13,B,0,Excellent platform for learning,Positive
4521,Priya Iyer,29,Female,0.91,61.57,0.81,9,29,8,84.48,B,0,Excellent platform for learning,Positive
4522,Divya Das,21,Male,0.59,5.52,0.66,8,19,4,53.67,D,0,Waste of time,Negative
4523,Meena Reddy,27,Female,0.96,36.82,0.58,9,41,7,64.06,C,0,Normal learning experience,Neutral
4524,Ravi Sharma,22,Male,0.94,36.86,0.58,7,7,4,58.11,C,0,Normal learning experience,Neutral
4525,Kavya Verma,30,Female,0.75,43.08,0.35,7,29,2,51.01,D,0,Poor explanations,Negative
4526,Kavya Gupta,19,Female,0.77,41.35,0.29,5,6,0,47.25,D,0,Too difficult to follow,Negative
4527,Kavya Gupta,26,Male,0.5,49.96,0.27,9,25,3,40.93,D,0,Too difficult to follow,Negative
4528,Ravi Kumar,23,Male,0.83,41.45,0.56,9,32,6,56.93,C,0,Nothing special,Neutral
4529,Suresh Nair,27,Female,0.49,8.51,0.77,9,27,3,50.73,D,1,Too difficult to follow,Negative
4530,Sneha Das,26,Female,1,62.64,0.82,7,11,3,80.16,B,0,Great course and very helpful,Positive
4531,Ravi Verma,23,Female,0.57,64.2,0.75,6,24,8,58.94,C,0,Can be improved,Neutral
4532,Meena Reddy,24,Female,0.69,35.11,0.78,9,10,2,67.79,C,0,Can be improved,Neutral
4533,Rahul Patel,30,Female,1,59.94,0.82,5,8,2,83.23,B,0,Helped me improve a lot,Positive
4534,Suresh Verma,29,Female,0.74,73.92,0.72,4,29,6,64.59,C,0,Normal learning experience,Neutral
4535,Rahul Sharma,19,Female,0.94,52.92,1,6,0,6,66.57,C,0,Okay course,Neutral
4536,Sneha Verma,22,Male,0.79,15.77,0.34,8,6,1,56.67,C,0,Okay course,Neutral
4537,Rahul Sharma,22,Male,1,62.46,0.59,7,15,8,65.45,C,0,Nothing special,Neutral
4538,Karthik Kumar,25,Male,0.58,68.8,0.51,6,7,9,52.76,D,0,Very confusing content,Negative
4539,Karthik Sharma,18,Female,0.78,40.75,0.57,4,10,5,52.51,D,0,Waste of time,Negative
4540,Meena Kumar,27,Male,0.56,53.92,0.64,4,32,6,58.73,C,0,Nothing special,Neutral
4541,Rahul Nair,25,Female,0.61,42.71,0.76,9,15,0,67.16,C,0,Okay course,Neutral
4542,Sneha Patel,28,Female,0.91,53.98,0.64,8,44,1,70.51,B,0,Great course and very helpful,Positive
4543,Kavya Reddy,22,Male,0.56,54.72,0.96,9,43,5,68.65,C,0,Normal learning experience,Neutral
4544,Arun Nair,24,Female,0.88,35.92,0.78,8,37,2,66.24,C,0,Normal learning experience,Neutral
4545,Meena Kumar,30,Male,0.18,54.15,0.74,7,34,5,54.96,D,0,Poor explanations,Negative
4546,Suresh Patel,22,Female,0.94,35.16,0.69,5,38,3,71.88,B,0,Excellent platform for learning,Positive
4547,Ravi Sharma,23,Male,0.69,55.17,0.46,9,9,0,64.61,C,0,Normal learning experience,Neutral
4548,Sneha Kumar,20,Female,0.81,40.8,0.64,8,15,1,61.93,C,0,Nothing special,Neutral
4549,Rahul Reddy,20,Male,0.56,28.01,1,8,27,4,81.89,B,0,Very engaging and informative,Positive
4550,Suresh Patel,29,Female,0.67,68.37,0.65,6,49,1,78.83,B,0,Helped me improve a lot,Positive
4551,Meena Gupta,29,Female,0.58,49.58,0.73,9,25,6,65.28,C,0,Normal learning experience,Neutral
4552,Ravi Reddy,22,Male,0.83,52.45,0.96,8,7,4,74.65,B,0,Excellent platform for learning,Positive
4553,Suresh Das,25,Female,0.73,17.43,0.53,9,14,7,56.65,C,0,Nothing special,Neutral
4554,Rahul Iyer,24,Male,0.61,57.08,0.94,7,4,1,60.19,C,0,Nothing special,Neutral
4555,Suresh Gupta,21,Male,0.96,36.29,0.97,8,13,3,77.59,B,0,Great course and very helpful,Positive
4556,Ravi Das,29,Female,0.9,36.59,0.76,9,38,5,71.19,B,0,Very engaging and informative,Positive
4557,Sneha Iyer,29,Female,0.8,44.24,0.9,5,27,7,72.45,B,0,Excellent platform for learning,Positive
4558,Suresh Nair,23,Female,0.76,16.43,0.54,4,23,3,52.82,D,0,Too difficult to follow,Negative
4559,Vijay Patel,21,Female,0.98,21.37,0.74,8,11,7,62.67,C,0,Can be improved,Neutral
4560,Kavya Sharma,18,Female,0.88,31.74,0.61,9,43,2,63.58,C,0,Can be improved,Neutral
4561,Rahul Verma,28,Female,0.72,46.23,0.45,8,13,2,53.93,D,0,Not useful at all,Negative
4562,Sneha Nair,18,Female,0.85,46.34,0.67,6,13,3,58.77,C,0,Can be improved,Neutral
4563,Arun Nair,18,Female,0.57,46.86,0.55,8,22,7,50.63,D,0,Poor explanations,Negative
4564,Karthik Nair,30,Male,0.55,33.05,0.71,8,45,8,63.38,C,0,Average experience,Neutral
4565,Priya Gupta,24,Female,0.94,42.87,0.82,3,16,5,67.93,C,0,Okay course,Neutral
4566,Suresh Das,30,Male,0.62,13.3,0.79,9,11,1,54.44,D,0,Waste of time,Negative
4567,Arun Gupta,19,Male,1,37.53,0.58,7,3,1,60.51,C,0,Okay course,Neutral
4568,Ravi Iyer,28,Male,0.68,42.54,0.62,4,37,3,62.83,C,0,Normal learning experience,Neutral
4569,Karthik Reddy,28,Female,0.36,43.65,0.64,3,35,5,48.43,D,0,Very confusing content,Negative
4570,Rahul Nair,26,Female,0.92,61.46,0.93,5,42,7,84.15,B,0,Excellent platform for learning,Positive
4571,Sneha Verma,21,Female,0.71,54.95,0.58,6,12,7,61.58,C,0,Nothing special,Neutral
4572,Arun Iyer,20,Male,0.74,37.57,0.56,3,15,0,53.74,D,0,Poor explanations,Negative
4573,Vijay Singh,24,Female,0.86,36.02,0.73,5,12,2,63.59,C,0,Can be improved,Neutral
4574,Arun Das,18,Male,0.58,67.3,0.71,6,14,8,65.54,C,0,Average experience,Neutral
4575,Suresh Patel,18,Male,0.6,48.97,0.6,4,5,3,56.12,C,0,Normal learning experience,Neutral
4576,Suresh Iyer,20,Male,0.3,29.17,0.5,6,11,3,43.85,D,0,Poor explanations,Negative
4577,Arun Das,23,Male,0.51,48.31,0.64,7,9,1,58.38,C,0,Nothing special,Neutral
4578,Kavya Verma,30,Female,0.63,59.74,0.69,7,27,3,56.71,C,0,Average experience,Neutral
4579,Arun Kumar,18,Male,0.7,51.61,0.34,8,11,9,52.79,D,0,Waste of time,Negative
4580,Rahul Reddy,23,Female,0.73,19.8,0.7,7,4,1,57.34,C,0,Can be improved,Neutral
4581,Divya Verma,27,Female,0.57,48.58,0.84,4,45,9,64.2,C,0,Okay course,Neutral
4582,Divya Verma,27,Female,0.77,56.77,0.52,5,3,7,62.91,C,0,Average experience,Neutral
4583,Priya Kumar,29,Male,0.99,22.27,0.8,9,19,2,73.11,B,0,Excellent platform for learning,Positive
4584,Priya Kumar,19,Male,0.73,7.18,0.36,3,19,4,45.5,D,0,Not useful at all,Negative
4585,Divya Patel,19,Male,0.65,31.61,1,3,29,1,58.45,C,0,Okay course,Neutral
4586,Priya Sharma,20,Male,0.88,80.38,0.91,3,34,8,86.27,A,0,Great course and very helpful,Positive
4587,Anjali Das,26,Female,0.88,34.45,0.92,6,21,4,80.2,B,0,Loved the teaching style,Positive
4588,Ravi Das,25,Male,0.74,53.18,0.83,5,27,4,68.85,C,0,Okay course,Neutral
4589,Arun Singh,23,Female,0.63,65.07,0.46,9,0,4,60.4,C,0,Can be improved,Neutral
4590,Suresh Verma,26,Male,1,53.85,0.88,9,43,7,86.61,A,0,Helped me improve a lot,Positive
4591,Kavya Das,27,Female,0.77,26.07,0.42,9,4,6,52.77,D,0,Very confusing content,Negative
4592,Priya Das,21,Male,1,59.69,0.67,9,15,2,75.66,B,0,Loved the teaching style,Positive
4593,Meena Verma,23,Male,1,47.49,0.73,7,49,6,83.13,B,0,Great course and very helpful,Positive
4594,Priya Kumar,25,Male,0.86,39.14,0.47,7,47,3,65.04,C,0,Nothing special,Neutral
4595,Meena Sharma,21,Female,0.77,29.34,0.42,8,27,7,48.52,D,0,Not useful at all,Negative
4596,Divya Verma,27,Male,0.63,36.09,0.87,3,21,0,56.92,C,0,Nothing special,Neutral
4597,Arun Sharma,30,Male,0.63,48.88,0.84,9,0,9,62.01,C,0,Can be improved,Neutral
4598,Arun Patel,28,Male,0.85,15.94,0.55,4,31,4,54.58,D,0,Waste of time,Negative
4599,Karthik Nair,23,Female,0.95,35.85,0.49,4,30,0,65.45,C,0,Normal learning experience,Neutral
4600,Meena Kumar,22,Male,0.98,25.23,0.78,9,44,3,67.18,C,0,Average experience,Neutral
4601,Ravi Nair,24,Male,0.5,40.37,0.77,9,2,6,58.65,C,0,Normal learning experience,Neutral
4602,Kavya Kumar,21,Male,0.72,47.99,0.46,4,40,2,63.49,C,0,Average experience,Neutral
4603,Sneha Kumar,23,Female,0.62,39.82,0.36,6,22,3,47.89,D,0,Not useful at all,Negative
4604,Kavya Singh,22,Female,0.65,12.35,0.95,3,24,6,57.78,C,0,Can be improved,Neutral
4605,Ravi Das,30,Male,0.53,35.65,0.74,7,43,5,62.08,C,0,Nothing special,Neutral
4606,Ravi Sharma,24,Female,0.79,41.65,0.31,9,11,9,62.35,C,0,Nothing special,Neutral
4607,Divya Verma,22,Male,0.27,46.68,0.54,4,41,5,51.52,D,0,Poor explanations,Negative
4608,Kavya Singh,28,Female,0.37,42.08,0.84,3,33,5,55.58,C,0,Average experience,Neutral
4609,Rahul Verma,25,Male,0.62,29.32,0.43,4,35,4,40.09,D,0,Waste of time,Negative
4610,Kavya Singh,26,Male,0.49,44.54,0.39,4,36,9,51.99,D,0,Not useful at all,Negative
4611,Meena Kumar,28,Male,0.64,47.7,0.59,4,38,1,57.1,C,0,Nothing special,Neutral
4612,Divya Verma,26,Female,0.56,24.92,0.63,8,29,8,48.1,D,0,Poor explanations,Negative
4613,Rahul Gupta,30,Female,0.89,40.46,0.78,7,27,7,75.74,B,0,Great course and very helpful,Positive
4614,Anjali Gupta,22,Male,0.78,22.53,0.96,9,24,6,65.57,C,0,Can be improved,Neutral
4615,Ravi Gupta,26,Male,0.59,44.65,0.65,5,35,3,61.71,C,0,Nothing special,Neutral
4616,Vijay Das,30,Female,0.6,22.39,0.4,4,19,3,40.49,D,0,Not useful at all,Negative
4617,Meena Gupta,26,Female,0.65,34.83,0.81,5,35,8,61.86,C,0,Okay course,Neutral
4618,Priya Iyer,19,Female,0.76,49.87,0.52,3,25,7,59.32,C,0,Can be improved,Neutral
4619,Sneha Reddy,22,Female,0.37,4.24,0.52,3,9,2,26.38,Fail,1,Waste of time,Negative
4620,Ravi Nair,25,Male,0.54,49.96,0.87,5,45,5,68.29,C,0,Average experience,Neutral
4621,Divya Kumar,21,Female,0.74,36.28,0.66,4,29,2,64.58,C,0,Nothing special,Neutral
4622,Arun Kumar,23,Male,1,28.93,0.66,6,3,0,56.08,C,0,Average experience,Neutral
4623,Meena Patel,19,Female,0.88,23.04,0.94,8,34,4,67.47,C,0,Average experience,Neutral
4624,Sneha Reddy,25,Female,0.69,42.38,0.98,4,37,6,66.72,C,0,Normal learning experience,Neutral
4625,Ravi Das,27,Male,0.58,42.21,0.73,5,1,6,46.46,D,0,Too difficult to follow,Negative
4626,Anjali Kumar,26,Female,0.65,68.58,0.57,8,7,9,57.44,C,0,Okay course,Neutral
4627,Kavya Verma,30,Male,0.81,20.36,0.72,5,22,1,61.23,C,0,Nothing special,Neutral
4628,Vijay Nair,30,Female,0.82,58.15,0.71,9,20,0,75.96,B,0,Loved the teaching style,Positive
4629,Ravi Gupta,20,Female,0.98,24.34,0.31,6,12,9,51.93,D,0,Too difficult to follow,Negative
4630,Suresh Nair,30,Female,0.88,44.73,0.58,4,31,4,72.27,B,0,Helped me improve a lot,Positive
4631,Ravi Singh,26,Male,0.87,51.19,0.66,8,49,8,74.16,B,0,Very engaging and informative,Positive
4632,Rahul Nair,22,Male,0.94,51.66,0.72,7,48,2,76.66,B,0,Great course and very helpful,Positive
4633,Priya Iyer,29,Male,0.92,56.07,0.58,8,22,9,73.41,B,0,Helped me improve a lot,Positive
4634,Anjali Iyer,23,Female,1,46.4,0.74,8,26,1,74.1,B,0,Very engaging and informative,Positive
4635,Arun Iyer,22,Male,0.62,38.55,0.63,3,22,8,56.27,C,0,Average experience,Neutral
4636,Meena Verma,30,Male,0.87,28.61,0.48,9,8,7,53.65,D,0,Very confusing content,Negative
4637,Meena Kumar,23,Male,0.47,35.26,0.75,6,12,7,48.82,D,0,Too difficult to follow,Negative
4638,Arun Gupta,30,Female,0.54,49.53,0.31,7,12,5,45.26,D,0,Not useful at all,Negative
4639,Sneha Singh,26,Female,0.85,38.64,0.92,9,11,1,65.18,C,0,Nothing special,Neutral
4640,Divya Singh,26,Female,0.89,43.28,1,4,26,5,70.53,B,0,Excellent platform for learning,Positive
4641,Suresh Patel,20,Male,0.86,47.94,0.77,8,47,2,71.76,B,0,Loved the teaching style,Positive
4642,Suresh Das,29,Female,0.51,48.64,0.85,6,40,9,58.17,C,0,Can be improved,Neutral
4643,Rahul Verma,29,Female,0.88,36.08,0.78,3,40,3,64.59,C,0,Okay course,Neutral
4644,Sneha Gupta,18,Male,0.83,63.58,0.63,5,34,7,66.15,C,0,Okay course,Neutral
4645,Sneha Kumar,27,Female,0.79,33.35,0.84,3,15,6,63.99,C,0,Normal learning experience,Neutral
4646,Karthik Nair,25,Male,0.59,58.6,0.7,9,6,9,50.63,D,0,Very confusing content,Negative
4647,Sneha Kumar,25,Female,0.56,44.28,1,6,30,6,67.39,C,0,Average experience,Neutral
4648,Sneha Nair,22,Female,0.92,38.71,0.78,6,36,2,76.69,B,0,Helped me improve a lot,Positive
4649,Kavya Verma,20,Male,0.97,45.1,0.74,7,35,7,74.46,B,0,Very engaging and informative,Positive
4650,Meena Nair,24,Female,0.46,29.92,0.89,8,9,4,57.52,C,0,Okay course,Neutral
4651,Vijay Nair,26,Male,0.91,56.2,0.66,3,40,0,71.27,B,0,Loved the teaching style,Positive
4652,Anjali Nair,30,Male,0.79,39.14,0.69,8,49,9,74.98,B,0,Helped me improve a lot,Positive
4653,Kavya Singh,24,Female,0.92,43.42,0.78,8,43,3,86.26,A,0,Loved the teaching style,Positive
4654,Priya Gupta,27,Female,0.97,38.79,0.65,3,42,8,72.53,B,0,Very engaging and informative,Positive
4655,Divya Verma,19,Female,0.68,27.35,0.39,4,37,9,54.53,D,0,Too difficult to follow,Negative
4656,Priya Patel,21,Female,0.78,26.79,0.73,9,43,8,74.95,B,0,Loved the teaching style,Positive
4657,Anjali Gupta,21,Male,0.45,40.29,0.81,5,27,5,59.42,C,0,Nothing special,Neutral
4658,Meena Patel,26,Male,1,75.67,0.78,3,38,3,72.54,B,0,Very engaging and informative,Positive
4659,Ravi Singh,26,Male,0.96,33.59,0.68,8,13,0,62.39,C,0,Okay course,Neutral
4660,Divya Verma,26,Female,0.69,35.86,0.75,8,25,5,56.26,C,0,Average experience,Neutral
4661,Ravi Singh,21,Male,0.89,12.1,0.84,8,22,7,65.49,C,0,Average experience,Neutral
4662,Kavya Verma,24,Male,0.66,33.59,0.94,9,43,5,68.77,C,0,Okay course,Neutral
4663,Divya Verma,24,Male,0.88,27.36,0.56,4,33,9,56.83,C,0,Normal learning experience,Neutral
4664,Priya Reddy,30,Male,0.75,40.69,0.41,6,9,0,52.46,D,0,Not useful at all,Negative
4665,Rahul Gupta,29,Female,0.6,57.32,0.56,7,0,3,59.99,C,0,Normal learning experience,Neutral
4666,Suresh Gupta,20,Male,0.94,11.9,0.57,9,16,4,67.78,C,0,Nothing special,Neutral
4667,Divya Nair,25,Female,0.92,35.87,0.62,9,37,1,74.14,B,0,Helped me improve a lot,Positive
4668,Meena Sharma,18,Male,0.82,37.38,0.88,4,30,5,61.39,C,0,Normal learning experience,Neutral
4669,Vijay Nair,18,Female,0.81,23.1,1,9,35,9,71.21,B,0,Very engaging and informative,Positive
4670,Karthik Iyer,30,Male,0.59,62.62,0.72,6,24,7,66.93,C,0,Nothing special,Neutral
4671,Rahul Reddy,25,Male,0.83,11.23,0.65,8,14,1,55.66,C,0,Okay course,Neutral
4672,Vijay Reddy,28,Female,0.58,18.56,0.48,3,9,0,32.84,Fail,0,Very confusing content,Negative
4673,Rahul Iyer,29,Female,0.58,33.62,0.53,4,18,7,43.31,D,0,Too difficult to follow,Negative
4674,Meena Patel,24,Female,1,70,0.75,8,4,0,75.02,B,0,Helped me improve a lot,Positive
4675,Rahul Das,20,Male,0.59,59.11,0.56,8,8,2,45.23,D,0,Too difficult to follow,Negative
4676,Meena Patel,27,Female,0.72,31.12,0.73,4,44,0,60.78,C,0,Normal learning experience,Neutral
4677,Kavya Verma,26,Female,0.82,42.86,0.7,7,37,1,61.59,C,0,Okay course,Neutral
4678,Sneha Patel,20,Female,0.79,25.68,0.7,6,18,1,62.55,C,0,Nothing special,Neutral
4679,Meena Patel,28,Male,1,49.43,0.62,4,17,2,66.36,C,0,Normal learning experience,Neutral
4680,Ravi Singh,23,Female,0.74,50.86,0.61,9,19,1,61.54,C,0,Average experience,Neutral
4681,Priya Das,25,Female,0.71,54.18,0.19,4,42,3,48.91,D,0,Not useful at all,Negative
4682,Vijay Singh,24,Male,0.56,55.4,0.42,6,11,3,54.66,D,0,Not useful at all,Negative
4683,Meena Das,18,Female,0.79,34.31,0.49,4,45,7,61.05,C,0,Okay course,Neutral
4684,Karthik Iyer,18,Male,0.79,27.27,0.7,7,35,7,64.89,C,0,Nothing special,Neutral
4685,Rahul Iyer,26,Female,0.78,25.9,0.37,8,30,9,58.15,C,0,Can be improved,Neutral
4686,Karthik Singh,28,Male,0.98,56.85,0.87,4,46,6,79.83,B,0,Very engaging and informative,Positive
4687,Divya Reddy,27,Female,0.83,18.2,0.67,8,10,0,54.51,D,0,Waste of time,Negative
4688,Kavya Reddy,20,Male,0.58,65.21,0.43,7,39,3,60.13,C,0,Nothing special,Neutral
4689,Rahul Singh,20,Male,0.53,53.13,1,5,44,9,71.4,B,0,Helped me improve a lot,Positive
4690,Priya Gupta,25,Female,0.8,54.44,0.72,9,22,7,75.9,B,0,Excellent platform for learning,Positive
4691,Kavya Verma,22,Female,0.63,52.59,0.57,4,44,1,58.21,C,0,Nothing special,Neutral
4692,Rahul Kumar,26,Male,0.65,32.6,0.39,9,11,0,51.48,D,0,Poor explanations,Negative
4693,Kavya Patel,26,Male,0.81,28.57,0.89,3,22,7,69.08,C,0,Normal learning experience,Neutral
4694,Sneha Verma,25,Female,0.68,54.86,0.46,8,23,9,51.2,D,0,Very confusing content,Negative
4695,Kavya Kumar,30,Male,0.52,49.93,0.71,5,7,9,43.07,D,0,Too difficult to follow,Negative
4696,Ravi Verma,30,Male,0.57,22.66,0.76,5,44,9,60.31,C,0,Can be improved,Neutral
4697,Meena Kumar,23,Female,0.68,44.12,0.93,3,25,0,69.28,C,0,Okay course,Neutral
4698,Anjali Gupta,18,Female,1,50.07,0.63,8,5,9,72.84,B,0,Loved the teaching style,Positive
4699,Ravi Sharma,30,Female,0.8,31.95,0.76,8,25,8,61.61,C,0,Nothing special,Neutral
4700,Sneha Reddy,24,Male,0.78,33.26,0.27,7,18,1,49.59,D,0,Not useful at all,Negative
4701,Anjali Reddy,28,Female,0.84,16.97,0.66,6,3,6,59.9,C,0,Normal learning experience,Neutral
4702,Rahul Nair,23,Female,0.62,33.94,1,4,39,1,58.94,C,0,Okay course,Neutral
4703,Meena Verma,26,Female,0.64,23.33,0.85,4,28,9,58.01,C,0,Okay course,Neutral
4704,Priya Verma,28,Female,0.72,9.99,0.6,3,30,0,55.08,C,0,Average experience,Neutral
4705,Priya Sharma,22,Male,0.66,29.12,0.69,3,40,4,51.86,D,0,Waste of time,Negative
4706,Divya Kumar,23,Male,0.82,38.44,0.63,7,1,2,59.67,C,0,Can be improved,Neutral
4707,Kavya Sharma,26,Male,0.77,27.3,0.88,3,22,5,67.29,C,0,Normal learning experience,Neutral
4708,Priya Verma,22,Female,0.56,49.24,0.81,3,40,1,65.55,C,0,Normal learning experience,Neutral
4709,Sneha Nair,28,Male,0.74,45.96,1,9,27,4,77.99,B,0,Excellent platform for learning,Positive
4710,Divya Reddy,20,Female,0.63,34.2,0.71,5,29,2,62.42,C,0,Can be improved,Neutral
4711,Ravi Nair,19,Male,0.73,17.41,1,5,1,9,54.16,D,0,Waste of time,Negative
4712,Divya Iyer,30,Female,0.83,72.65,0.88,4,5,8,65.66,C,0,Can be improved,Neutral
4713,Ravi Iyer,18,Male,0.75,18.89,0.65,3,30,1,54.24,D,0,Not useful at all,Negative
4714,Karthik Gupta,25,Male,0.34,38.83,0.27,4,31,0,36.76,Fail,0,Poor explanations,Negative
4715,Ravi Gupta,22,Male,0.91,9.57,0.95,5,45,0,78.22,B,0,Helped me improve a lot,Positive
4716,Kavya Gupta,26,Male,0.97,44.14,0.77,5,7,2,64.33,C,0,Nothing special,Neutral
4717,Arun Sharma,25,Female,0.57,27.75,0.79,5,3,8,53.18,D,0,Poor explanations,Negative
4718,Priya Patel,21,Male,0.45,52.95,0.71,8,0,7,56.51,C,0,Normal learning experience,Neutral
4719,Karthik Sharma,18,Female,0.66,41.55,0.65,9,19,6,54.75,D,0,Not useful at all,Negative
4720,Anjali Patel,29,Female,0.86,41.82,0.59,4,46,8,68.04,C,0,Okay course,Neutral
4721,Sneha Reddy,25,Male,0.88,33.62,0.57,6,15,6,53,D,0,Too difficult to follow,Negative
4722,Anjali Nair,24,Male,0.39,7.95,1,6,34,5,46.54,D,1,Not useful at all,Negative
4723,Kavya Patel,19,Female,0.86,41.68,0.73,6,40,5,68.79,C,0,Average experience,Neutral
4724,Meena Patel,20,Female,0.84,47.6,0.95,5,4,7,62.98,C,0,Average experience,Neutral
4725,Sneha Sharma,24,Male,0.6,45.14,0.88,4,37,9,69.75,C,0,Average experience,Neutral
4726,Kavya Nair,19,Male,0.95,60.87,0.56,8,9,5,71.09,B,0,Excellent platform for learning,Positive
4727,Priya Patel,22,Female,0.6,32.89,0.96,8,25,1,69.71,C,0,Nothing special,Neutral
4728,Vijay Das,26,Male,0.51,61.67,0.67,7,12,6,59.43,C,0,Nothing special,Neutral
4729,Divya Sharma,25,Female,1,33.95,0.6,4,21,6,60.3,C,0,Nothing special,Neutral
4730,Vijay Reddy,30,Male,0.93,42.12,0.7,6,20,2,62.6,C,0,Average experience,Neutral
4731,Divya Kumar,29,Male,0.66,40.2,0.74,6,8,1,53.12,D,0,Very confusing content,Negative
4732,Anjali Patel,22,Female,0.87,74.89,0.83,7,43,9,88.28,A,0,Helped me improve a lot,Positive
4733,Arun Das,20,Female,0.76,56.8,0.83,6,36,0,63.32,C,0,Normal learning experience,Neutral
4734,Meena Singh,19,Male,0.85,60.76,0.91,8,43,8,74.51,B,0,Very engaging and informative,Positive
4735,Ravi Reddy,24,Female,0.5,40.97,0.54,6,3,7,48.92,D,0,Poor explanations,Negative
4736,Priya Patel,28,Female,0.63,39.87,0.81,8,18,9,57.03,C,0,Okay course,Neutral
4737,Anjali Gupta,28,Female,0.89,66.17,0.68,3,42,3,71.98,B,0,Excellent platform for learning,Positive
4738,Anjali Verma,29,Male,0.99,22.62,0.73,8,36,3,67.54,C,0,Normal learning experience,Neutral
4739,Sneha Das,20,Male,0.83,20.56,1,6,27,6,70.76,B,0,Loved the teaching style,Positive
4740,Sneha Nair,29,Female,0.73,44.58,0.61,8,26,9,53.23,D,0,Too difficult to follow,Negative
4741,Anjali Reddy,30,Male,0.72,60.3,0.55,4,49,3,61.83,C,0,Normal learning experience,Neutral
4742,Arun Gupta,27,Male,0.78,10.49,0.65,6,30,7,53.56,D,0,Waste of time,Negative
4743,Ravi Patel,18,Male,1,9.78,0.58,3,38,0,60.93,C,0,Nothing special,Neutral
4744,Rahul Verma,24,Male,0.61,27.12,1,6,46,9,74.21,B,0,Excellent platform for learning,Positive
4745,Ravi Patel,23,Male,0.52,40.67,0.94,5,9,6,49.08,D,0,Poor explanations,Negative
4746,Priya Sharma,18,Male,0.87,50.32,0.84,8,7,0,67.5,C,0,Okay course,Neutral
4747,Divya Patel,28,Male,0.15,26.77,0.59,7,15,2,31.78,Fail,0,Poor explanations,Negative
4748,Kavya Patel,29,Male,1,-13.89,0.75,8,5,3,49.43,D,0,Too difficult to follow,Negative
4749,Arun Reddy,18,Female,1,28.03,0.95,5,26,1,72.68,B,0,Great course and very helpful,Positive
4750,Vijay Iyer,26,Female,0.53,40.54,0.41,5,8,8,42.99,D,0,Very confusing content,Negative
4751,Vijay Das,25,Male,0.72,24.22,0.73,8,35,2,68.57,C,0,Nothing special,Neutral
4752,Anjali Das,21,Male,0.5,66.22,0.6,5,16,0,56.14,C,0,Can be improved,Neutral
4753,Suresh Reddy,30,Female,0.4,40.08,0.61,3,28,8,46.47,D,0,Very confusing content,Negative
4754,Karthik Kumar,20,Female,0.96,43.37,0.85,9,7,5,75.6,B,0,Loved the teaching style,Positive
4755,Meena Patel,27,Female,0.81,31.14,1,7,14,7,78.75,B,0,Very engaging and informative,Positive
4756,Vijay Nair,22,Male,0.93,37.74,0.64,8,27,5,66.9,C,0,Normal learning experience,Neutral
4757,Karthik Kumar,21,Male,0.98,21.8,0.86,9,1,6,59.53,C,0,Normal learning experience,Neutral
4758,Kavya Patel,29,Female,0.82,11.06,0.46,8,27,5,56.36,C,0,Average experience,Neutral
4759,Vijay Iyer,27,Female,0.44,35.96,0.66,6,11,1,52.04,D,0,Very confusing content,Negative
4760,Vijay Kumar,18,Male,1,65.77,0.72,3,20,5,68.34,C,0,Nothing special,Neutral
4761,Vijay Nair,27,Male,0.88,32.63,0.63,5,33,6,59.14,C,0,Can be improved,Neutral
4762,Vijay Gupta,19,Male,0.86,47.33,0.45,4,7,2,59.32,C,0,Normal learning experience,Neutral
4763,Priya Iyer,22,Male,0.81,42.05,0.82,5,19,7,68.59,C,0,Nothing special,Neutral
4764,Meena Gupta,18,Female,0.99,54.83,0.78,7,42,4,80.21,B,0,Great course and very helpful,Positive
4765,Rahul Kumar,24,Male,0.85,27.25,0.62,3,45,6,65.3,C,0,Normal learning experience,Neutral
4766,Anjali Kumar,20,Male,0.86,15.52,1,6,6,9,74.26,B,0,Helped me improve a lot,Positive
4767,Kavya Kumar,28,Male,0.85,43.38,0.98,4,41,2,62.95,C,0,Can be improved,Neutral
4768,Ravi Gupta,27,Male,0.38,50.22,0.57,7,30,4,52.82,D,0,Poor explanations,Negative
4769,Vijay Reddy,24,Male,0.89,36.69,0.92,4,41,6,72.64,B,0,Great course and very helpful,Positive
4770,Meena Gupta,22,Female,0.67,36.48,0.77,7,43,2,64.79,C,0,Okay course,Neutral
4771,Divya Kumar,28,Female,0.98,17.48,1,7,21,2,70.07,B,0,Helped me improve a lot,Positive
4772,Suresh Sharma,26,Female,0.71,36.48,0.92,9,20,2,57.84,C,0,Normal learning experience,Neutral
4773,Arun Gupta,27,Male,0.67,60.89,0.56,8,9,2,58.41,C,0,Normal learning experience,Neutral
4774,Meena Nair,24,Female,0.86,3.2,0.48,8,26,4,54.28,D,0,Not useful at all,Negative
4775,Kavya Das,21,Male,0.77,50.22,0.68,5,5,0,58.63,C,0,Can be improved,Neutral
4776,Suresh Iyer,27,Female,0.84,43.63,0.6,6,41,9,66.75,C,0,Can be improved,Neutral
4777,Karthik Das,23,Female,0.74,53.55,0.61,7,24,1,59.29,C,0,Average experience,Neutral
4778,Arun Reddy,27,Female,0.97,28.27,0.73,8,3,1,72.67,B,0,Very engaging and informative,Positive
4779,Meena Verma,27,Female,0.55,43.57,0.73,9,32,7,55.84,C,0,Can be improved,Neutral
4780,Priya Gupta,19,Female,0.8,40.58,0.6,6,15,6,56.8,C,0,Okay course,Neutral
4781,Divya Kumar,23,Female,0.87,46.86,0.59,5,23,5,58.26,C,0,Average experience,Neutral
4782,Divya Reddy,19,Male,0.66,46.47,0.59,7,20,1,59.89,C,0,Average experience,Neutral
4783,Meena Reddy,25,Female,0.6,36.58,0.3,9,27,0,54.38,D,0,Waste of time,Negative
4784,Sneha Gupta,20,Male,0.9,47.76,0.8,5,37,6,72.87,B,0,Very engaging and informative,Positive
4785,Meena Nair,30,Male,0.42,34.93,0.57,6,9,7,46.78,D,0,Very confusing content,Negative
4786,Arun Patel,29,Female,0.57,33.43,0.82,3,32,5,60.95,C,0,Normal learning experience,Neutral
4787,Kavya Nair,24,Female,0.71,26.3,1,6,15,2,63.77,C,0,Normal learning experience,Neutral
4788,Karthik Das,20,Female,0.33,39.91,0.83,5,46,9,58.16,C,0,Can be improved,Neutral
4789,Karthik Nair,27,Female,0.59,66.78,0.95,8,11,1,73.53,B,0,Helped me improve a lot,Positive
4790,Meena Das,29,Female,0.95,42.55,0.93,9,24,5,72.74,B,0,Helped me improve a lot,Positive
4791,Anjali Singh,21,Male,0.56,41.39,0.43,9,30,3,54.39,D,0,Waste of time,Negative
4792,Meena Das,27,Male,0.87,48.25,0.64,5,26,1,52.99,D,0,Very confusing content,Negative
4793,Ravi Reddy,20,Male,0.5,45.56,0.74,7,44,0,68.67,C,0,Normal learning experience,Neutral
4794,Meena Gupta,23,Male,1,40.95,0.48,7,41,7,71.5,B,0,Loved the teaching style,Positive
4795,Suresh Nair,30,Female,0.63,46.88,0.85,3,6,4,54.17,D,0,Waste of time,Negative
4796,Anjali Nair,29,Male,0.5,10.6,0.45,4,49,9,53.12,D,0,Poor explanations,Negative
4797,Anjali Das,23,Male,0.78,25.29,0.92,3,0,6,56.44,C,0,Average experience,Neutral
4798,Karthik Iyer,29,Male,0.79,63.64,0.96,4,35,3,73.76,B,0,Excellent platform for learning,Positive
4799,Rahul Reddy,28,Male,0.41,50.85,0.39,9,3,4,43.59,D,0,Poor explanations,Negative
4800,Rahul Das,21,Male,0.71,36.58,0.69,8,48,5,67.08,C,0,Okay course,Neutral
4801,Priya Kumar,26,Female,1,68.36,0.67,5,32,1,74.08,B,0,Very engaging and informative,Positive
4802,Karthik Verma,24,Male,0.53,40.08,1,9,16,9,62.67,C,0,Nothing special,Neutral
4803,Karthik Patel,30,Female,0.74,20.97,0.49,3,7,2,49.18,D,0,Very confusing content,Negative
4804,Vijay Das,27,Male,0.94,33.72,0.56,7,44,2,70.59,B,0,Great course and very helpful,Positive
4805,Anjali Gupta,19,Male,0.94,59.66,0.57,5,30,9,66.22,C,0,Average experience,Neutral
4806,Sneha Sharma,24,Female,0.61,34.23,0.85,6,39,8,56.39,C,0,Okay course,Neutral
4807,Meena Nair,25,Female,0.66,45.88,0.48,5,13,4,43.95,D,0,Waste of time,Negative
4808,Rahul Gupta,26,Female,0.61,30.37,0.59,8,18,5,47.15,D,0,Too difficult to follow,Negative
4809,Sneha Patel,19,Male,1,41.59,0.85,7,45,2,78.36,B,0,Excellent platform for learning,Positive
4810,Ravi Reddy,19,Male,0.7,58.8,0.59,4,1,0,52.21,D,0,Very confusing content,Negative
4811,Rahul Nair,28,Male,0.45,39.09,0.42,4,25,9,48.95,D,0,Very confusing content,Negative
4812,Suresh Verma,20,Male,0.79,30.74,0.77,4,30,4,61.24,C,0,Can be improved,Neutral
4813,Anjali Kumar,22,Male,0.64,50.36,0.6,7,10,8,61.36,C,0,Normal learning experience,Neutral
4814,Karthik Das,23,Male,0.16,31.19,0.38,7,35,5,36.74,Fail,0,Too difficult to follow,Negative
4815,Meena Iyer,24,Male,0.74,34.41,0.41,9,45,8,59.01,C,0,Average experience,Neutral
4816,Rahul Singh,20,Male,0.7,38.06,0.8,4,11,8,66.28,C,0,Normal learning experience,Neutral
4817,Sneha Reddy,19,Female,0.56,61.26,0.98,4,1,2,56,C,0,Nothing special,Neutral
4818,Vijay Gupta,24,Female,0.74,73.06,0.94,6,23,8,74.81,B,0,Great course and very helpful,Positive
4819,Ravi Nair,21,Female,0.75,38.36,0.54,8,46,4,63.79,C,0,Can be improved,Neutral
4820,Karthik Kumar,25,Female,0.99,82.84,0.54,5,43,0,78.77,B,0,Excellent platform for learning,Positive
4821,Ravi Gupta,20,Male,1,49.7,0.76,5,35,8,68.83,C,0,Average experience,Neutral
4822,Kavya Patel,28,Male,0.95,55.12,0.3,7,27,9,57.42,C,0,Normal learning experience,Neutral
4823,Vijay Kumar,18,Male,1,54.87,0.72,9,2,1,76.58,B,0,Very engaging and informative,Positive
4824,Kavya Reddy,19,Female,0.78,32.08,0.87,9,36,6,71.27,B,0,Very engaging and informative,Positive
4825,Arun Patel,27,Female,0.55,25.83,0.69,3,26,7,45.84,D,0,Waste of time,Negative
4826,Priya Sharma,21,Female,0.65,42.76,0.85,8,39,5,70.44,B,0,Great course and very helpful,Positive
4827,Suresh Iyer,19,Male,0.7,33.18,0.53,7,25,3,59.91,C,0,Nothing special,Neutral
4828,Arun Singh,23,Female,0.69,29.21,0.63,3,30,5,60.94,C,0,Normal learning experience,Neutral
4829,Suresh Gupta,25,Male,0.48,13.4,0.57,3,32,2,44.27,D,1,Waste of time,Negative
4830,Vijay Das,22,Male,0.52,43.73,0.92,3,8,6,50.41,D,0,Very confusing content,Negative
4831,Karthik Gupta,20,Male,0.95,60.83,0.44,8,44,7,63.19,C,0,Average experience,Neutral
4832,Arun Reddy,29,Male,0.73,25.73,0.85,9,6,6,58.11,C,0,Can be improved,Neutral
4833,Arun Patel,30,Female,0.65,59.8,0.61,6,44,7,66.13,C,0,Normal learning experience,Neutral
4834,Ravi Reddy,21,Female,0.56,23.72,0.39,8,15,7,36.03,Fail,0,Poor explanations,Negative
4835,Sneha Kumar,24,Female,0.99,58.04,0.85,5,4,3,76.38,B,0,Helped me improve a lot,Positive
4836,Kavya Reddy,28,Male,0.46,29.96,0.64,9,21,3,55.2,C,0,Can be improved,Neutral
4837,Vijay Iyer,18,Male,0.92,53.25,0.11,5,40,7,68.09,C,0,Normal learning experience,Neutral
4838,Sneha Iyer,20,Female,0.76,39.53,0.83,6,11,6,56.62,C,0,Nothing special,Neutral
4839,Suresh Gupta,26,Female,0.9,45.31,0.66,9,19,4,73.31,B,0,Loved the teaching style,Positive
4840,Priya Gupta,25,Female,0.55,42.23,0.88,6,15,1,68.54,C,0,Average experience,Neutral
4841,Ravi Verma,29,Male,0.64,28.84,0.75,8,6,4,60.7,C,0,Can be improved,Neutral
4842,Arun Das,26,Male,0.55,24.78,0.76,4,35,7,60.21,C,0,Average experience,Neutral
4843,Suresh Patel,22,Female,0.66,34.74,0.44,4,49,7,58.94,C,0,Normal learning experience,Neutral
4844,Arun Kumar,28,Female,1,18.85,0.91,7,38,4,75.45,B,0,Great course and very helpful,Positive
4845,Karthik Gupta,24,Male,0.74,45.17,0.82,6,43,7,76.14,B,0,Loved the teaching style,Positive
4846,Divya Verma,25,Female,0.64,10.3,0.73,8,12,9,51.09,D,0,Not useful at all,Negative
4847,Karthik Verma,21,Male,0.78,42.66,0.48,5,19,2,51.88,D,0,Very confusing content,Negative
4848,Karthik Sharma,27,Female,0.77,66,0.8,8,43,3,72.18,B,0,Great course and very helpful,Positive
4849,Vijay Patel,28,Male,0.64,63.71,0.64,3,9,0,59.94,C,0,Nothing special,Neutral
4850,Anjali Reddy,28,Male,0.99,34.47,0.68,6,33,3,71.9,B,0,Helped me improve a lot,Positive
4851,Ravi Das,23,Male,1,39.64,0.88,8,24,1,80.58,B,0,Great course and very helpful,Positive
4852,Divya Verma,24,Female,0.78,39.44,0.73,3,22,3,57.09,C,0,Average experience,Neutral
4853,Meena Singh,26,Female,0.45,41.12,0.53,7,15,2,44.31,D,0,Very confusing content,Negative
4854,Divya Iyer,23,Male,0.44,73.31,0.58,3,35,6,51.04,D,0,Very confusing content,Negative
4855,Suresh Iyer,21,Female,0.33,35.4,0.89,5,47,5,52.24,D,0,Waste of time,Negative
4856,Sneha Gupta,28,Female,0.8,37.56,0.64,4,41,0,64.45,C,0,Nothing special,Neutral
4857,Anjali Sharma,29,Female,0.46,47.6,0.76,5,23,1,48.47,D,0,Too difficult to follow,Negative
4858,Priya Patel,21,Female,0.55,34.46,1,4,30,4,71.91,B,0,Loved the teaching style,Positive
4859,Vijay Reddy,22,Male,0.64,31.53,0.76,5,47,4,57.82,C,0,Okay course,Neutral
4860,Meena Nair,30,Female,0.87,40.66,0.89,4,12,1,65.95,C,0,Normal learning experience,Neutral
4861,Priya Sharma,27,Male,0.81,29.74,0.62,3,36,6,55.37,C,0,Okay course,Neutral
4862,Suresh Patel,18,Female,0.85,59.25,0.3,9,7,4,53.39,D,0,Poor explanations,Negative
4863,Karthik Reddy,19,Male,0.25,22.37,0.64,9,42,6,38.42,Fail,0,Too difficult to follow,Negative
4864,Priya Nair,20,Male,0.71,14.01,0.43,6,9,6,41.35,D,0,Poor explanations,Negative
4865,Karthik Sharma,24,Female,0.89,27.07,0.29,7,10,9,50.95,D,0,Very confusing content,Negative
4866,Meena Patel,19,Male,0.59,48.26,0.74,7,15,6,53.57,D,0,Waste of time,Negative
4867,Anjali Reddy,18,Female,0.8,44.41,0.58,4,19,8,55.3,C,0,Nothing special,Neutral
4868,Arun Kumar,29,Male,0.44,40.29,0.9,7,31,6,59.7,C,0,Can be improved,Neutral
4869,Meena Reddy,30,Male,0.78,46.24,0.57,9,25,4,63.24,C,0,Can be improved,Neutral
4870,Sneha Gupta,20,Male,1,45.29,0.47,3,12,4,65.15,C,0,Average experience,Neutral
4871,Ravi Singh,30,Male,0.75,27.18,0.78,4,47,0,62.13,C,0,Can be improved,Neutral
4872,Meena Kumar,26,Female,0.97,46.42,1,5,14,7,88.28,A,0,Great course and very helpful,Positive
4873,Ravi Reddy,30,Male,0.9,48.07,0.74,7,23,3,68.26,C,0,Average experience,Neutral
4874,Rahul Iyer,30,Male,0.44,29.08,1,6,6,0,47.89,D,0,Poor explanations,Negative
4875,Vijay Kumar,20,Male,0.79,35.06,0.19,6,21,0,52.94,D,0,Not useful at all,Negative
4876,Kavya Patel,19,Male,0.81,58.84,0.65,5,15,2,60.32,C,0,Okay course,Neutral
4877,Meena Sharma,22,Male,0.61,45.02,1,4,36,8,67.98,C,0,Okay course,Neutral
4878,Suresh Kumar,26,Male,0.75,17.02,0.72,9,24,8,64.63,C,0,Okay course,Neutral
4879,Rahul Iyer,24,Male,0.56,58.44,0.89,7,20,5,57.54,C,0,Normal learning experience,Neutral
4880,Vijay Iyer,18,Male,0.96,78.5,0.28,5,17,9,59.86,C,0,Normal learning experience,Neutral
4881,Anjali Singh,29,Female,0.68,8.73,0.49,4,11,5,38.65,Fail,0,Poor explanations,Negative
4882,Vijay Reddy,20,Female,0.44,30.42,0.83,6,13,5,46.16,D,0,Too difficult to follow,Negative
4883,Priya Gupta,24,Female,0.69,30.45,0.72,9,41,3,64.01,C,0,Nothing special,Neutral
4884,Kavya Verma,30,Male,0.59,53.59,0.73,9,9,6,62.14,C,0,Normal learning experience,Neutral
4885,Suresh Kumar,29,Male,0.57,50.8,0.64,6,18,4,60.73,C,0,Nothing special,Neutral
4886,Vijay Singh,22,Female,0.75,36.11,0.49,4,5,3,49.76,D,0,Waste of time,Negative
4887,Suresh Verma,29,Male,0.75,31.73,1,3,46,3,72.61,B,0,Loved the teaching style,Positive
4888,Karthik Reddy,18,Male,0.38,13.32,0.69,6,30,7,49.09,D,1,Very confusing content,Negative
4889,Ravi Reddy,30,Male,0.53,62.44,0.88,4,27,7,64.23,C,0,Normal learning experience,Neutral
4890,Vijay Kumar,18,Male,0.74,63.33,0.55,3,43,1,63.99,C,0,Normal learning experience,Neutral
4891,Sneha Iyer,28,Female,0.67,49.09,0.55,5,49,8,57.25,C,0,Average experience,Neutral
4892,Kavya Kumar,24,Female,0.8,51.66,0.74,5,19,3,75.46,B,0,Helped me improve a lot,Positive
4893,Anjali Iyer,21,Female,0.69,26.37,0.84,7,36,7,64.93,C,0,Normal learning experience,Neutral
4894,Arun Patel,20,Male,0.67,46.16,0.74,8,41,2,66.69,C,0,Can be improved,Neutral
4895,Anjali Iyer,27,Male,0.64,50.83,0.55,9,2,4,58.49,C,0,Nothing special,Neutral
4896,Vijay Sharma,24,Male,0.53,42.53,0.98,3,8,2,52.57,D,0,Too difficult to follow,Negative
4897,Suresh Verma,26,Female,0.76,24.4,0.64,5,15,0,52.72,D,0,Too difficult to follow,Negative
4898,Rahul Iyer,26,Male,0.87,21.41,0.47,8,15,5,53.49,D,0,Not useful at all,Negative
4899,Karthik Iyer,26,Female,0.69,55.15,0.52,6,36,9,56.93,C,0,Okay course,Neutral
4900,Divya Singh,20,Female,0.87,52.02,0.99,5,14,1,76.35,B,0,Very engaging and informative,Positive
4901,Ravi Kumar,22,Male,0.5,21.95,0.82,3,46,9,62.77,C,0,Can be improved,Neutral
4902,Sneha Singh,21,Female,0.19,39.29,0.53,5,29,0,47.76,D,0,Not useful at all,Negative
4903,Meena Singh,25,Female,0.51,20.9,0.91,3,14,7,57.91,C,0,Can be improved,Neutral
4904,Vijay Iyer,29,Female,0.72,21.55,0.75,4,15,4,51.38,D,0,Poor explanations,Negative
4905,Sneha Iyer,23,Male,0.96,62.93,0.87,5,44,7,78.75,B,0,Loved the teaching style,Positive
4906,Rahul Nair,29,Female,0.8,12.92,0.55,8,26,6,58.15,C,0,Nothing special,Neutral
4907,Sneha Kumar,22,Male,1,38.22,0.94,9,14,0,82.14,B,0,Very engaging and informative,Positive
4908,Ravi Iyer,26,Male,1,52.55,0.18,3,30,4,58.73,C,0,Nothing special,Neutral
4909,Ravi Das,22,Male,0.99,54.34,0.92,7,10,4,76.15,B,0,Helped me improve a lot,Positive
4910,Rahul Iyer,24,Female,0.66,19.24,1,5,5,5,57.34,C,0,Okay course,Neutral
4911,Kavya Kumar,23,Male,0.72,39.6,0.56,4,29,9,54.04,D,0,Waste of time,Negative
4912,Meena Sharma,27,Female,0.68,30.19,0.86,6,43,7,63.28,C,0,Nothing special,Neutral
4913,Suresh Nair,28,Female,0.79,41.02,0.89,8,8,9,72.49,B,0,Very engaging and informative,Positive
4914,Kavya Sharma,24,Male,0.55,61.56,0.73,7,41,6,64.6,C,0,Average experience,Neutral
4915,Priya Patel,18,Female,0.56,26.07,0.66,5,17,6,52.4,D,0,Very confusing content,Negative
4916,Priya Patel,25,Female,0.5,45.35,0.7,7,28,2,55.01,C,0,Nothing special,Neutral
4917,Ravi Verma,23,Female,0.38,57.57,0.42,9,33,2,50.25,D,0,Waste of time,Negative
4918,Anjali Patel,20,Female,0.64,55.43,0.69,6,11,8,63.92,C,0,Nothing special,Neutral
4919,Suresh Das,24,Female,0.66,41.6,0.54,6,47,5,60.78,C,0,Normal learning experience,Neutral
4920,Vijay Verma,27,Male,0.53,4.73,0.44,5,2,0,37.38,Fail,0,Poor explanations,Negative
4921,Meena Das,23,Female,0.66,7.21,0.54,5,39,2,55.37,C,0,Okay course,Neutral
4922,Ravi Nair,18,Female,0.9,67.72,0.54,6,40,3,72.37,B,0,Loved the teaching style,Positive
4923,Vijay Reddy,28,Male,0.73,36.86,0.29,9,43,0,61.88,C,0,Average experience,Neutral
4924,Kavya Das,29,Male,0.65,25.14,0.76,7,29,3,54.85,D,0,Not useful at all,Negative
4925,Arun Iyer,23,Female,0.88,46.05,0.56,5,37,1,68.67,C,0,Average experience,Neutral
4926,Karthik Singh,20,Female,0.71,27.62,0.47,9,43,6,57.98,C,0,Nothing special,Neutral
4927,Kavya Sharma,22,Female,0.55,47.68,0.78,5,1,2,51.78,D,0,Too difficult to follow,Negative
4928,Anjali Patel,20,Female,0.8,48.92,0.82,5,46,7,65.52,C,0,Nothing special,Neutral
4929,Kavya Sharma,18,Male,0.74,35.74,0.78,3,20,9,51.86,D,0,Not useful at all,Negative
4930,Anjali Verma,18,Male,0.42,32.28,0.48,6,35,5,49.21,D,0,Not useful at all,Negative
4931,Priya Nair,24,Female,0.82,27.21,0.74,7,21,7,67.41,C,0,Average experience,Neutral
4932,Kavya Iyer,25,Female,0.72,64.94,0.87,4,24,9,72.53,B,0,Loved the teaching style,Positive
4933,Arun Das,26,Male,0.72,37.55,0.39,9,17,6,47.77,D,0,Waste of time,Negative
4934,Sneha Reddy,28,Male,0.52,30.79,0.74,8,35,4,58.87,C,0,Average experience,Neutral
4935,Suresh Nair,25,Male,0.99,48.68,0.85,4,24,5,71.78,B,0,Very engaging and informative,Positive
4936,Suresh Sharma,26,Female,0.78,34.96,1,8,20,6,75.33,B,0,Helped me improve a lot,Positive
4937,Rahul Singh,18,Male,0.64,37.47,0.67,7,8,3,51.64,D,0,Waste of time,Negative
4938,Karthik Sharma,21,Male,0.83,48.01,0.85,6,18,1,70.43,B,0,Loved the teaching style,Positive
4939,Ravi Das,29,Male,0.78,32.85,0.45,4,45,5,53.92,D,0,Not useful at all,Negative
4940,Kavya Kumar,23,Male,0.5,25.93,0.84,9,29,6,62.73,C,0,Can be improved,Neutral
4941,Rahul Reddy,22,Female,0.86,33.78,0.72,9,13,9,74.06,B,0,Loved the teaching style,Positive
4942,Suresh Kumar,30,Male,0.86,50.89,0.7,6,40,8,76.8,B,0,Great course and very helpful,Positive
4943,Rahul Singh,25,Male,0.91,44.53,0.67,8,6,6,60.26,C,0,Normal learning experience,Neutral
4944,Karthik Nair,29,Female,0.96,39.19,0.84,8,34,0,83.81,B,0,Great course and very helpful,Positive
4945,Divya Reddy,30,Male,0.5,48.81,0.94,7,49,7,66.9,C,0,Nothing special,Neutral
4946,Ravi Verma,19,Female,0.47,55.07,0.44,3,23,2,35.23,Fail,0,Too difficult to follow,Negative
4947,Vijay Reddy,29,Male,0.67,35.25,0.57,9,48,7,60.49,C,0,Okay course,Neutral
4948,Karthik Patel,23,Female,0.68,44.3,0.43,8,48,5,55.22,C,0,Average experience,Neutral
4949,Sneha Verma,30,Male,0.82,27.62,1,8,16,7,70.9,B,0,Very engaging and informative,Positive
4950,Sneha Patel,21,Male,0.68,31.52,0.72,4,44,0,64.86,C,0,Okay course,Neutral
4951,Divya Das,27,Female,0.76,60.37,0.78,3,17,4,75.45,B,0,Helped me improve a lot,Positive
4952,Priya Gupta,23,Male,0.65,26.51,0.63,8,47,3,61.31,C,0,Average experience,Neutral
4953,Ravi Iyer,28,Male,0.83,56.51,0.79,3,14,4,63.23,C,0,Nothing special,Neutral
4954,Karthik Verma,25,Male,0.81,35.71,1,3,48,6,76.33,B,0,Excellent platform for learning,Positive
4955,Sneha Nair,26,Male,0.74,30.8,1,3,1,1,67.58,C,0,Can be improved,Neutral
4956,Priya Verma,21,Female,0.57,27.81,0.61,7,42,5,53.32,D,0,Very confusing content,Negative
4957,Arun Nair,23,Female,1,66.69,0.36,6,31,0,66.49,C,0,Can be improved,Neutral
4958,Divya Sharma,19,Female,0.77,28.45,0.92,5,21,0,66.93,C,0,Nothing special,Neutral
4959,Divya Verma,30,Male,0.74,23.07,0.48,6,3,9,43.94,D,0,Waste of time,Negative
4960,Suresh Verma,22,Male,0.66,20,0.65,6,31,2,55.83,C,0,Average experience,Neutral
4961,Divya Iyer,28,Female,0.46,52.41,0.9,9,37,9,56.75,C,0,Can be improved,Neutral
4962,Arun Singh,29,Female,0.91,40.11,0.83,8,43,4,71.75,B,0,Great course and very helpful,Positive
4963,Meena Iyer,30,Female,0.73,14.44,0.63,7,49,1,68.16,C,0,Can be improved,Neutral
4964,Arun Verma,22,Male,0.64,20.93,0.73,8,20,5,57.43,C,0,Average experience,Neutral
4965,Rahul Sharma,27,Female,0.69,14.62,0.57,3,8,6,52.56,D,0,Very confusing content,Negative
4966,Karthik Verma,29,Male,0.81,33.97,0.94,4,24,3,65.86,C,0,Average experience,Neutral
4967,Sneha Reddy,21,Male,0.87,55.93,0.79,4,37,7,62.86,C,0,Can be improved,Neutral
4968,Meena Reddy,25,Female,0.87,25.62,0.8,5,27,9,67.63,C,0,Average experience,Neutral
4969,Kavya Singh,20,Male,0.27,60.55,0.76,8,19,5,57.67,C,0,Normal learning experience,Neutral
4970,Arun Sharma,27,Female,0.99,36.77,0.5,4,21,9,60.2,C,0,Normal learning experience,Neutral
4971,Divya Iyer,19,Male,1,39.36,0.68,4,30,7,61.32,C,0,Okay course,Neutral
4972,Sneha Singh,19,Female,0.49,32.16,0.71,4,14,7,53.24,D,0,Very confusing content,Negative
4973,Arun Verma,26,Female,1,49.95,0.73,7,21,0,66.19,C,0,Can be improved,Neutral
4974,Anjali Nair,21,Male,0.68,10.25,0.89,4,37,2,61.48,C,0,Average experience,Neutral
4975,Ravi Sharma,30,Male,0.82,64.59,0.61,4,8,1,68.38,C,0,Normal learning experience,Neutral
4976,Priya Verma,29,Female,0.85,31.82,0.86,3,18,3,63.48,C,0,Nothing special,Neutral
4977,Arun Das,24,Female,1,32.34,0.82,7,5,7,73.43,B,0,Loved the teaching style,Positive
4978,Rahul Das,28,Female,0.72,34.19,0.76,9,20,9,75.15,B,0,Great course and very helpful,Positive
4979,Meena Patel,30,Male,0.45,49.78,0.64,3,29,3,52.5,D,0,Very confusing content,Negative
4980,Vijay Singh,29,Male,0.84,61.86,0.48,5,44,1,78.42,B,0,Helped me improve a lot,Positive
4981,Rahul Das,30,Female,0.48,30.79,0.8,8,3,0,52.74,D,0,Waste of time,Negative
4982,Anjali Iyer,30,Female,0.77,41.78,0.46,5,16,5,56.67,C,0,Nothing special,Neutral
4983,Kavya Verma,23,Female,0.72,50.74,0.84,7,28,6,66.24,C,0,Can be improved,Neutral
4984,Karthik Singh,25,Female,0.44,53.46,0.78,8,34,3,56.84,C,0,Can be improved,Neutral
4985,Karthik Sharma,27,Female,0.81,45.94,0.91,7,20,3,77.68,B,0,Helped me improve a lot,Positive
4986,Divya Kumar,18,Male,0.75,57.79,0.41,9,37,1,63.39,C,0,Nothing special,Neutral
4987,Sneha Nair,18,Male,0.64,62.78,0.58,9,26,2,67.21,C,0,Normal learning experience,Neutral
4988,Anjali Das,27,Male,0.51,40.82,0.81,9,31,5,59.09,C,0,Normal learning experience,Neutral
4989,Arun Verma,22,Female,0.88,34.13,0.66,6,1,9,57.98,C,0,Can be improved,Neutral
4990,Arun Patel,23,Female,0.9,38.96,0.37,8,32,2,59.63,C,0,Normal learning experience,Neutral
4991,Sneha Patel,24,Female,0.46,7.97,0.76,3,1,0,37.25,Fail,1,Too difficult to follow,Negative
4992,Meena Sharma,30,Male,0.61,48.8,0.66,7,29,9,57.87,C,0,Can be improved,Neutral
4993,Suresh Singh,29,Female,0.94,66.36,0.71,5,37,9,85.76,A,0,Excellent platform for learning,Positive
4994,Karthik Nair,25,Female,0.47,42.13,0.52,9,15,8,51.85,D,0,Not useful at all,Negative
4995,Rahul Singh,30,Male,0.74,1.72,0.51,7,44,0,66,C,0,Nothing special,Neutral
4996,Rahul Iyer,25,Male,0.42,34.62,0.65,5,14,0,50.54,D,0,Poor explanations,Negative
4997,Meena Iyer,29,Male,0.61,21.98,0.46,3,8,4,46.84,D,0,Not useful at all,Negative
4998,Kavya Kumar,26,Female,0.6,31.72,0.83,5,20,6,54.75,D,0,Too difficult to follow,Negative
4999,Arun Iyer,25,Male,1,31.65,0.73,5,33,4,74.07,B,0,Loved the teaching style,Positive
5000,Rahul Nair,26,Male,0.64,42.96,1,3,11,5,63.97,C,0,Can be improved,Neutral
5001,Vijay Patel,24,Female,0.86,37.49,0.86,8,44,4,77.41,B,0,Great course and very helpful,Positive
5002,Karthik Das,29,Female,0.74,45.03,0.54,5,44,2,59.68,C,0,Can be improved,Neutral
5003,Ravi Sharma,22,Female,0.27,36.54,0.46,7,2,2,39.1,Fail,0,Too difficult to follow,Negative
5004,Anjali Gupta,25,Male,0.8,53.25,0.2,5,9,6,54.99,D,0,Waste of time,Negative
5005,Arun Gupta,22,Male,0.49,56.34,1,8,2,1,68.1,C,0,Nothing special,Neutral
5006,Karthik Kumar,18,Male,0.9,40.5,0.49,8,34,9,65.1,C,0,Normal learning experience,Neutral
5007,Meena Verma,26,Female,0.54,10.99,0.5,8,10,1,34.87,Fail,0,Too difficult to follow,Negative
5008,Meena Nair,20,Female,0.67,39.64,0.5,7,48,8,59.73,C,0,Okay course,Neutral
5009,Karthik Kumar,24,Female,0.7,29.85,0.14,4,45,5,43.77,D,0,Poor explanations,Negative
5010,Sneha Nair,19,Female,0.72,40.04,0.69,3,1,9,52.46,D,0,Very confusing content,Negative
5011,Priya Iyer,21,Male,0.44,38.03,0.4,8,49,5,53.78,D,0,Very confusing content,Negative
5012,Vijay Verma,19,Female,0.73,8.33,0.89,8,30,3,67.81,C,0,Okay course,Neutral
5013,Kavya Nair,27,Male,0.6,18.24,0.57,8,35,9,54.59,D,0,Too difficult to follow,Negative
5014,Anjali Patel,18,Female,0.58,52.24,0.83,9,35,9,72.4,B,0,Excellent platform for learning,Positive
5015,Kavya Verma,28,Female,0.67,52.72,0.76,3,44,0,57.06,C,0,Nothing special,Neutral
5016,Vijay Nair,19,Male,0.75,48.27,0.89,4,27,4,67.9,C,0,Nothing special,Neutral
5017,Rahul Reddy,20,Male,1,46.41,0.55,9,14,2,70.5,B,0,Loved the teaching style,Positive
5018,Divya Gupta,24,Female,0.79,60.4,0.92,4,8,1,60.9,C,0,Okay course,Neutral
5019,Rahul Singh,27,Female,0.61,55.53,0.67,4,42,2,62.08,C,0,Average experience,Neutral
5020,Vijay Sharma,28,Female,0.39,65.42,0.71,9,2,8,54.86,D,0,Very confusing content,Negative
5021,Divya Iyer,26,Male,0.9,40.49,0.65,5,4,7,54.8,D,0,Waste of time,Negative
5022,Divya Verma,19,Female,0.81,48.65,0.58,5,20,0,61.4,C,0,Normal learning experience,Neutral
5023,Kavya Gupta,26,Female,0.98,18.05,0.73,9,34,1,64.48,C,0,Nothing special,Neutral
5024,Ravi Gupta,23,Female,0.74,34.45,0.84,7,7,5,53.75,D,0,Too difficult to follow,Negative
5025,Ravi Patel,28,Male,0.65,55.23,0.8,7,48,2,63.53,C,0,Average experience,Neutral
5026,Rahul Singh,24,Male,0.97,32.07,0.51,9,30,7,65.4,C,0,Okay course,Neutral
5027,Rahul Verma,24,Female,0.65,34.46,0.74,5,24,0,57.71,C,0,Can be improved,Neutral
5028,Vijay Das,26,Female,0.93,31.05,0.5,9,20,9,59.3,C,0,Normal learning experience,Neutral
5029,Arun Kumar,30,Male,1,34.9,0.48,6,23,2,59.77,C,0,Normal learning experience,Neutral
5030,Vijay Reddy,30,Female,1,24.89,0.56,4,34,0,67.53,C,0,Okay course,Neutral
5031,Kavya Singh,28,Male,0.33,64.95,1,3,45,2,66.17,C,0,Nothing special,Neutral
5032,Kavya Iyer,20,Female,0.83,28.99,0.82,7,23,2,67.11,C,0,Normal learning experience,Neutral
5033,Meena Patel,27,Female,0.93,75.64,0.69,4,10,1,64.21,C,0,Average experience,Neutral
5034,Divya Gupta,28,Male,0.96,47.27,0.75,7,36,4,76.86,B,0,Excellent platform for learning,Positive
5035,Kavya Nair,20,Female,0.95,45.84,0.41,4,42,9,64.05,C,0,Okay course,Neutral
5036,Anjali Gupta,18,Male,0.77,49.82,0.88,9,39,4,93.65,A,0,Loved the teaching style,Positive
5037,Vijay Kumar,28,Female,0.95,34.66,0.35,6,0,4,50.86,D,0,Too difficult to follow,Negative
5038,Meena Iyer,18,Female,0.57,21.54,0.86,7,6,4,63.77,C,0,Can be improved,Neutral
5039,Vijay Reddy,30,Female,0.85,51.19,0.6,5,11,8,51.37,D,0,Very confusing content,Negative
5040,Ravi Singh,25,Male,0.56,40.74,0.31,3,23,1,48.12,D,0,Very confusing content,Negative
5041,Divya Sharma,28,Female,0.69,37.65,0.49,9,32,1,53.13,D,0,Waste of time,Negative
5042,Meena Das,29,Female,0.8,42.02,0.8,3,32,9,65.09,C,0,Average experience,Neutral
5043,Priya Patel,26,Male,0.87,58.86,0.85,4,49,1,72.99,B,0,Excellent platform for learning,Positive
5044,Kavya Sharma,26,Male,0.93,45.9,0.75,4,1,4,61.44,C,0,Okay course,Neutral
5045,Karthik Patel,28,Male,0.57,3.19,0.84,8,14,4,54.57,D,0,Very confusing content,Negative
5046,Suresh Gupta,27,Male,0.34,40.78,1,8,41,9,63.86,C,0,Can be improved,Neutral
5047,Rahul Kumar,27,Female,0.68,37.6,0.52,6,24,7,64.22,C,0,Normal learning experience,Neutral
5048,Meena Verma,29,Female,0.34,22.65,0.44,5,1,8,30.44,Fail,0,Very confusing content,Negative
5049,Suresh Iyer,28,Male,0.74,17.29,0.76,5,13,3,56.44,C,0,Can be improved,Neutral
5050,Kavya Verma,23,Male,0.79,56.44,0.44,3,30,2,49.89,D,0,Waste of time,Negative
5051,Kavya Iyer,19,Male,0.57,42.36,0.57,4,39,2,50.92,D,0,Waste of time,Negative
5052,Rahul Das,20,Female,0.64,23.76,0.4,4,33,8,41.91,D,0,Very confusing content,Negative
5053,Divya Patel,27,Male,0.45,44.39,0.81,5,30,2,61.38,C,0,Okay course,Neutral
5054,Ravi Das,30,Female,0.79,67.71,0.41,8,41,3,60.91,C,0,Average experience,Neutral
5055,Karthik Patel,24,Male,0.85,45.59,0.78,5,8,5,64.86,C,0,Nothing special,Neutral
5056,Suresh Kumar,20,Female,1,60.87,0.69,8,40,6,72.23,B,0,Great course and very helpful,Positive
5057,Divya Iyer,18,Female,0.93,34.98,0.65,6,24,9,58.56,C,0,Okay course,Neutral
5058,Sneha Verma,25,Female,0.65,34.94,0.84,7,35,7,61.18,C,0,Normal learning experience,Neutral
5059,Karthik Nair,26,Male,1,36.33,0.69,7,24,5,72.43,B,0,Excellent platform for learning,Positive
5060,Arun Verma,24,Male,0.59,19.68,0.44,8,27,7,45.86,D,0,Too difficult to follow,Negative
5061,Sneha Nair,26,Female,0.57,51.61,0.85,6,3,4,60.48,C,0,Okay course,Neutral
5062,Ravi Iyer,20,Female,0.93,32.65,0.97,7,21,9,75.54,B,0,Great course and very helpful,Positive
5063,Divya Nair,22,Male,0.41,54.33,0.48,4,24,5,40.1,D,0,Too difficult to follow,Negative
5064,Kavya Reddy,30,Male,0.93,44.43,0.64,6,33,5,66.39,C,0,Can be improved,Neutral
5065,Arun Verma,28,Male,0.77,44.84,0.9,3,36,5,69.49,C,0,Average experience,Neutral
5066,Priya Patel,19,Male,0.79,40.26,0.73,8,11,6,73.68,B,0,Excellent platform for learning,Positive
5067,Kavya Iyer,27,Female,0.41,41.39,0.31,5,28,6,41.6,D,0,Waste of time,Negative
5068,Ravi Gupta,26,Female,0.73,10.03,0.94,9,29,3,67.48,C,0,Okay course,Neutral
5069,Suresh Reddy,22,Female,1,23.82,0.42,8,36,2,68.28,C,0,Okay course,Neutral
5070,Divya Sharma,29,Male,0.87,40.43,0.42,6,12,4,50.49,D,0,Very confusing content,Negative
5071,Karthik Das,20,Male,0.62,51.76,0.9,3,18,6,70.06,B,0,Helped me improve a lot,Positive
5072,Kavya Verma,25,Female,0.42,39.84,0.84,9,10,2,61.54,C,0,Normal learning experience,Neutral
5073,Ravi Iyer,28,Female,0.82,38.37,0.86,5,12,8,67.63,C,0,Nothing special,Neutral
5074,Rahul Kumar,27,Male,1,55.62,0.6,5,21,3,67.19,C,0,Nothing special,Neutral
5075,Karthik Singh,27,Male,0.57,56.61,0.73,8,36,8,65.58,C,0,Average experience,Neutral
5076,Ravi Iyer,28,Male,0.61,55.29,0.64,6,13,5,54.19,D,0,Waste of time,Negative
5077,Priya Sharma,28,Male,0.8,50.3,0.55,4,32,2,61.52,C,0,Normal learning experience,Neutral
5078,Rahul Verma,29,Female,1,18.34,0.56,8,23,2,69.21,C,0,Normal learning experience,Neutral
5079,Ravi Kumar,24,Male,0.89,38.02,0.51,6,16,5,61.51,C,0,Average experience,Neutral
5080,Rahul Patel,22,Male,0.58,54.87,0.28,7,16,5,48.37,D,0,Too difficult to follow,Negative
5081,Meena Kumar,18,Male,0.67,41.32,0.94,6,36,1,68.2,C,0,Okay course,Neutral
5082,Meena Patel,28,Male,0.6,42.98,0.49,8,35,6,60.87,C,0,Nothing special,Neutral
5083,Meena Gupta,21,Female,0.44,41.38,0.18,5,12,5,45.7,D,0,Too difficult to follow,Negative
5084,Rahul Das,30,Female,0.92,28.33,0.7,3,23,3,58.75,C,0,Average experience,Neutral
5085,Arun Gupta,19,Female,0.64,21.06,0.87,8,37,5,57.03,C,0,Can be improved,Neutral
5086,Divya Iyer,25,Male,0.8,41.15,0.63,5,35,5,67.74,C,0,Normal learning experience,Neutral
5087,Anjali Kumar,28,Female,0.86,49.26,0.6,3,46,8,69.65,C,0,Average experience,Neutral
5088,Kavya Singh,20,Female,0.99,38.07,0.57,6,25,5,59.36,C,0,Can be improved,Neutral
5089,Vijay Gupta,30,Male,0.98,30.91,0.88,7,18,9,69.68,C,0,Normal learning experience,Neutral
5090,Meena Kumar,26,Female,0.71,30.03,0.5,8,29,0,53.95,D,0,Poor explanations,Negative
5091,Sneha Reddy,18,Female,1,45.39,0.28,8,3,1,55.22,C,0,Nothing special,Neutral
5092,Arun Gupta,19,Male,0.81,53.1,0.7,5,12,4,60.64,C,0,Okay course,Neutral
5093,Ravi Das,21,Female,0.83,52.17,0.72,7,12,6,61.36,C,0,Nothing special,Neutral
5094,Karthik Iyer,18,Male,0.76,23.09,0.46,3,21,5,41.72,D,0,Not useful at all,Negative
5095,Priya Patel,21,Female,0.89,49.14,0.54,3,7,9,61.4,C,0,Nothing special,Neutral
5096,Rahul Das,23,Female,0.91,42.37,0.85,3,15,8,62.63,C,0,Average experience,Neutral
5097,Karthik Sharma,23,Male,0.93,23.8,0.93,8,0,1,66.98,C,0,Okay course,Neutral
5098,Rahul Reddy,22,Female,0.89,39.53,0.5,5,32,7,67.97,C,0,Okay course,Neutral
5099,Meena Reddy,27,Female,0.89,53.46,0.55,5,22,5,64.88,C,0,Okay course,Neutral
5100,Vijay Reddy,22,Male,0.46,48.46,0.74,5,2,7,44.9,D,0,Very confusing content,Negative
5101,Rahul Kumar,19,Male,1,67.64,0.64,4,42,7,71.14,B,0,Very engaging and informative,Positive
5102,Ravi Das,18,Male,0.67,6.82,0.57,5,19,7,53.05,D,0,Very confusing content,Negative
5103,Meena Verma,24,Male,0.53,44.19,0.72,6,32,7,58.46,C,0,Nothing special,Neutral
5104,Sneha Verma,18,Female,0.48,32.5,0.62,9,35,9,54.08,D,0,Very confusing content,Negative
5105,Meena Kumar,19,Female,0.57,57.92,0.97,3,6,9,67.31,C,0,Okay course,Neutral
5106,Sneha Nair,26,Female,0.78,37.08,0.62,7,5,0,63.22,C,0,Okay course,Neutral
5107,Meena Das,28,Female,0.26,34.24,0.23,9,21,9,35.94,Fail,0,Very confusing content,Negative
5108,Meena Kumar,18,Male,0.51,14.53,0.71,7,4,7,45.6,D,0,Not useful at all,Negative
5109,Karthik Nair,18,Male,0.56,56.98,0.75,3,18,2,51.37,D,0,Waste of time,Negative
5110,Sneha Gupta,27,Male,0.34,40.42,0.53,6,13,6,42.19,D,0,Poor explanations,Negative
5111,Karthik Patel,26,Male,0.9,25.01,0.33,9,14,0,57.85,C,0,Normal learning experience,Neutral
5112,Ravi Das,24,Male,0.78,35.98,0.64,9,19,6,56.03,C,0,Nothing special,Neutral
5113,Suresh Reddy,24,Male,0.79,26.39,0.88,6,44,8,63.85,C,0,Normal learning experience,Neutral
5114,Rahul Kumar,20,Male,0.99,35.36,0.76,7,38,3,66.7,C,0,Okay course,Neutral
5115,Sneha Reddy,18,Male,0.39,40.76,0.7,9,1,4,52.07,D,0,Too difficult to follow,Negative
5116,Meena Verma,19,Female,1,39.29,0.73,7,33,9,72.78,B,0,Excellent platform for learning,Positive
5117,Vijay Sharma,25,Male,0.67,22.35,0.87,9,42,9,70.99,B,0,Very engaging and informative,Positive
5118,Karthik Verma,25,Female,0.38,23.46,0.52,9,32,8,45.28,D,0,Poor explanations,Negative
5119,Meena Patel,19,Male,0.82,39.33,0.45,5,38,4,65.37,C,0,Normal learning experience,Neutral
5120,Sneha Das,29,Female,0.9,45.35,0.9,4,25,1,70.93,B,0,Helped me improve a lot,Positive
5121,Divya Verma,29,Male,0.89,47.05,0.58,9,46,6,71.27,B,0,Very engaging and informative,Positive
5122,Kavya Nair,19,Female,0.74,36,0.76,6,40,8,64.82,C,0,Normal learning experience,Neutral
5123,Priya Nair,20,Male,1,56.09,0.24,8,13,7,62.6,C,0,Normal learning experience,Neutral
5124,Karthik Verma,24,Female,0.83,64.29,0.74,4,21,1,60.81,C,0,Nothing special,Neutral
5125,Arun Sharma,29,Male,0.9,34.69,0.89,9,37,4,80.51,B,0,Excellent platform for learning,Positive
5126,Sneha Singh,25,Female,0.57,27.7,0.84,9,39,9,60.44,C,0,Okay course,Neutral
5127,Divya Gupta,23,Female,0.92,32.84,0.41,4,7,0,56.26,C,0,Average experience,Neutral
5128,Arun Patel,26,Female,0.71,45.22,0.8,6,44,3,74.33,B,0,Excellent platform for learning,Positive
5129,Arun Sharma,28,Female,1,36.86,0.73,6,38,6,69.99,C,0,Okay course,Neutral
5130,Suresh Singh,30,Female,0.7,33.74,0.84,4,21,4,62.7,C,0,Nothing special,Neutral
5131,Sneha Singh,21,Female,0.66,18.63,0.95,3,21,2,52.76,D,0,Poor explanations,Negative
5132,Kavya Reddy,23,Male,0.8,40,0.69,6,43,7,57.53,C,0,Can be improved,Neutral
5133,Vijay Kumar,27,Male,1,22.75,0.85,9,25,0,74.04,B,0,Excellent platform for learning,Positive
5134,Anjali Iyer,21,Female,0.71,24.47,0.59,7,16,4,56.22,C,0,Okay course,Neutral
5135,Meena Patel,21,Female,0.2,42.61,0.86,8,21,3,41.49,D,0,Waste of time,Negative
5136,Divya Kumar,26,Male,0.77,63.49,0.75,5,27,5,69.87,C,0,Normal learning experience,Neutral
5137,Sneha Verma,27,Male,1,40.55,1,9,16,7,80.34,B,0,Great course and very helpful,Positive
5138,Sneha Verma,19,Male,0.78,46.45,0.47,8,20,3,66.62,C,0,Normal learning experience,Neutral
5139,Vijay Gupta,26,Female,1,41.82,0.29,9,18,7,67.1,C,0,Okay course,Neutral
5140,Divya Sharma,26,Male,0.79,14.88,0.49,8,10,3,47.78,D,0,Not useful at all,Negative
5141,Arun Nair,23,Male,0.5,25.28,0.46,6,47,5,59.99,C,0,Okay course,Neutral
5142,Sneha Reddy,22,Female,0.77,51.31,0.88,8,11,9,78.02,B,0,Helped me improve a lot,Positive
5143,Meena Sharma,26,Male,0.79,45.17,0.37,3,34,3,52.5,D,0,Waste of time,Negative
5144,Karthik Sharma,20,Female,1,26.77,0.7,3,49,2,65.72,C,0,Nothing special,Neutral
5145,Kavya Kumar,28,Male,0.88,39.84,0.92,3,10,7,66.6,C,0,Average experience,Neutral
5146,Rahul Iyer,27,Male,0.29,1.37,0.68,8,1,0,35.27,Fail,1,Not useful at all,Negative
5147,Priya Kumar,19,Male,1,36.38,0.79,5,33,7,66,C,0,Normal learning experience,Neutral
5148,Arun Nair,18,Male,0.93,27.89,0.97,3,49,6,80.44,B,0,Helped me improve a lot,Positive
5149,Rahul Kumar,27,Male,0.54,39.15,0.54,6,4,6,48.95,D,0,Not useful at all,Negative
5150,Priya Nair,29,Female,0.52,52.94,0.81,8,34,7,63.58,C,0,Okay course,Neutral
5151,Priya Sharma,24,Male,0.88,11.63,0.51,6,5,7,56.26,C,0,Nothing special,Neutral
5152,Divya Gupta,19,Male,0.83,50.85,0.31,9,38,8,61.55,C,0,Okay course,Neutral
5153,Arun Reddy,25,Female,0.83,47.27,0.6,7,20,4,63.36,C,0,Okay course,Neutral
5154,Suresh Gupta,18,Male,1,21.33,0.62,7,30,7,65.44,C,0,Average experience,Neutral
5155,Divya Sharma,27,Female,1,35.25,0.9,5,35,5,79.76,B,0,Helped me improve a lot,Positive
5156,Anjali Das,20,Female,0.86,48.63,0.78,5,46,7,82.5,B,0,Loved the teaching style,Positive
5157,Suresh Gupta,27,Male,0.81,22.12,0.54,6,45,2,64.54,C,0,Can be improved,Neutral
5158,Sneha Kumar,24,Female,0.38,40.37,0.76,5,20,7,42.85,D,0,Very confusing content,Negative
5159,Rahul Singh,18,Male,0.8,24.02,0.51,7,34,4,62.86,C,0,Okay course,Neutral
5160,Meena Das,29,Female,0.91,58.38,0.58,9,16,7,66.75,C,0,Okay course,Neutral
5161,Arun Sharma,30,Female,0.95,52.66,1,8,37,0,80.86,B,0,Helped me improve a lot,Positive
5162,Sneha Iyer,22,Female,0.74,38.46,1,6,48,4,78.18,B,0,Excellent platform for learning,Positive
5163,Sneha Gupta,21,Male,1,30.05,0.59,8,44,1,78.18,B,0,Loved the teaching style,Positive
5164,Divya Kumar,18,Male,0.97,40.24,0.72,8,43,2,76.84,B,0,Helped me improve a lot,Positive
5165,Meena Nair,20,Female,0.98,17.59,0.54,4,16,0,51.83,D,0,Poor explanations,Negative
5166,Karthik Patel,21,Male,0.79,53.71,0.78,9,21,0,64,C,0,Average experience,Neutral
5167,Divya Iyer,28,Female,1,23.84,0.57,9,18,6,68.55,C,0,Okay course,Neutral
5168,Priya Singh,18,Female,0.78,36.78,0.29,9,37,3,49.29,D,0,Poor explanations,Negative
5169,Divya Reddy,23,Male,0.89,49.8,0.58,6,34,2,64.07,C,0,Can be improved,Neutral
5170,Karthik Verma,25,Male,0.9,34.6,0.55,8,47,7,61.39,C,0,Nothing special,Neutral
5171,Karthik Singh,25,Male,0.86,27.09,0.76,8,33,3,77.61,B,0,Loved the teaching style,Positive
5172,Vijay Gupta,18,Female,0.7,52.71,0.9,4,21,3,60.83,C,0,Nothing special,Neutral
5173,Suresh Gupta,22,Female,0.76,23.2,0.48,9,38,0,60.28,C,0,Okay course,Neutral
5174,Karthik Nair,23,Female,0.78,56.21,0.82,5,39,5,71.05,B,0,Helped me improve a lot,Positive
5175,Sneha Verma,28,Male,0.95,41.93,0.84,8,38,2,64.4,C,0,Okay course,Neutral
5176,Kavya Singh,18,Male,0.72,68.69,0.78,3,23,9,59.96,C,0,Nothing special,Neutral
5177,Divya Reddy,30,Male,0.34,46.9,0.71,9,21,7,51.79,D,0,Poor explanations,Negative
5178,Divya Kumar,22,Male,0.73,52.75,0.59,8,12,3,53.35,D,0,Very confusing content,Negative
5179,Suresh Nair,28,Male,0.83,20.72,0.57,6,10,3,51.95,D,0,Poor explanations,Negative
5180,Anjali Kumar,28,Male,0.79,31.44,1,9,29,4,71.87,B,0,Great course and very helpful,Positive
5181,Meena Nair,22,Female,0.84,31.86,0.72,3,29,1,64.18,C,0,Can be improved,Neutral
5182,Meena Sharma,21,Male,0.6,31.23,0.61,8,35,3,53.62,D,0,Poor explanations,Negative
5183,Kavya Patel,22,Male,0.35,42.9,0.84,7,9,4,54.51,D,0,Waste of time,Negative
5184,Kavya Nair,23,Male,0.6,31.32,1,7,34,9,69.82,C,0,Can be improved,Neutral
5185,Karthik Singh,19,Male,0.82,33.56,0.8,5,14,6,60.58,C,0,Average experience,Neutral
5186,Divya Verma,30,Male,0.87,34.81,0.56,3,15,3,62.14,C,0,Normal learning experience,Neutral
5187,Arun Iyer,22,Male,0.71,45.27,0.7,6,8,6,53.42,D,0,Waste of time,Negative
5188,Anjali Singh,28,Female,0.68,17.3,0.86,5,42,1,63.68,C,0,Nothing special,Neutral
5189,Ravi Sharma,26,Female,0.46,37.31,0.63,4,19,8,38.14,Fail,0,Not useful at all,Negative
5190,Vijay Verma,30,Female,0.71,27.93,0.99,9,30,3,76.66,B,0,Helped me improve a lot,Positive
5191,Karthik Gupta,22,Male,0.61,23.05,0.33,3,18,5,36.66,Fail,0,Waste of time,Negative
5192,Kavya Verma,26,Male,0.9,17.09,0.96,8,38,1,69.04,C,0,Normal learning experience,Neutral
5193,Ravi Kumar,30,Female,0.67,61.33,0.54,5,13,0,59.88,C,0,Can be improved,Neutral
5194,Kavya Patel,22,Female,0.75,36.45,0.63,3,8,4,52.52,D,0,Poor explanations,Negative
5195,Arun Singh,24,Male,0.84,38.96,1,7,10,4,71.57,B,0,Very engaging and informative,Positive
5196,Meena Verma,26,Female,0.65,49.37,0.83,3,19,6,68.97,C,0,Okay course,Neutral
5197,Karthik Verma,22,Female,0.45,55.14,0.78,9,4,5,57.25,C,0,Average experience,Neutral
5198,Suresh Das,24,Male,0.55,56.09,0.79,6,36,7,64.97,C,0,Can be improved,Neutral
5199,Priya Sharma,24,Male,0.58,44.02,0.72,7,33,2,60.69,C,0,Normal learning experience,Neutral
5200,Meena Singh,25,Male,0.91,26.37,0.88,7,36,0,68.33,C,0,Okay course,Neutral
5201,Karthik Verma,20,Female,0.84,1.58,0.89,5,23,3,52.38,D,0,Poor explanations,Negative
5202,Anjali Kumar,29,Female,0.77,55.39,0.72,4,8,1,61.46,C,0,Nothing special,Neutral
5203,Suresh Sharma,25,Female,0.86,12.49,1,4,7,3,71.79,B,0,Very engaging and informative,Positive
5204,Suresh Gupta,23,Female,0.78,27.74,0.36,6,13,1,48.88,D,0,Too difficult to follow,Negative
5205,Sneha Singh,29,Male,0.64,41.05,0.77,9,3,9,59.77,C,0,Can be improved,Neutral
5206,Arun Sharma,22,Female,0.69,41.62,0.6,5,19,9,58.44,C,0,Can be improved,Neutral
5207,Priya Patel,23,Male,1,50.2,0.95,4,35,4,86.79,A,0,Very engaging and informative,Positive
5208,Anjali Patel,26,Male,0.51,29.68,0.58,7,27,9,41.89,D,0,Poor explanations,Negative
5209,Suresh Kumar,25,Male,0.8,54.07,0.98,9,18,0,75.56,B,0,Helped me improve a lot,Positive
5210,Sneha Iyer,27,Male,0.57,52.35,0.54,3,41,0,53.59,D,0,Very confusing content,Negative
5211,Kavya Patel,23,Male,0.73,20.84,0.63,7,8,9,58.14,C,0,Normal learning experience,Neutral
5212,Divya Reddy,18,Female,0.94,6.73,0.66,9,20,5,65.87,C,0,Can be improved,Neutral
5213,Divya Reddy,30,Male,0.62,24.55,0.56,4,35,4,49.68,D,0,Too difficult to follow,Negative
5214,Karthik Sharma,19,Male,0.79,44.64,0.77,7,23,2,73.31,B,0,Great course and very helpful,Positive
5215,Divya Gupta,26,Male,0.85,56.94,1,9,39,0,86.57,A,0,Very engaging and informative,Positive
5216,Rahul Singh,27,Male,0.74,43.37,0.62,8,30,3,65.55,C,0,Nothing special,Neutral
5217,Rahul Kumar,27,Female,0.59,42.55,0.99,7,36,7,75.11,B,0,Helped me improve a lot,Positive
5218,Rahul Gupta,28,Male,0.87,51.17,0.42,3,46,2,64.04,C,0,Okay course,Neutral
5219,Vijay Patel,26,Female,0.75,42.72,0.53,4,25,9,56.06,C,0,Can be improved,Neutral
5220,Priya Nair,25,Male,0.77,43.45,0.62,6,34,6,64.78,C,0,Can be improved,Neutral
5221,Vijay Verma,20,Male,0.7,48.29,0.8,5,21,4,62.61,C,0,Normal learning experience,Neutral
5222,Vijay Nair,28,Female,0.46,38.45,0.74,7,4,1,61.92,C,0,Can be improved,Neutral
5223,Vijay Iyer,30,Female,0.69,30.14,0.98,4,23,9,69.22,C,0,Nothing special,Neutral
5224,Sneha Kumar,19,Male,0.42,39.41,0.67,5,28,1,49.19,D,0,Very confusing content,Negative
5225,Sneha Singh,27,Male,0.81,11.76,0.49,6,27,4,54.83,D,0,Not useful at all,Negative
5226,Kavya Nair,29,Male,1,58.27,1,7,4,4,81.15,B,0,Loved the teaching style,Positive
5227,Meena Sharma,19,Male,0.94,38.9,0.84,4,9,3,67.13,C,0,Nothing special,Neutral
5228,Karthik Patel,21,Male,0.4,31.13,0.82,7,13,3,53.23,D,0,Poor explanations,Negative
5229,Suresh Verma,19,Male,1,21.63,0.62,4,1,7,49.73,D,0,Poor explanations,Negative
5230,Vijay Singh,29,Male,0.75,34.39,0.81,8,47,7,67.1,C,0,Okay course,Neutral
5231,Ravi Sharma,22,Male,0.78,30.13,0.71,3,26,7,64.44,C,0,Can be improved,Neutral
5232,Priya Singh,23,Male,0.77,30.83,0.54,3,0,7,42.98,D,0,Not useful at all,Negative
5233,Karthik Kumar,21,Male,0.71,20.58,0.7,8,44,5,61.09,C,0,Average experience,Neutral
5234,Suresh Sharma,30,Female,1,42.57,0.9,3,25,6,76.14,B,0,Loved the teaching style,Positive
5235,Arun Nair,30,Male,0.62,39.08,0.92,6,24,5,63.08,C,0,Okay course,Neutral
5236,Priya Reddy,24,Male,0.89,30.84,1,6,47,1,74.09,B,0,Great course and very helpful,Positive
5237,Meena Sharma,18,Male,0.77,23.99,0.64,8,27,3,52.57,D,0,Not useful at all,Negative
5238,Suresh Gupta,29,Female,0.62,72.01,0.56,7,5,4,56.33,C,0,Normal learning experience,Neutral
5239,Suresh Reddy,20,Male,0.35,41.38,0.48,5,37,2,43.6,D,0,Very confusing content,Negative
5240,Rahul Verma,19,Female,0.73,21.81,0.51,9,47,5,64.42,C,0,Can be improved,Neutral
5241,Arun Singh,27,Female,0.49,24.5,0.93,8,12,9,66.57,C,0,Okay course,Neutral
5242,Vijay Patel,20,Female,0.65,81.4,0.78,6,45,1,78.69,B,0,Excellent platform for learning,Positive
5243,Arun Singh,27,Female,0.63,41.13,0.4,3,11,4,36.29,Fail,0,Poor explanations,Negative
5244,Karthik Kumar,20,Male,0.63,34.95,0.64,7,9,1,57.95,C,0,Nothing special,Neutral
5245,Anjali Verma,28,Female,0.49,20.5,1,8,40,7,72.26,B,0,Helped me improve a lot,Positive
5246,Vijay Das,30,Male,0.58,10.35,0.73,8,11,5,51.8,D,0,Not useful at all,Negative
5247,Divya Reddy,27,Female,0.84,23.25,0.76,6,29,4,68.72,C,0,Average experience,Neutral
5248,Arun Nair,24,Male,0.76,46.7,0.75,7,46,7,69.44,C,0,Can be improved,Neutral
5249,Kavya Gupta,21,Male,0.32,47.94,0.71,5,39,3,56,C,0,Nothing special,Neutral
5250,Arun Nair,29,Female,0.56,42.42,0.73,6,1,0,60.13,C,0,Average experience,Neutral
5251,Kavya Kumar,27,Male,0.65,56.15,0.86,4,47,1,66.08,C,0,Okay course,Neutral
5252,Karthik Reddy,26,Female,0.85,52.44,0.51,8,23,0,64.84,C,0,Okay course,Neutral
5253,Priya Das,28,Female,0.97,26.71,1,3,28,3,81.87,B,0,Excellent platform for learning,Positive
5254,Sneha Nair,24,Female,0.79,44.53,0.53,9,48,7,70.18,B,0,Loved the teaching style,Positive
5255,Karthik Reddy,28,Male,0.6,50.09,1,9,10,6,68.39,C,0,Can be improved,Neutral
5256,Ravi Reddy,18,Female,0.56,28.95,0.77,6,31,5,58.55,C,0,Can be improved,Neutral
5257,Vijay Singh,30,Male,0.84,73.06,0.51,5,6,7,59.31,C,0,Normal learning experience,Neutral
5258,Karthik Kumar,23,Female,0.56,38.4,0.84,4,31,0,61.41,C,0,Can be improved,Neutral
5259,Priya Iyer,18,Male,0.64,53.23,0.37,7,14,6,47.93,D,0,Waste of time,Negative
5260,Kavya Nair,22,Female,0.65,12.64,0.98,5,1,1,63.44,C,0,Average experience,Neutral
5261,Meena Das,30,Male,1,32.8,0.7,5,9,3,68.85,C,0,Nothing special,Neutral
5262,Arun Das,27,Male,0.66,34.01,0.52,9,6,3,57.95,C,0,Normal learning experience,Neutral
5263,Kavya Iyer,29,Male,0.43,54.22,0.8,7,45,2,61.35,C,0,Nothing special,Neutral
5264,Ravi Patel,26,Female,0.57,34.23,0.24,6,41,0,41.56,D,0,Waste of time,Negative
5265,Kavya Iyer,23,Female,0.96,25.66,0.81,6,22,3,66.44,C,0,Nothing special,Neutral
5266,Suresh Verma,19,Female,0.93,38.24,0.8,6,47,6,72.38,B,0,Great course and very helpful,Positive
5267,Kavya Singh,19,Female,0.44,45.47,0.42,9,43,9,56.71,C,0,Okay course,Neutral
5268,Ravi Singh,19,Male,0.73,49.99,0.45,3,32,4,54.47,D,0,Not useful at all,Negative
5269,Ravi Patel,21,Male,0.84,28.03,0.19,9,44,4,59.49,C,0,Nothing special,Neutral
5270,Vijay Gupta,23,Female,0.47,46.09,0.68,6,29,4,61.54,C,0,Average experience,Neutral
5271,Sneha Reddy,22,Female,0.86,37.72,0.89,6,30,6,80.53,B,0,Loved the teaching style,Positive
5272,Vijay Sharma,26,Male,0.94,32.94,0.98,6,28,1,73.25,B,0,Excellent platform for learning,Positive
5273,Rahul Iyer,29,Female,0.67,37.66,0.53,8,15,8,56.19,C,0,Can be improved,Neutral
5274,Divya Iyer,26,Female,1,56.74,0.69,3,17,1,74.75,B,0,Very engaging and informative,Positive
5275,Kavya Sharma,22,Male,0.56,20.68,0.66,8,16,0,46.15,D,0,Too difficult to follow,Negative
5276,Anjali Sharma,27,Female,0.82,33.49,0.8,7,12,6,69.56,C,0,Can be improved,Neutral
5277,Karthik Nair,27,Female,0.68,41.61,0.75,3,48,1,63.77,C,0,Average experience,Neutral
5278,Suresh Sharma,29,Male,0.75,63.22,0.32,4,29,2,53.33,D,0,Not useful at all,Negative
5279,Rahul Kumar,19,Female,0.92,27.86,0.62,7,21,4,62.23,C,0,Average experience,Neutral
5280,Rahul Nair,20,Female,0.66,63.56,0.55,3,5,8,51.04,D,0,Not useful at all,Negative
5281,Divya Kumar,27,Female,0.91,39.8,0.59,5,5,1,60.39,C,0,Average experience,Neutral
5282,Priya Iyer,24,Male,0.69,28.06,0.91,8,35,7,66.16,C,0,Can be improved,Neutral
5283,Anjali Sharma,24,Male,0.65,20.87,0.64,7,18,2,49.56,D,0,Poor explanations,Negative
5284,Anjali Nair,22,Male,0.87,63.83,0.91,4,28,8,80.86,B,0,Helped me improve a lot,Positive
5285,Vijay Reddy,27,Female,0.89,26.73,0.85,9,49,6,76.76,B,0,Excellent platform for learning,Positive
5286,Ravi Nair,20,Female,1,81.03,0.72,3,43,4,75.75,B,0,Loved the teaching style,Positive
5287,Suresh Gupta,29,Male,0.78,42.55,0.66,6,46,2,73.65,B,0,Helped me improve a lot,Positive
5288,Karthik Iyer,21,Female,0.67,27.7,0.94,7,29,2,65.33,C,0,Normal learning experience,Neutral
5289,Arun Reddy,25,Female,1,47.3,0.54,4,32,3,65.1,C,0,Average experience,Neutral
5290,Divya Iyer,29,Female,0.7,37.95,0.62,6,26,9,59,C,0,Nothing special,Neutral
5291,Priya Gupta,28,Male,0.69,9.98,0.76,3,1,9,49.2,D,0,Poor explanations,Negative
5292,Karthik Singh,28,Male,0.67,27.24,0.71,6,32,5,64.35,C,0,Average experience,Neutral
5293,Vijay Nair,22,Male,0.5,26.58,0.61,6,1,9,42.96,D,0,Very confusing content,Negative
5294,Sneha Iyer,24,Male,0.89,32.23,0.76,8,27,6,69.2,C,0,Average experience,Neutral
5295,Suresh Sharma,29,Female,0.29,35.09,0.64,6,9,9,35.76,Fail,0,Not useful at all,Negative
5296,Suresh Reddy,19,Male,0.68,53.28,0.41,3,21,3,48.85,D,0,Too difficult to follow,Negative
5297,Sneha Kumar,21,Male,0.8,28.73,0.42,5,22,3,53.85,D,0,Waste of time,Negative
5298,Anjali Das,23,Male,0.76,51.18,0.59,9,2,4,56.21,C,0,Can be improved,Neutral
5299,Karthik Patel,22,Female,0.33,44.97,0.57,3,2,6,44.52,D,0,Very confusing content,Negative
5300,Rahul Singh,22,Female,0.85,57.78,0.53,6,26,5,65.18,C,0,Okay course,Neutral
5301,Suresh Sharma,21,Male,0.73,22.84,0.66,6,28,7,58.17,C,0,Average experience,Neutral
5302,Kavya Reddy,22,Female,0.91,25.31,0.88,9,15,6,75.38,B,0,Excellent platform for learning,Positive
5303,Rahul Singh,28,Male,0.77,43.39,1,8,7,2,62.53,C,0,Can be improved,Neutral
5304,Vijay Nair,20,Female,0.83,55.26,0.83,4,42,9,70.18,B,0,Very engaging and informative,Positive
5305,Vijay Kumar,18,Male,0.74,70.56,0.42,4,11,3,52.52,D,0,Not useful at all,Negative
5306,Arun Verma,26,Male,0.79,65.76,0.97,8,48,5,88.56,A,0,Loved the teaching style,Positive
5307,Sneha Gupta,19,Male,0.8,10.6,0.68,5,37,6,51.91,D,0,Poor explanations,Negative
5308,Anjali Reddy,19,Female,0.87,66.01,1,4,17,0,75.45,B,0,Great course and very helpful,Positive
5309,Rahul Reddy,20,Male,0.77,43.12,0.65,7,37,4,70.24,B,0,Very engaging and informative,Positive
5310,Suresh Sharma,30,Male,0.57,45.12,0.34,6,36,1,37.54,Fail,0,Too difficult to follow,Negative
5311,Arun Iyer,24,Male,0.5,24.21,0.68,6,20,8,47.64,D,0,Waste of time,Negative
5312,Divya Patel,20,Female,0.74,62.31,0.47,9,7,9,56.83,C,0,Normal learning experience,Neutral
5313,Kavya Kumar,28,Male,0.67,38.74,0.95,9,43,6,62.96,C,0,Okay course,Neutral
5314,Priya Das,27,Female,0.45,55.48,0.72,6,22,6,67.6,C,0,Can be improved,Neutral
5315,Karthik Gupta,19,Male,0.78,59.76,0.6,8,43,7,66.43,C,0,Nothing special,Neutral
5316,Sneha Das,27,Male,0.41,27.48,0.84,7,12,8,51.26,D,0,Poor explanations,Negative
5317,Vijay Iyer,20,Female,0.91,47.99,0.43,7,11,9,56.45,C,0,Normal learning experience,Neutral
5318,Anjali Iyer,26,Female,0.72,33.63,0.56,8,3,0,46.69,D,0,Poor explanations,Negative
5319,Arun Das,29,Male,0.91,45.97,0.61,4,7,9,56.96,C,0,Can be improved,Neutral
5320,Divya Patel,30,Female,0.67,29.53,0.7,5,31,9,58.52,C,0,Can be improved,Neutral
5321,Karthik Das,29,Male,0.95,20.44,0.71,7,36,3,67.86,C,0,Average experience,Neutral
5322,Ravi Sharma,26,Male,1,29.9,0.83,5,19,9,64.8,C,0,Can be improved,Neutral
5323,Vijay Iyer,18,Male,0.82,35.73,0.71,4,36,8,62.17,C,0,Can be improved,Neutral
5324,Vijay Nair,27,Male,0.96,54.54,0.43,3,35,4,69.55,C,0,Can be improved,Neutral
5325,Kavya Singh,18,Female,1,45.24,0.54,6,28,6,63.06,C,0,Can be improved,Neutral
5326,Vijay Singh,26,Male,0.69,50.48,0.6,3,30,5,57.97,C,0,Average experience,Neutral
5327,Suresh Patel,27,Female,0.64,42.56,0.72,4,2,9,49.78,D,0,Waste of time,Negative
5328,Vijay Kumar,20,Male,0.98,44.94,0.82,6,23,1,65.33,C,0,Okay course,Neutral
5329,Karthik Patel,24,Male,0.72,41.95,0.47,9,39,1,53.69,D,0,Waste of time,Negative
5330,Meena Das,22,Male,0.64,40.95,0.84,3,28,1,63.82,C,0,Normal learning experience,Neutral
5331,Ravi Sharma,19,Male,0.55,29.54,0.72,5,9,3,53.97,D,0,Poor explanations,Negative
5332,Divya Patel,20,Male,0.79,26.41,0.72,8,1,1,55.36,C,0,Nothing special,Neutral
5333,Priya Sharma,18,Female,0.86,39.8,0.8,5,44,4,75.41,B,0,Great course and very helpful,Positive
5334,Meena Das,24,Male,0.78,47.74,0.86,5,44,5,83.83,B,0,Very engaging and informative,Positive
5335,Kavya Nair,28,Female,0.49,34.02,0.77,8,33,2,47.66,D,0,Poor explanations,Negative
5336,Ravi Das,20,Male,0.64,38.39,0.6,4,41,6,70.09,B,0,Very engaging and informative,Positive
5337,Arun Kumar,24,Male,1,30.41,0.71,9,3,0,64.81,C,0,Okay course,Neutral
5338,Suresh Sharma,20,Male,0.81,56.11,0.87,7,47,1,80.29,B,0,Very engaging and informative,Positive
5339,Priya Das,20,Male,0.82,43.8,0.69,9,42,0,75.76,B,0,Great course and very helpful,Positive
5340,Kavya Reddy,23,Male,0.38,49.85,0.8,9,38,8,58.6,C,0,Can be improved,Neutral
5341,Rahul Singh,19,Female,0.68,46.97,0.88,9,40,3,64.45,C,0,Nothing special,Neutral
5342,Anjali Gupta,22,Female,0.49,40.05,0.72,6,37,1,56.26,C,0,Average experience,Neutral
5343,Kavya Singh,20,Male,1,33.99,0.79,6,44,0,76.98,B,0,Helped me improve a lot,Positive
5344,Ravi Patel,18,Male,0.85,58.08,0.65,3,31,1,68.72,C,0,Okay course,Neutral
5345,Sneha Verma,25,Female,0.88,40.67,0.67,8,26,4,60.38,C,0,Normal learning experience,Neutral
5346,Anjali Kumar,19,Female,0.88,50.01,0.83,9,5,6,73.44,B,0,Very engaging and informative,Positive
5347,Karthik Kumar,30,Female,0.78,52.88,0.89,9,0,2,72.45,B,0,Excellent platform for learning,Positive
5348,Sneha Iyer,25,Male,0.72,25.83,0.58,4,9,9,42.34,D,0,Too difficult to follow,Negative
5349,Vijay Kumar,25,Female,0.53,66.97,0.65,5,10,8,47.19,D,0,Very confusing content,Negative
5350,Meena Kumar,18,Male,0.46,46.64,0.6,7,2,8,50.92,D,0,Waste of time,Negative
5351,Arun Kumar,23,Female,0.35,24.18,0.58,9,43,8,51.08,D,0,Waste of time,Negative
5352,Priya Das,18,Female,0.75,31.78,0.9,9,18,3,70.8,B,0,Loved the teaching style,Positive
5353,Arun Iyer,27,Male,0.39,29.18,0.9,7,23,3,55.15,C,0,Average experience,Neutral
5354,Meena Gupta,21,Female,0.95,51.15,0.64,6,48,3,71.42,B,0,Loved the teaching style,Positive
5355,Ravi Kumar,25,Female,0.77,17.57,0.41,8,28,7,50.09,D,0,Not useful at all,Negative
5356,Priya Verma,25,Male,1,44.21,0.8,7,37,3,69.87,C,0,Can be improved,Neutral
5357,Meena Singh,19,Female,0.68,15.79,0.69,8,48,2,65.04,C,0,Nothing special,Neutral
5358,Rahul Reddy,28,Male,0.86,34.69,0.49,6,2,6,57.74,C,0,Average experience,Neutral
5359,Anjali Nair,28,Male,0.57,30.67,0.99,6,18,3,65.43,C,0,Can be improved,Neutral
5360,Priya Kumar,22,Male,0.78,49.3,0.78,4,39,3,69.73,C,0,Normal learning experience,Neutral
5361,Vijay Verma,22,Male,0.75,33.83,0.5,5,12,6,54.6,D,0,Very confusing content,Negative
5362,Arun Iyer,30,Male,0.9,46.4,0.82,9,3,4,69.06,C,0,Normal learning experience,Neutral
5363,Rahul Gupta,18,Female,0.95,48.47,0.61,6,3,2,61.85,C,0,Normal learning experience,Neutral
5364,Priya Sharma,20,Female,0.42,34.77,0.84,3,32,3,52.82,D,0,Too difficult to follow,Negative
5365,Karthik Sharma,19,Male,0.33,47.41,0.74,3,31,3,44.39,D,0,Too difficult to follow,Negative
5366,Kavya Singh,22,Male,0.75,39.51,0.27,5,35,5,44.42,D,0,Not useful at all,Negative
5367,Suresh Singh,24,Female,0.6,20.45,0.82,5,5,1,47.63,D,0,Very confusing content,Negative
5368,Sneha Gupta,23,Male,1,47.69,0.7,3,41,9,71.34,B,0,Helped me improve a lot,Positive
5369,Suresh Nair,27,Male,0.63,50.34,0.57,5,25,1,60.77,C,0,Can be improved,Neutral
5370,Divya Das,23,Male,1,45.9,0.74,9,34,3,72.83,B,0,Excellent platform for learning,Positive
5371,Ravi Nair,24,Female,0.41,38.91,0.91,8,17,0,57.17,C,0,Nothing special,Neutral
5372,Arun Iyer,23,Female,0.78,54.8,0.69,6,30,5,63.28,C,0,Okay course,Neutral
5373,Divya Das,28,Female,0.81,25.1,0.73,7,26,7,58.78,C,0,Can be improved,Neutral
5374,Ravi Iyer,25,Male,0.79,48.82,0.86,3,45,6,77.27,B,0,Excellent platform for learning,Positive
5375,Priya Nair,28,Male,0.56,11.46,0.97,3,0,7,48.16,D,0,Waste of time,Negative
5376,Divya Singh,19,Male,0.84,30.26,0.32,8,17,7,48.45,D,0,Poor explanations,Negative
5377,Priya Sharma,24,Female,0.79,40.91,0.74,8,49,3,65.21,C,0,Normal learning experience,Neutral
5378,Anjali Das,25,Male,1,34.41,0.9,3,46,2,74.14,B,0,Helped me improve a lot,Positive
5379,Meena Kumar,25,Female,0.49,61.11,0.86,9,0,2,59.39,C,0,Average experience,Neutral
5380,Arun Nair,29,Female,0.51,48.45,0.41,3,44,4,57.47,C,0,Okay course,Neutral
5381,Arun Das,20,Female,0.87,32.96,0.64,6,3,8,54.52,D,0,Poor explanations,Negative
5382,Anjali Singh,22,Female,0.96,15.62,0.46,7,24,9,54.94,D,0,Poor explanations,Negative
5383,Ravi Kumar,28,Male,0.31,41.22,0.67,8,32,4,50.84,D,0,Too difficult to follow,Negative
5384,Karthik Verma,19,Female,0.89,50.42,0.17,3,41,3,52.74,D,0,Very confusing content,Negative
5385,Arun Kumar,23,Male,0.5,48.32,0.46,5,19,9,40.6,D,0,Not useful at all,Negative
5386,Anjali Das,24,Male,0.78,44.33,0.66,4,13,2,55.32,C,0,Okay course,Neutral
5387,Meena Nair,18,Male,1,21.58,0.54,9,39,7,67.31,C,0,Nothing special,Neutral
5388,Sneha Iyer,30,Male,0.7,30.72,0.85,5,43,3,69.82,C,0,Average experience,Neutral
5389,Kavya Iyer,25,Female,0.89,33.9,0.64,7,40,4,58.09,C,0,Nothing special,Neutral
5390,Kavya Nair,23,Male,0.98,37.18,0.69,8,31,1,64.64,C,0,Okay course,Neutral
5391,Meena Reddy,23,Male,0.99,43.02,0.67,8,10,6,69.7,C,0,Okay course,Neutral
5392,Vijay Patel,29,Male,0.53,33.14,0.68,5,42,1,40.79,D,0,Too difficult to follow,Negative
5393,Sneha Singh,18,Male,0.94,11.47,0.77,9,24,2,68.54,C,0,Can be improved,Neutral
5394,Divya Verma,19,Male,0.96,3.03,0.7,4,0,0,52.41,D,0,Very confusing content,Negative
5395,Rahul Das,27,Male,0.69,69.46,0.8,4,7,7,61.9,C,0,Nothing special,Neutral
5396,Karthik Gupta,27,Female,1,53.6,0.67,3,29,5,65.53,C,0,Okay course,Neutral
5397,Ravi Patel,22,Female,0.54,55.57,0.69,7,26,1,52.12,D,0,Waste of time,Negative
5398,Kavya Singh,19,Male,0.92,62.42,0.74,5,35,0,67.76,C,0,Normal learning experience,Neutral
5399,Kavya Nair,29,Female,0.75,-0.71,0.77,9,45,1,76.3,B,0,Loved the teaching style,Positive
5400,Vijay Das,22,Female,0.67,37.07,0.64,6,7,4,47.92,D,0,Very confusing content,Negative
5401,Karthik Sharma,23,Female,1,33.61,0.61,5,9,7,62.75,C,0,Okay course,Neutral
5402,Arun Nair,18,Male,0.81,36.91,0.72,4,10,3,56.45,C,0,Average experience,Neutral
5403,Anjali Patel,20,Male,0.57,41.09,0.91,8,18,7,62.16,C,0,Average experience,Neutral
5404,Priya Das,28,Female,0.46,32.76,0.44,6,23,8,40.66,D,0,Too difficult to follow,Negative
5405,Anjali Gupta,23,Female,0.88,44.1,0.93,6,38,4,75.16,B,0,Very engaging and informative,Positive
5406,Arun Sharma,22,Female,0.43,28.9,0.55,6,34,6,47.51,D,0,Too difficult to follow,Negative
5407,Kavya Kumar,22,Male,0.42,46.45,0.53,5,0,5,52.75,D,0,Not useful at all,Negative
5408,Arun Nair,28,Male,0.86,16.59,0.88,4,12,6,66.6,C,0,Average experience,Neutral
5409,Divya Reddy,30,Female,0.69,37.15,0.17,8,39,9,58.04,C,0,Can be improved,Neutral
5410,Meena Singh,24,Female,0.63,40.04,0.8,9,9,7,59.41,C,0,Nothing special,Neutral
5411,Kavya Iyer,21,Female,0.75,62.63,0.48,4,12,8,59.59,C,0,Nothing special,Neutral
5412,Kavya Singh,28,Female,0.9,37.85,0.61,3,17,5,56.79,C,0,Nothing special,Neutral
5413,Vijay Das,18,Female,0.35,39.81,0.35,8,25,1,42.09,D,0,Waste of time,Negative
5414,Suresh Verma,28,Female,1,54.92,0.71,5,10,5,72.74,B,0,Great course and very helpful,Positive
5415,Kavya Das,24,Male,0.86,40.46,0.93,8,9,4,73.44,B,0,Very engaging and informative,Positive
5416,Kavya Gupta,29,Female,0.57,19.96,0.51,7,16,8,48.81,D,0,Very confusing content,Negative
5417,Divya Singh,28,Female,0.91,63.49,0.76,7,17,3,70.11,B,0,Excellent platform for learning,Positive
5418,Sneha Iyer,23,Female,0.56,36.87,0.39,7,22,8,45.66,D,0,Too difficult to follow,Negative
5419,Meena Patel,27,Male,0.83,42.95,0.81,6,11,4,69.95,C,0,Okay course,Neutral
5420,Rahul Verma,19,Female,0.91,57.07,0.73,6,12,0,67.12,C,0,Can be improved,Neutral
5421,Suresh Nair,23,Male,0.78,48.84,1,9,41,1,78.52,B,0,Great course and very helpful,Positive
5422,Meena Reddy,27,Female,0.49,56.5,0.85,3,20,5,56.99,C,0,Normal learning experience,Neutral
5423,Arun Das,19,Female,0.65,36.67,0.45,5,12,6,48.82,D,0,Too difficult to follow,Negative
5424,Divya Kumar,18,Male,0.72,35,0.39,4,6,5,51,D,0,Poor explanations,Negative
5425,Karthik Patel,25,Male,0.59,55.01,0.79,7,41,7,72.77,B,0,Loved the teaching style,Positive
5426,Priya Kumar,29,Female,0.59,11.76,0.68,5,1,2,49.5,D,0,Too difficult to follow,Negative
5427,Vijay Singh,19,Female,1,29.09,0.89,9,33,7,73.21,B,0,Loved the teaching style,Positive
5428,Karthik Verma,23,Female,0.63,36.14,0.63,6,28,7,56.75,C,0,Normal learning experience,Neutral
5429,Meena Singh,22,Male,0.52,60.13,0.72,6,7,6,65.69,C,0,Okay course,Neutral
5430,Ravi Singh,30,Female,0.49,61.17,0.67,3,30,7,54.65,D,0,Poor explanations,Negative
5431,Anjali Iyer,28,Female,0.67,34.74,0.78,9,42,2,79.35,B,0,Great course and very helpful,Positive
5432,Sneha Sharma,26,Male,0.75,49.13,0.77,7,14,3,65.29,C,0,Normal learning experience,Neutral
5433,Arun Reddy,18,Male,0.63,26.44,0.62,7,41,2,52.93,D,0,Waste of time,Negative
5434,Karthik Verma,21,Female,0.67,59.96,0.55,9,23,8,65.25,C,0,Nothing special,Neutral
5435,Vijay Kumar,26,Female,0.84,42.36,0.89,8,45,7,77.39,B,0,Very engaging and informative,Positive
5436,Anjali Reddy,20,Female,1,54.7,0.72,7,20,7,77.74,B,0,Great course and very helpful,Positive
5437,Suresh Kumar,23,Male,0.68,27.65,0.55,9,24,2,51.48,D,0,Poor explanations,Negative
5438,Suresh Sharma,18,Female,0.33,42.42,0.65,3,40,4,55.69,C,0,Normal learning experience,Neutral
5439,Meena Nair,20,Female,0.89,32.11,0.62,5,8,0,60.23,C,0,Okay course,Neutral
5440,Meena Gupta,23,Male,0.78,40.26,1,3,29,6,74.62,B,0,Loved the teaching style,Positive
5441,Divya Nair,24,Female,1,46.25,0.86,9,40,0,87.29,A,0,Excellent platform for learning,Positive
5442,Anjali Das,23,Female,0.91,60.14,0.91,8,10,2,69.49,C,0,Normal learning experience,Neutral
5443,Arun Iyer,27,Male,0.99,0.84,0.81,9,27,2,67.16,C,0,Nothing special,Neutral
5444,Ravi Das,27,Male,0.6,38.26,0.5,3,26,7,56.28,C,0,Can be improved,Neutral
5445,Arun Das,27,Male,0.52,36.36,0.6,7,36,6,64.76,C,0,Average experience,Neutral
5446,Ravi Gupta,22,Male,0.56,66.32,0.41,6,40,8,55.76,C,0,Normal learning experience,Neutral
5447,Meena Sharma,24,Female,0.94,26.72,1,7,16,0,69.77,C,0,Average experience,Neutral
5448,Suresh Verma,26,Female,1,60.87,0.57,3,43,7,59.38,C,0,Normal learning experience,Neutral
5449,Suresh Das,27,Male,0.93,48.82,0.8,4,34,4,68.8,C,0,Nothing special,Neutral
5450,Arun Gupta,21,Female,0.48,37.72,0.85,7,34,4,68.85,C,0,Okay course,Neutral
5451,Anjali Verma,23,Female,0.54,40.53,1,3,39,8,60.32,C,0,Normal learning experience,Neutral
5452,Kavya Singh,20,Female,1,24.99,0.83,8,24,5,72.12,B,0,Loved the teaching style,Positive
5453,Suresh Sharma,19,Female,0.84,40.66,0.54,3,6,9,64.24,C,0,Okay course,Neutral
5454,Rahul Das,26,Male,0.91,2.64,0.87,6,8,4,61.57,C,0,Nothing special,Neutral
5455,Priya Gupta,22,Male,0.74,36.99,0.72,9,37,3,75.58,B,0,Helped me improve a lot,Positive
5456,Anjali Nair,24,Male,0.27,64.15,0.78,9,17,8,57.1,C,0,Normal learning experience,Neutral
5457,Meena Kumar,30,Female,0.85,33.38,1,4,9,3,61.98,C,0,Okay course,Neutral
5458,Priya Sharma,28,Male,0.64,45.42,0.54,5,2,0,46.79,D,0,Too difficult to follow,Negative
5459,Ravi Iyer,30,Female,0.7,55.32,0.72,4,32,9,73.07,B,0,Excellent platform for learning,Positive
5460,Vijay Nair,18,Male,0.58,13.35,0.69,8,4,0,56.85,C,0,Normal learning experience,Neutral
5461,Sneha Singh,20,Male,0.64,31.24,0.52,7,26,1,46.09,D,0,Very confusing content,Negative
5462,Ravi Singh,27,Male,0.67,-16.72,0.39,7,34,1,46.96,D,0,Not useful at all,Negative
5463,Suresh Kumar,28,Male,0.98,19.45,1,8,32,7,77.58,B,0,Great course and very helpful,Positive
5464,Divya Das,30,Female,0.68,53.1,0.51,5,37,7,63.46,C,0,Okay course,Neutral
5465,Arun Gupta,23,Male,0.52,31.36,0.62,6,27,8,51.32,D,0,Poor explanations,Negative
5466,Karthik Das,23,Female,1,50.82,0.36,8,4,8,59.97,C,0,Nothing special,Neutral
5467,Anjali Singh,29,Female,0.48,43.44,0.69,7,21,1,52.15,D,0,Waste of time,Negative
5468,Anjali Patel,22,Male,1,36.39,0.95,9,5,8,81.51,B,0,Helped me improve a lot,Positive
5469,Suresh Patel,27,Female,1,32.58,0.69,3,13,8,69.05,C,0,Nothing special,Neutral
5470,Meena Verma,20,Female,0.75,59.36,0.67,5,34,1,72.87,B,0,Helped me improve a lot,Positive
5471,Vijay Sharma,28,Female,0.98,32.43,1,7,41,2,73.78,B,0,Loved the teaching style,Positive
5472,Suresh Patel,25,Male,0.83,55.05,1,9,3,0,78.01,B,0,Very engaging and informative,Positive
5473,Priya Sharma,27,Male,0.81,37.72,0.15,8,18,1,44.35,D,0,Poor explanations,Negative
5474,Kavya Patel,19,Male,0.56,31.61,0.66,3,45,2,67.73,C,0,Can be improved,Neutral
5475,Arun Singh,29,Male,0.76,53.89,0.71,8,35,4,67.83,C,0,Nothing special,Neutral
5476,Ravi Iyer,19,Female,0.56,16.77,0.99,6,48,6,61.96,C,0,Normal learning experience,Neutral
5477,Divya Gupta,25,Male,0.69,64.58,0.63,7,3,7,73.28,B,0,Loved the teaching style,Positive
5478,Kavya Kumar,20,Female,0.93,45.42,1,3,20,6,79.6,B,0,Very engaging and informative,Positive
5479,Ravi Gupta,23,Male,0.7,46.76,0.88,8,47,2,76.2,B,0,Loved the teaching style,Positive
5480,Divya Nair,19,Male,0.73,70.32,0.4,3,13,9,47.74,D,0,Too difficult to follow,Negative
5481,Vijay Patel,28,Female,0.52,9.42,0.59,7,20,0,55.98,C,0,Normal learning experience,Neutral
5482,Arun Sharma,28,Male,0.77,15.42,0.53,4,2,9,50.98,D,0,Very confusing content,Negative
5483,Kavya Singh,25,Female,0.57,41.54,0.54,7,33,8,59.9,C,0,Average experience,Neutral
5484,Ravi Verma,25,Male,0.78,62.58,0.68,3,15,4,62.75,C,0,Normal learning experience,Neutral
5485,Karthik Reddy,20,Male,0.49,73.87,0.66,6,0,3,53.13,D,0,Very confusing content,Negative
5486,Vijay Kumar,28,Male,0.84,37.1,0.45,9,46,9,58.36,C,0,Okay course,Neutral
5487,Ravi Iyer,23,Female,0.61,54.03,0.67,8,29,3,62.61,C,0,Average experience,Neutral
5488,Anjali Reddy,19,Female,0.52,31.71,0.43,8,44,4,45.02,D,0,Not useful at all,Negative
5489,Meena Das,24,Male,0.53,59.32,0.71,4,27,8,52.6,D,0,Not useful at all,Negative
5490,Rahul Sharma,29,Male,0.71,46.59,0.85,7,13,4,61.29,C,0,Normal learning experience,Neutral
5491,Vijay Nair,29,Male,0.49,66.18,0.77,4,29,6,61.43,C,0,Average experience,Neutral
5492,Sneha Sharma,30,Female,0.7,73.24,0.94,5,12,0,79.55,B,0,Very engaging and informative,Positive
5493,Rahul Kumar,22,Male,0.74,52.25,0.95,5,49,8,64.12,C,0,Normal learning experience,Neutral
5494,Vijay Reddy,26,Male,0.72,49.3,0.79,6,27,4,63.93,C,0,Nothing special,Neutral
5495,Vijay Nair,29,Male,1,57.99,0.51,7,25,6,65.38,C,0,Okay course,Neutral
5496,Rahul Nair,20,Male,0.55,34.52,0.72,8,22,6,53.93,D,0,Poor explanations,Negative
5497,Arun Patel,19,Female,0.94,31.48,0.73,9,41,1,71.09,B,0,Loved the teaching style,Positive
5498,Divya Sharma,28,Female,0.33,34.2,1,7,18,4,58.08,C,0,Normal learning experience,Neutral
5499,Vijay Verma,30,Male,0.54,49.75,1,6,11,3,60.57,C,0,Average experience,Neutral
5500,Sneha Gupta,20,Female,0.55,33.23,0.87,6,35,6,71.09,B,0,Very engaging and informative,Positive
5501,Priya Nair,19,Male,0.73,29.54,1,8,24,1,78.94,B,0,Excellent platform for learning,Positive
5502,Arun Sharma,20,Male,0.38,33.89,0.81,7,35,6,49,D,0,Very confusing content,Negative
5503,Divya Verma,21,Male,0.68,49.31,0.59,9,17,4,68.65,C,0,Okay course,Neutral
5504,Sneha Singh,19,Male,0.72,57.85,0.97,7,24,3,68.26,C,0,Can be improved,Neutral
5505,Ravi Gupta,28,Male,0.61,49.52,0.89,8,28,9,67,C,0,Average experience,Neutral
5506,Vijay Iyer,18,Female,0.86,39.69,0.37,9,35,6,67.89,C,0,Average experience,Neutral
5507,Sneha Gupta,30,Male,0.55,34.93,0.82,9,9,6,55.63,C,0,Okay course,Neutral
5508,Karthik Das,25,Male,0.5,49.94,0.33,4,24,9,38.1,Fail,0,Too difficult to follow,Negative
5509,Arun Nair,24,Male,0.62,51.8,0.84,9,8,8,59.73,C,0,Normal learning experience,Neutral
5510,Sneha Singh,22,Female,0.75,76.02,0.86,7,6,7,71.64,B,0,Loved the teaching style,Positive
5511,Divya Reddy,21,Male,0.87,34.2,0.71,5,19,6,60.99,C,0,Can be improved,Neutral
5512,Anjali Nair,25,Female,0.95,25.85,0.61,7,39,2,60.79,C,0,Normal learning experience,Neutral
5513,Meena Reddy,19,Male,0.45,48.44,0.94,3,6,5,53.98,D,0,Not useful at all,Negative
5514,Anjali Iyer,25,Female,0.93,40.15,0.7,8,37,4,74.68,B,0,Loved the teaching style,Positive
5515,Karthik Iyer,21,Male,0.82,57.04,0.78,8,43,5,75.04,B,0,Excellent platform for learning,Positive
5516,Priya Kumar,21,Female,0.71,58.29,0.44,5,42,9,65.63,C,0,Normal learning experience,Neutral
5517,Meena Reddy,23,Female,0.74,56.88,0.82,9,23,8,69.34,C,0,Nothing special,Neutral
5518,Ravi Sharma,26,Male,0.37,12.09,0.6,6,0,2,36.91,Fail,1,Too difficult to follow,Negative
5519,Suresh Sharma,23,Female,0.54,60.28,0.45,8,19,9,56.95,C,0,Nothing special,Neutral
5520,Ravi Kumar,26,Male,0.82,49.46,0.93,5,45,2,85.35,A,0,Helped me improve a lot,Positive
5521,Rahul Sharma,18,Female,0.81,19.93,1,4,43,0,68.1,C,0,Average experience,Neutral
5522,Arun Reddy,29,Male,0.59,24.06,0.84,9,38,0,71.16,B,0,Helped me improve a lot,Positive
5523,Arun Reddy,23,Male,0.8,52.8,1,7,0,7,65.9,C,0,Can be improved,Neutral
5524,Rahul Singh,29,Male,1,48,0.79,6,8,4,67.31,C,0,Average experience,Neutral
5525,Meena Gupta,18,Male,1,62.33,0.39,8,22,4,61.42,C,0,Normal learning experience,Neutral
5526,Rahul Gupta,30,Female,0.78,42.89,0.98,4,41,8,73.6,B,0,Very engaging and informative,Positive
5527,Sneha Kumar,22,Female,0.59,39.44,0.67,9,11,7,57.36,C,0,Normal learning experience,Neutral
5528,Arun Nair,22,Female,1,51.48,0.68,4,38,1,70.28,B,0,Helped me improve a lot,Positive
5529,Kavya Patel,21,Female,0.86,44.59,0.55,9,35,9,75.03,B,0,Excellent platform for learning,Positive
5530,Karthik Singh,19,Male,0.74,34.29,0.57,8,46,5,66.34,C,0,Average experience,Neutral
5531,Anjali Verma,23,Male,0.85,45.66,0.56,8,40,9,57.18,C,0,Can be improved,Neutral
5532,Arun Patel,26,Female,0.38,44.29,0.53,6,22,1,54.25,D,0,Poor explanations,Negative
5533,Priya Iyer,25,Male,0.51,28.3,0.95,3,34,2,65.62,C,0,Can be improved,Neutral
5534,Divya Gupta,22,Male,0.56,17.16,1,6,21,5,60.19,C,0,Can be improved,Neutral
5535,Arun Sharma,25,Female,0.69,43.71,1,3,10,7,64.01,C,0,Average experience,Neutral
5536,Suresh Das,19,Female,1,48.66,1,3,24,8,78.25,B,0,Helped me improve a lot,Positive
5537,Suresh Sharma,25,Male,0.72,48.99,0.55,7,9,0,62.61,C,0,Can be improved,Neutral
5538,Sneha Kumar,29,Female,0.68,25.27,0.88,9,34,0,70.54,B,0,Great course and very helpful,Positive
5539,Rahul Sharma,22,Male,0.88,36.51,0.26,8,8,6,55.42,C,0,Okay course,Neutral
5540,Anjali Iyer,23,Female,0.3,35.13,0.46,6,22,8,36.15,Fail,0,Waste of time,Negative
5541,Ravi Verma,26,Male,0.56,20.68,0.53,8,38,0,53.92,D,0,Poor explanations,Negative
5542,Karthik Nair,20,Female,0.62,53.08,0.93,5,33,5,77.44,B,0,Excellent platform for learning,Positive
5543,Kavya Singh,26,Female,1,21.73,0.83,4,19,4,71.79,B,0,Very engaging and informative,Positive
5544,Vijay Patel,24,Female,0.68,40.59,0.77,3,18,6,59.9,C,0,Okay course,Neutral
5545,Rahul Patel,29,Female,0.76,45.88,0.83,7,14,8,66.8,C,0,Average experience,Neutral
5546,Karthik Das,29,Female,0.9,63.99,0.99,9,4,6,87.32,A,0,Great course and very helpful,Positive
5547,Karthik Patel,29,Male,1,63.11,0.76,8,14,3,79.18,B,0,Excellent platform for learning,Positive
5548,Anjali Sharma,26,Female,0.57,30.02,0.57,4,4,8,42.78,D,0,Very confusing content,Negative
5549,Vijay Sharma,20,Female,0.74,36.94,0.61,6,35,7,64.32,C,0,Can be improved,Neutral
5550,Karthik Singh,24,Male,0.71,40.57,0.35,9,1,6,46.5,D,0,Not useful at all,Negative
5551,Kavya Gupta,26,Female,0.74,65.02,0.64,6,33,3,73.17,B,0,Loved the teaching style,Positive
5552,Meena Kumar,21,Female,0.55,42.77,0.95,5,7,2,57.1,C,0,Normal learning experience,Neutral
5553,Kavya Patel,25,Female,1,44.55,0.59,5,8,9,59.37,C,0,Average experience,Neutral
5554,Kavya Singh,29,Male,1,39.57,0.38,7,31,1,63.58,C,0,Okay course,Neutral
5555,Priya Das,26,Female,0.8,39.34,0.83,5,23,1,69.24,C,0,Okay course,Neutral
5556,Vijay Patel,22,Female,0.67,26.78,0.96,6,23,4,63.21,C,0,Normal learning experience,Neutral
5557,Arun Sharma,24,Female,0.72,62.77,0.92,3,41,2,71.32,B,0,Very engaging and informative,Positive
5558,Karthik Kumar,19,Female,0.97,37.96,0.38,6,48,1,65.32,C,0,Can be improved,Neutral
5559,Arun Nair,18,Female,0.4,26.71,0.82,7,2,1,62.25,C,0,Nothing special,Neutral
5560,Kavya Patel,29,Male,0.99,38.72,0.93,5,3,7,74.19,B,0,Excellent platform for learning,Positive
5561,Priya Singh,24,Male,0.88,43.49,1,8,46,1,87.97,A,0,Excellent platform for learning,Positive
5562,Rahul Verma,24,Female,0.59,55.57,0.65,7,46,4,64.32,C,0,Can be improved,Neutral
5563,Anjali Verma,30,Male,0.55,42.1,0.8,3,9,5,51.75,D,0,Waste of time,Negative
5564,Karthik Verma,25,Female,0.74,55.26,0.9,7,20,5,75.86,B,0,Very engaging and informative,Positive
5565,Karthik Patel,24,Male,0.67,51.92,0.54,6,40,4,50.17,D,0,Not useful at all,Negative
5566,Priya Reddy,30,Male,0.85,14.12,0.57,6,21,4,55.14,C,0,Nothing special,Neutral
5567,Meena Iyer,25,Female,0.3,47.55,0.78,3,36,5,51.64,D,0,Waste of time,Negative
5568,Suresh Kumar,22,Male,0.99,35.84,0.68,6,45,2,67.08,C,0,Can be improved,Neutral
5569,Ravi Singh,29,Female,1,28.69,0.44,7,46,4,73.24,B,0,Loved the teaching style,Positive
5570,Arun Das,21,Female,0.62,51.72,0.59,8,14,9,54.12,D,0,Very confusing content,Negative
5571,Divya Verma,25,Female,0.76,56.4,0.79,4,14,5,73.28,B,0,Great course and very helpful,Positive
5572,Sneha Das,30,Male,0.56,61.3,0.71,7,47,1,58.92,C,0,Average experience,Neutral
5573,Rahul Verma,29,Female,0.93,42.86,0.41,8,17,9,52.81,D,0,Waste of time,Negative
5574,Sneha Verma,24,Male,0.52,55.08,0.46,8,41,9,54.84,D,0,Not useful at all,Negative
5575,Ravi Iyer,27,Female,1,34.8,0.7,9,7,6,59.81,C,0,Nothing special,Neutral
5576,Rahul Patel,23,Female,1,34.61,0.84,4,20,5,75.91,B,0,Very engaging and informative,Positive
5577,Anjali Patel,30,Female,0.63,19.27,0.69,4,43,3,56.38,C,0,Average experience,Neutral
5578,Sneha Patel,24,Female,0.96,22.79,0.43,8,8,0,54.35,D,0,Too difficult to follow,Negative
5579,Rahul Das,29,Female,0.81,28.07,0.58,4,21,4,55.86,C,0,Nothing special,Neutral
5580,Meena Sharma,27,Female,0.66,43.02,0.87,7,46,3,66.77,C,0,Normal learning experience,Neutral
5581,Anjali Kumar,19,Male,0.88,43.62,0.79,8,0,4,66.28,C,0,Okay course,Neutral
5582,Meena Kumar,18,Male,0.53,41.82,0.74,7,36,9,65.28,C,0,Okay course,Neutral
5583,Sneha Nair,28,Male,0.73,66.71,0.82,9,26,4,69.56,C,0,Okay course,Neutral
5584,Kavya Kumar,18,Female,0.88,45.09,0.69,9,35,8,79.36,B,0,Loved the teaching style,Positive
5585,Priya Patel,18,Female,0.11,58.64,0.88,7,4,8,40.05,D,0,Waste of time,Negative
5586,Kavya Das,19,Male,0.48,56.11,0.7,3,13,8,43.26,D,0,Very confusing content,Negative
5587,Kavya Reddy,28,Female,0.96,51.31,0.54,9,29,7,68.61,C,0,Nothing special,Neutral
5588,Arun Gupta,18,Female,0.84,47.44,0.47,3,42,3,58.22,C,0,Normal learning experience,Neutral
5589,Priya Nair,27,Male,1,41.69,0.55,9,18,3,64.78,C,0,Okay course,Neutral
5590,Divya Patel,22,Female,1,38.7,0.77,7,1,8,60.79,C,0,Can be improved,Neutral
5591,Kavya Iyer,21,Female,0.54,44.37,0.73,9,45,0,61.38,C,0,Nothing special,Neutral
5592,Sneha Iyer,18,Male,0.32,41.59,0.5,6,31,4,48.5,D,0,Not useful at all,Negative
5593,Sneha Patel,18,Male,0.48,34.04,0.61,8,14,1,62.03,C,0,Nothing special,Neutral
5594,Ravi Das,29,Female,0.97,36.34,0.75,8,13,1,67.74,C,0,Average experience,Neutral
5595,Kavya Kumar,27,Female,0.63,69.61,0.63,9,45,7,69,C,0,Okay course,Neutral
5596,Rahul Kumar,28,Male,0.73,53.61,0.37,9,47,6,61.21,C,0,Average experience,Neutral
5597,Arun Kumar,28,Male,0.57,45.96,0.95,4,40,4,56.82,C,0,Nothing special,Neutral
5598,Arun Gupta,24,Male,0.79,66.09,0.5,3,40,8,63.18,C,0,Can be improved,Neutral
5599,Divya Kumar,27,Female,0.93,18.1,0.87,4,27,6,63.29,C,0,Nothing special,Neutral
5600,Priya Gupta,27,Female,0.96,69.33,0.62,9,21,0,67.96,C,0,Normal learning experience,Neutral
5601,Vijay Reddy,21,Male,0.82,35.49,0.86,5,35,6,65.77,C,0,Okay course,Neutral
5602,Rahul Iyer,27,Female,0.66,26.41,0.56,3,42,2,60.33,C,0,Nothing special,Neutral
5603,Karthik Reddy,24,Female,0.62,61.59,0.75,3,49,6,69.79,C,0,Average experience,Neutral
5604,Ravi Patel,22,Female,0.73,11.69,0.67,4,10,0,55.55,C,0,Normal learning experience,Neutral
5605,Rahul Singh,23,Male,0.83,53.56,0.91,8,3,4,74.84,B,0,Loved the teaching style,Positive
5606,Arun Patel,25,Male,0.81,29.25,0.8,7,35,5,49.97,D,0,Poor explanations,Negative
5607,Ravi Verma,21,Male,0.53,51.37,0.64,9,0,2,62.88,C,0,Can be improved,Neutral
5608,Sneha Gupta,30,Female,0.85,33.16,0.52,5,6,6,45.27,D,0,Waste of time,Negative
5609,Sneha Iyer,29,Female,0.68,58.75,0.94,4,0,6,61.12,C,0,Okay course,Neutral
5610,Ravi Verma,19,Female,0.68,59.84,0.62,8,34,6,59.59,C,0,Nothing special,Neutral
5611,Kavya Patel,27,Male,0.65,51.85,0.76,9,39,3,61.28,C,0,Nothing special,Neutral
5612,Priya Singh,20,Female,0.93,46.06,0.57,7,32,2,69.23,C,0,Nothing special,Neutral
5613,Arun Patel,20,Female,0.62,59.12,0.82,8,48,8,66.47,C,0,Can be improved,Neutral
5614,Arun Verma,30,Female,1,47.24,0.58,5,35,1,79.13,B,0,Helped me improve a lot,Positive
5615,Kavya Singh,25,Female,0.62,56.66,0.59,5,24,8,56.63,C,0,Average experience,Neutral
5616,Meena Iyer,20,Female,0.87,22.88,0.37,4,44,6,60.79,C,0,Nothing special,Neutral
5617,Rahul Reddy,25,Female,0.38,41.22,0.5,8,25,2,44.02,D,0,Very confusing content,Negative
5618,Sneha Kumar,20,Female,0.77,41.1,0.44,3,6,1,52.55,D,0,Waste of time,Negative
5619,Suresh Patel,18,Female,0.84,40,0.7,3,28,5,57.84,C,0,Okay course,Neutral
5620,Anjali Das,27,Female,0.97,38.5,0.49,5,6,7,60.43,C,0,Can be improved,Neutral
5621,Rahul Patel,26,Female,0.88,37.39,0.81,3,22,6,72.06,B,0,Loved the teaching style,Positive
5622,Anjali Das,28,Male,0.81,7.36,0.92,7,6,5,65.55,C,0,Can be improved,Neutral
5623,Vijay Patel,29,Female,0.87,33.4,0.49,5,35,2,56.67,C,0,Can be improved,Neutral
5624,Priya Singh,26,Female,0.76,49.02,0.84,3,41,6,74.83,B,0,Loved the teaching style,Positive
5625,Anjali Sharma,30,Male,0.75,55,0.87,3,23,6,79.35,B,0,Helped me improve a lot,Positive
5626,Ravi Das,18,Male,0.71,32.99,0.74,3,13,6,49.68,D,0,Waste of time,Negative
5627,Rahul Patel,28,Female,0.77,42.61,0.54,3,36,6,62.51,C,0,Average experience,Neutral
5628,Arun Patel,28,Male,0.66,38.23,0.56,8,5,1,52.04,D,0,Not useful at all,Negative
5629,Arun Das,19,Male,1,54.57,0.86,9,5,5,76.75,B,0,Helped me improve a lot,Positive
5630,Suresh Verma,29,Female,0.7,22.1,0.31,6,36,1,43.47,D,0,Waste of time,Negative
5631,Vijay Sharma,23,Male,0.6,45.36,0.96,9,41,4,75.88,B,0,Loved the teaching style,Positive
5632,Ravi Nair,21,Female,0.57,27.27,0.62,4,36,1,57.96,C,0,Normal learning experience,Neutral
5633,Anjali Sharma,27,Male,0.79,28.04,0.36,5,25,8,59.05,C,0,Normal learning experience,Neutral
5634,Ravi Reddy,18,Male,0.81,35.33,0.69,5,8,7,53.76,D,0,Not useful at all,Negative
5635,Vijay Verma,25,Male,0.9,20.01,0.59,9,46,6,71.28,B,0,Great course and very helpful,Positive
5636,Ravi Reddy,19,Female,0.73,29.97,0.99,6,11,6,66.71,C,0,Nothing special,Neutral
5637,Karthik Iyer,24,Female,0.71,50.39,0.9,9,8,0,76.11,B,0,Helped me improve a lot,Positive
5638,Sneha Reddy,20,Female,0.8,51.87,0.54,5,37,3,53.76,D,0,Too difficult to follow,Negative
5639,Meena Iyer,27,Male,0.52,34.03,0.79,9,49,0,65.53,C,0,Nothing special,Neutral
5640,Ravi Patel,24,Female,0.74,43.08,0.98,9,34,1,74.57,B,0,Great course and very helpful,Positive
5641,Rahul Das,26,Male,1,30.98,0.6,5,20,9,56.62,C,0,Okay course,Neutral
5642,Kavya Das,21,Male,0.89,29.35,0.73,5,49,3,67.69,C,0,Can be improved,Neutral
5643,Suresh Das,26,Male,0.58,8.33,0.89,5,30,9,59.91,C,0,Can be improved,Neutral
5644,Suresh Reddy,24,Male,0.59,35.48,0.84,4,4,9,49.22,D,0,Poor explanations,Negative
5645,Sneha Patel,22,Female,0.68,43.01,1,9,8,1,66.04,C,0,Average experience,Neutral
5646,Anjali Nair,20,Male,0.73,23.83,0.56,9,13,4,49.63,D,0,Waste of time,Negative
5647,Priya Iyer,29,Female,0.74,31.77,0.7,8,32,9,65.99,C,0,Nothing special,Neutral
5648,Karthik Verma,21,Female,0.78,42.77,0.72,8,27,9,68.95,C,0,Normal learning experience,Neutral
5649,Suresh Iyer,27,Female,0.42,29.23,0.76,4,19,6,44.12,D,0,Not useful at all,Negative
5650,Suresh Reddy,30,Female,0.56,30.61,0.96,3,22,2,69.04,C,0,Nothing special,Neutral
5651,Meena Kumar,28,Male,0.59,28.18,1,9,43,0,70.18,B,0,Excellent platform for learning,Positive
5652,Arun Nair,23,Male,0.86,54.78,0.87,4,4,5,66.74,C,0,Okay course,Neutral
5653,Priya Kumar,28,Male,0.74,36.25,0.91,5,9,2,64.71,C,0,Can be improved,Neutral
5654,Priya Gupta,20,Male,0.81,59.84,0.79,6,7,2,54.33,D,0,Too difficult to follow,Negative
5655,Ravi Das,21,Female,0.65,45.88,0.59,5,22,0,46.13,D,0,Not useful at all,Negative
5656,Suresh Kumar,19,Male,0.89,40.61,0.83,4,15,6,79.32,B,0,Excellent platform for learning,Positive
5657,Sneha Sharma,20,Male,1,34.74,0.78,9,18,6,73.54,B,0,Excellent platform for learning,Positive
5658,Suresh Patel,23,Female,0.75,49.32,0.69,6,15,9,60.46,C,0,Average experience,Neutral
5659,Arun Gupta,18,Female,0.61,38.28,0.48,3,17,2,46.16,D,0,Too difficult to follow,Negative
5660,Arun Nair,25,Female,0.56,44.61,0.65,8,7,9,47.53,D,0,Very confusing content,Negative
5661,Anjali Patel,22,Female,0.84,43.41,0.71,5,3,7,64.69,C,0,Normal learning experience,Neutral
5662,Vijay Verma,19,Male,0.38,29.3,0.93,4,20,0,55.81,C,0,Okay course,Neutral
5663,Priya Patel,30,Female,0.58,63.6,0.62,8,40,4,61.42,C,0,Okay course,Neutral
5664,Priya Iyer,22,Male,0.81,19.09,1,9,29,4,75.25,B,0,Great course and very helpful,Positive
5665,Rahul Sharma,28,Female,0.71,54.58,0.62,4,47,6,60.44,C,0,Can be improved,Neutral
5666,Sneha Reddy,19,Male,0.8,30.79,0.9,7,7,7,73.37,B,0,Loved the teaching style,Positive
5667,Divya Verma,23,Female,0.71,24.85,0.76,7,22,8,57.8,C,0,Normal learning experience,Neutral
5668,Kavya Singh,21,Female,1,50.88,0.66,5,6,2,66.56,C,0,Okay course,Neutral
5669,Karthik Patel,30,Female,1,34.91,0.91,4,37,6,72.15,B,0,Excellent platform for learning,Positive
5670,Ravi Reddy,20,Male,1,52.21,0.61,9,18,5,70.17,B,0,Excellent platform for learning,Positive
5671,Divya Gupta,23,Male,0.92,-3.76,0.79,6,30,4,63.35,C,0,Nothing special,Neutral
5672,Divya Singh,29,Female,0.87,12.19,0.46,9,30,1,67.66,C,0,Can be improved,Neutral
5673,Divya Iyer,18,Male,1,53.6,0.32,3,21,2,63.59,C,0,Okay course,Neutral
5674,Anjali Singh,24,Female,0.84,46.84,0.67,5,18,0,66.52,C,0,Normal learning experience,Neutral
5675,Vijay Singh,29,Female,0.7,-6.21,0.35,3,46,2,39.73,Fail,0,Too difficult to follow,Negative
5676,Arun Reddy,23,Male,0.75,42.01,0.73,8,33,0,69.07,C,0,Can be improved,Neutral
5677,Anjali Iyer,20,Male,0.56,41.62,0.67,9,11,9,57.12,C,0,Can be improved,Neutral
5678,Divya Sharma,27,Male,0.89,27.1,0.66,4,2,4,66.37,C,0,Average experience,Neutral
5679,Arun Patel,30,Male,0.63,35.3,1,7,0,2,63.53,C,0,Average experience,Neutral
5680,Priya Nair,22,Female,0.45,49.6,0.57,4,35,1,47.22,D,0,Poor explanations,Negative
5681,Karthik Iyer,20,Female,0.63,64.7,0.92,5,15,8,64.77,C,0,Nothing special,Neutral
5682,Anjali Nair,30,Male,0.94,34.65,0.41,6,38,9,61.14,C,0,Nothing special,Neutral
5683,Divya Nair,25,Male,0.47,52.31,1,3,42,8,70.09,B,0,Excellent platform for learning,Positive
5684,Sneha Das,23,Female,0.87,20.25,0.86,5,24,0,71.06,B,0,Excellent platform for learning,Positive
5685,Ravi Iyer,18,Female,0.4,37.85,0.86,5,38,0,61.08,C,0,Okay course,Neutral
5686,Divya Kumar,19,Female,0.85,43.16,0.77,5,7,7,62.56,C,0,Okay course,Neutral
5687,Meena Iyer,22,Female,0.6,63.95,1,4,0,0,66.72,C,0,Average experience,Neutral
5688,Divya Patel,23,Male,0.53,44.47,0.99,4,47,6,65.15,C,0,Nothing special,Neutral
5689,Rahul Singh,29,Male,1,30.85,0.75,5,17,1,68.23,C,0,Average experience,Neutral
5690,Kavya Nair,27,Male,0.27,46.61,0.84,4,28,9,56.75,C,0,Normal learning experience,Neutral
5691,Karthik Iyer,29,Female,0.56,63.22,0.43,8,12,5,49.77,D,0,Waste of time,Negative
5692,Meena Sharma,24,Female,1,37.39,0.75,3,8,3,66.72,C,0,Normal learning experience,Neutral
5693,Karthik Verma,18,Female,1,46.09,0.54,8,35,2,62.63,C,0,Okay course,Neutral
5694,Divya Sharma,30,Female,1,3.22,0.7,4,47,8,76.79,B,0,Great course and very helpful,Positive
5695,Priya Patel,26,Male,0.56,78.43,1,6,17,8,67.83,C,0,Can be improved,Neutral
5696,Suresh Iyer,25,Female,0.77,31.02,0.83,5,38,8,66.36,C,0,Average experience,Neutral
5697,Kavya Singh,28,Female,1,36.72,0.65,7,6,0,68.39,C,0,Okay course,Neutral
5698,Kavya Reddy,20,Male,0.32,27.95,0.27,3,31,5,25.49,Fail,0,Too difficult to follow,Negative
5699,Meena Kumar,18,Female,0.67,28.33,0.82,9,36,2,73.67,B,0,Helped me improve a lot,Positive
5700,Meena Reddy,25,Female,0.47,57.57,0.54,8,46,4,55.65,C,0,Normal learning experience,Neutral
5701,Anjali Nair,22,Female,0.68,25.94,0.49,9,6,1,52.08,D,0,Poor explanations,Negative
5702,Karthik Kumar,30,Male,0.53,34.65,1,5,25,2,68.73,C,0,Normal learning experience,Neutral
5703,Divya Reddy,27,Female,0.53,27.84,0.63,8,7,1,56.9,C,0,Can be improved,Neutral
5704,Rahul Iyer,24,Male,0.79,25.4,0.59,3,47,7,67.7,C,0,Can be improved,Neutral
5705,Meena Das,28,Male,0.6,30,0.64,5,38,6,47.67,D,0,Waste of time,Negative
5706,Karthik Verma,18,Female,0.76,38.24,0.93,7,16,6,71.52,B,0,Very engaging and informative,Positive
5707,Arun Iyer,27,Male,1,12.88,1,8,25,5,71.16,B,0,Very engaging and informative,Positive
5708,Anjali Das,29,Male,0.72,33.76,0.76,9,19,3,77.75,B,0,Helped me improve a lot,Positive
5709,Ravi Reddy,22,Male,0.9,15.83,0.56,6,9,7,47.93,D,0,Not useful at all,Negative
5710,Ravi Gupta,27,Male,0.35,36.44,0.26,7,22,4,38.28,Fail,0,Poor explanations,Negative
5711,Vijay Iyer,26,Female,1,29.09,0.67,6,3,6,55.11,C,0,Nothing special,Neutral
5712,Anjali Das,22,Female,0.66,11.45,1,8,31,2,61.06,C,0,Normal learning experience,Neutral
5713,Anjali Patel,20,Female,0.64,38.61,0.85,7,26,6,62.97,C,0,Nothing special,Neutral
5714,Kavya Sharma,21,Male,0.7,50.26,0.58,6,46,6,65.44,C,0,Average experience,Neutral
5715,Sneha Sharma,22,Female,0.94,32.47,0.53,3,44,4,58.34,C,0,Okay course,Neutral
5716,Rahul Verma,22,Female,0.85,43.7,0.76,9,17,8,69.55,C,0,Normal learning experience,Neutral
5717,Meena Reddy,30,Male,0.99,24.78,0.7,7,31,9,71.94,B,0,Excellent platform for learning,Positive
5718,Ravi Das,26,Male,0.72,15.95,0.57,9,43,6,51.01,D,0,Poor explanations,Negative
5719,Suresh Verma,27,Female,0.52,42.34,0.56,9,2,2,45.58,D,0,Poor explanations,Negative
5720,Rahul Reddy,29,Female,0.83,6.17,0.8,4,19,0,54.33,D,0,Very confusing content,Negative
5721,Vijay Das,21,Male,0.29,53.96,0.79,4,41,4,63.43,C,0,Okay course,Neutral
5722,Vijay Singh,28,Female,0.68,58.01,0.6,4,16,7,53.77,D,0,Not useful at all,Negative
5723,Priya Patel,20,Male,0.9,16.41,0.61,9,26,6,64.4,C,0,Can be improved,Neutral
5724,Sneha Sharma,30,Female,0.64,17.52,0.81,3,34,1,60.18,C,0,Okay course,Neutral
5725,Kavya Nair,30,Male,0.93,29.39,0.47,7,24,2,54.03,D,0,Waste of time,Negative
5726,Anjali Sharma,24,Male,0.54,46.57,0.85,8,0,2,54.96,D,0,Poor explanations,Negative
5727,Priya Reddy,18,Female,0.61,37.21,0.99,5,18,5,64.96,C,0,Normal learning experience,Neutral
5728,Vijay Reddy,29,Male,1,40.33,0.89,3,22,7,74.58,B,0,Helped me improve a lot,Positive
5729,Vijay Reddy,30,Male,1,49.41,0.46,4,3,3,55.22,C,0,Can be improved,Neutral
5730,Ravi Singh,28,Female,0.74,17.66,0.7,8,23,7,53.39,D,0,Too difficult to follow,Negative
5731,Kavya Reddy,30,Female,0.83,46.06,0.72,7,8,2,69.27,C,0,Normal learning experience,Neutral
5732,Karthik Das,28,Female,0.8,44.09,0.81,5,23,4,67.95,C,0,Nothing special,Neutral
5733,Suresh Das,24,Female,0.85,55.19,0.48,8,10,6,51.77,D,0,Waste of time,Negative
5734,Ravi Singh,28,Male,0.95,28.21,0.59,7,46,1,68.58,C,0,Nothing special,Neutral
5735,Priya Patel,22,Female,1,38.5,0.43,3,37,8,51.23,D,0,Poor explanations,Negative
5736,Sneha Nair,25,Female,0.67,38.88,0.71,3,5,0,47.22,D,0,Too difficult to follow,Negative
5737,Arun Sharma,26,Female,0.9,45.28,0.39,8,36,5,55.53,C,0,Average experience,Neutral
5738,Karthik Kumar,28,Male,0.75,32.62,0.72,8,12,7,61.86,C,0,Can be improved,Neutral
5739,Priya Sharma,26,Female,0.83,47.55,0.61,9,3,7,57.73,C,0,Can be improved,Neutral
5740,Karthik Iyer,28,Male,0.65,63.95,0.51,8,34,2,56.88,C,0,Normal learning experience,Neutral
5741,Kavya Verma,23,Female,0.17,34.84,0.91,8,3,9,38.51,Fail,0,Poor explanations,Negative
5742,Divya Sharma,26,Female,0.54,30.62,0.64,9,7,8,58.14,C,0,Okay course,Neutral
5743,Vijay Singh,20,Male,0.76,37.77,0.67,6,31,9,65.16,C,0,Average experience,Neutral
5744,Suresh Singh,23,Female,0.68,35.19,0.81,4,38,3,58.88,C,0,Okay course,Neutral
5745,Meena Sharma,28,Female,0.73,41.64,0.66,7,36,6,63.79,C,0,Can be improved,Neutral
5746,Anjali Kumar,30,Male,0.64,31.57,0.97,8,26,4,77.73,B,0,Helped me improve a lot,Positive
5747,Arun Sharma,23,Male,0.99,39.29,0.59,9,15,2,64.76,C,0,Normal learning experience,Neutral
5748,Karthik Verma,30,Female,0.69,69.49,1,5,47,5,74.41,B,0,Very engaging and informative,Positive
5749,Ravi Sharma,29,Male,0.95,49.45,0.49,5,48,8,73.58,B,0,Excellent platform for learning,Positive
5750,Ravi Das,19,Female,0.95,46.73,0.7,6,14,1,69.11,C,0,Okay course,Neutral
5751,Sneha Das,20,Female,0.77,73.4,0.87,6,28,5,76.95,B,0,Loved the teaching style,Positive
5752,Anjali Verma,27,Female,0.83,39.98,0.25,8,34,6,49.94,D,0,Waste of time,Negative
5753,Karthik Reddy,20,Female,0.73,50.66,0.58,8,19,1,59.4,C,0,Nothing special,Neutral
5754,Karthik Reddy,26,Male,0.79,37.79,0.47,4,40,8,57.79,C,0,Can be improved,Neutral
5755,Vijay Das,20,Male,0.91,46.43,0.42,3,30,5,54.52,D,0,Not useful at all,Negative
5756,Ravi Patel,23,Female,0.89,20.03,0.48,5,40,3,51.48,D,0,Very confusing content,Negative
5757,Suresh Das,23,Female,0.85,31.69,0.54,6,46,7,67.06,C,0,Okay course,Neutral
5758,Arun Reddy,24,Female,0.6,30.12,0.84,9,12,1,62.43,C,0,Average experience,Neutral
5759,Arun Nair,18,Female,1,49.67,0.8,6,22,6,79.54,B,0,Loved the teaching style,Positive
5760,Karthik Iyer,20,Female,0.82,42,0.65,3,49,2,62.44,C,0,Can be improved,Neutral
5761,Anjali Patel,30,Male,0.47,37.98,0.93,4,0,0,54.2,D,0,Not useful at all,Negative
5762,Meena Singh,29,Female,0.63,52.77,0.45,9,35,2,51.36,D,0,Too difficult to follow,Negative
5763,Arun Das,18,Male,0.52,29.02,0.61,6,5,4,43.72,D,0,Too difficult to follow,Negative
5764,Meena Iyer,20,Male,0.54,46.72,0.43,5,47,3,52.59,D,0,Too difficult to follow,Negative
5765,Karthik Nair,18,Male,0.63,29.09,0.52,7,4,1,56.64,C,0,Average experience,Neutral
5766,Divya Nair,29,Female,0.65,71.13,0.8,4,32,4,66.85,C,0,Average experience,Neutral
5767,Meena Nair,25,Male,0.62,36.16,0.55,5,44,4,59.52,C,0,Can be improved,Neutral
5768,Suresh Reddy,22,Male,0.78,43.58,0.71,5,9,1,62.74,C,0,Normal learning experience,Neutral
5769,Arun Reddy,21,Female,0.73,-3.09,0.5,8,12,8,53.69,D,0,Poor explanations,Negative
5770,Divya Sharma,22,Male,1,47.89,0.86,3,7,9,65.89,C,0,Average experience,Neutral
5771,Priya Gupta,22,Female,0.66,51.46,1,5,42,2,75.01,B,0,Helped me improve a lot,Positive
5772,Divya Sharma,24,Male,0.8,40.66,0.43,3,18,7,54.28,D,0,Too difficult to follow,Negative
5773,Ravi Verma,23,Female,0.71,57.23,0.93,7,5,2,60.05,C,0,Normal learning experience,Neutral
5774,Meena Nair,18,Female,1,56.18,0.63,5,13,8,75.04,B,0,Excellent platform for learning,Positive
5775,Vijay Verma,25,Female,0.69,47.85,0.74,5,14,8,56.86,C,0,Average experience,Neutral
5776,Meena Nair,20,Female,0.59,37.13,0.53,5,8,7,51.26,D,0,Poor explanations,Negative
5777,Arun Das,29,Male,0.65,14.56,0.69,3,0,7,51.04,D,0,Waste of time,Negative
5778,Sneha Iyer,21,Male,0.57,32.56,0.41,9,15,5,43.7,D,0,Waste of time,Negative
5779,Rahul Das,24,Male,0.67,15.61,0.36,7,8,1,47.29,D,0,Poor explanations,Negative
5780,Suresh Gupta,18,Female,0.81,29.62,1,5,34,0,69.76,C,0,Okay course,Neutral
5781,Vijay Patel,26,Female,0.55,43.59,0.78,5,15,8,54.13,D,0,Not useful at all,Negative
5782,Meena Verma,23,Female,0.16,44.24,0.96,3,5,2,52.94,D,0,Poor explanations,Negative
5783,Karthik Iyer,23,Male,0.89,30.59,0.72,3,15,2,56.84,C,0,Average experience,Neutral
5784,Vijay Verma,28,Female,0.94,40.21,0.95,5,20,4,76.34,B,0,Great course and very helpful,Positive
5785,Meena Das,18,Female,0.63,28.98,0.69,6,36,9,62.79,C,0,Normal learning experience,Neutral
5786,Meena Verma,27,Female,0.53,37.92,0.98,9,20,8,57.18,C,0,Average experience,Neutral
5787,Ravi Reddy,26,Female,0.82,15.55,0.38,8,4,9,48.22,D,0,Very confusing content,Negative
5788,Divya Kumar,29,Male,0.7,11.12,0.37,6,24,3,42.55,D,0,Waste of time,Negative
5789,Kavya Patel,29,Female,0.62,40.15,1,5,34,4,64.8,C,0,Average experience,Neutral
5790,Priya Gupta,30,Male,0.73,21.07,0.35,8,23,9,39.91,Fail,0,Waste of time,Negative
5791,Vijay Sharma,18,Male,0.64,42.11,0.64,4,22,6,57.42,C,0,Normal learning experience,Neutral
5792,Meena Nair,24,Female,0.34,47.5,0.5,4,40,4,45.15,D,0,Too difficult to follow,Negative
5793,Ravi Das,28,Female,0.72,7.63,0.77,7,35,8,64.97,C,0,Nothing special,Neutral
5794,Arun Iyer,21,Female,0.63,20.47,0.72,6,27,0,53.08,D,0,Waste of time,Negative
5795,Karthik Gupta,20,Male,0.69,19.06,0.78,4,28,9,51.64,D,0,Poor explanations,Negative
5796,Rahul Sharma,27,Female,0.94,58.28,0.92,8,5,7,83.27,B,0,Loved the teaching style,Positive
5797,Priya Gupta,26,Female,1,26.15,0.8,4,43,1,73.96,B,0,Excellent platform for learning,Positive
5798,Meena Gupta,22,Female,0.94,47.13,0.43,9,22,0,59.03,C,0,Average experience,Neutral
5799,Ravi Singh,29,Male,0.26,42.3,0.86,9,11,3,61.16,C,0,Can be improved,Neutral
5800,Divya Reddy,28,Female,0.87,37.19,0.73,7,7,4,64.57,C,0,Nothing special,Neutral
5801,Meena Sharma,20,Female,0.48,68.62,0.96,6,24,1,67.97,C,0,Nothing special,Neutral
5802,Sneha Iyer,24,Female,0.98,51.05,0.8,7,25,4,72.98,B,0,Great course and very helpful,Positive
5803,Vijay Singh,26,Male,0.66,42.8,0.91,7,28,9,80.25,B,0,Loved the teaching style,Positive
5804,Ravi Singh,22,Female,0.8,36.56,1,4,37,4,69.99,C,0,Nothing special,Neutral
5805,Sneha Iyer,30,Male,1,62.56,0.7,9,28,8,84.36,B,0,Very engaging and informative,Positive
5806,Priya Iyer,24,Female,0.76,-26.98,0.55,4,39,1,47.38,D,0,Waste of time,Negative
5807,Arun Nair,18,Female,0.57,42.78,1,3,8,3,67.39,C,0,Normal learning experience,Neutral
5808,Meena Patel,29,Male,0.91,39.03,0.6,7,44,0,72.69,B,0,Great course and very helpful,Positive
5809,Anjali Das,23,Male,0.44,29.28,0.85,7,44,0,54.85,D,0,Waste of time,Negative
5810,Rahul Reddy,25,Female,0.78,50.33,0.5,9,26,5,63.24,C,0,Can be improved,Neutral
5811,Ravi Kumar,23,Female,0.46,26.9,0.85,6,16,6,47.88,D,0,Waste of time,Negative
5812,Arun Gupta,21,Male,0.83,51.18,0.51,3,47,0,59.7,C,0,Okay course,Neutral
5813,Sneha Verma,28,Male,0.68,38.11,0.77,4,47,9,58.75,C,0,Nothing special,Neutral
5814,Meena Reddy,18,Female,0.39,47.52,0.66,8,30,7,48.53,D,0,Waste of time,Negative
5815,Priya Patel,30,Male,0.76,16.1,0.86,5,17,8,67.8,C,0,Okay course,Neutral
5816,Suresh Reddy,26,Female,0.76,28.71,0.53,8,34,9,63.27,C,0,Nothing special,Neutral
5817,Rahul Verma,28,Male,0.56,48.58,0.92,3,39,2,62.64,C,0,Average experience,Neutral
5818,Divya Das,24,Male,0.72,56.38,0.76,7,3,4,61.81,C,0,Okay course,Neutral
5819,Suresh Kumar,23,Male,0.53,30.72,0.75,9,10,2,49.05,D,0,Very confusing content,Negative
5820,Priya Kumar,25,Male,0.61,33.35,0.84,9,21,9,64.93,C,0,Average experience,Neutral
5821,Suresh Singh,23,Male,0.81,81.15,1,6,48,7,91.39,A,0,Very engaging and informative,Positive
5822,Anjali Singh,19,Female,0.95,51.9,0.76,8,13,4,76.06,B,0,Helped me improve a lot,Positive
5823,Divya Nair,19,Female,0.69,32.41,0.54,4,43,9,54.67,D,0,Poor explanations,Negative
5824,Arun Sharma,23,Male,0.8,79.89,0.86,3,36,1,69.68,C,0,Average experience,Neutral
5825,Anjali Gupta,27,Female,0.53,34.05,0.73,9,22,4,55.19,C,0,Normal learning experience,Neutral
5826,Karthik Das,28,Female,0.97,37.62,1,6,26,1,72.2,B,0,Helped me improve a lot,Positive
5827,Kavya Patel,18,Female,0.48,55,0.83,6,20,0,60.66,C,0,Can be improved,Neutral
5828,Divya Nair,23,Male,0.89,34.78,1,7,5,3,67.6,C,0,Average experience,Neutral
5829,Suresh Patel,27,Male,1,19.88,0.79,5,40,0,65.7,C,0,Normal learning experience,Neutral
5830,Sneha Das,19,Female,0.65,39.41,0.3,7,11,1,38.62,Fail,0,Waste of time,Negative
5831,Anjali Nair,30,Male,1,46.47,0.68,3,23,3,72.52,B,0,Great course and very helpful,Positive
5832,Divya Iyer,28,Female,0.72,41.91,0.81,7,32,9,60.3,C,0,Can be improved,Neutral
5833,Meena Patel,20,Male,0.51,50.73,0.89,5,24,1,56.24,C,0,Okay course,Neutral
5834,Priya Sharma,20,Female,1,28.78,0.81,7,13,3,62.72,C,0,Okay course,Neutral
5835,Anjali Gupta,18,Male,0.9,42.56,0.53,3,44,0,68.51,C,0,Okay course,Neutral
5836,Sneha Sharma,30,Male,0.69,45,0.73,6,8,1,57.71,C,0,Can be improved,Neutral
5837,Sneha Patel,21,Female,0.82,24.05,0.52,3,43,9,49.35,D,0,Not useful at all,Negative
5838,Meena Verma,27,Female,0.65,10.72,0.69,5,8,7,50.86,D,0,Very confusing content,Negative
5839,Ravi Verma,23,Female,0.7,53.66,0.51,5,30,5,53.33,D,0,Poor explanations,Negative
5840,Kavya Patel,26,Male,0.56,34.19,1,7,35,7,72.04,B,0,Excellent platform for learning,Positive
5841,Kavya Verma,21,Female,1,36.49,0.53,5,3,8,53.36,D,0,Very confusing content,Negative
5842,Ravi Iyer,30,Female,1,54.16,1,6,1,5,82.58,B,0,Helped me improve a lot,Positive
5843,Karthik Kumar,22,Male,0.64,61.8,0.77,8,17,7,63.19,C,0,Normal learning experience,Neutral
5844,Divya Singh,28,Female,0.42,25.81,0.84,4,17,0,49.7,D,0,Very confusing content,Negative
5845,Suresh Kumar,24,Female,0.84,22.65,0.66,4,18,0,67.79,C,0,Nothing special,Neutral
5846,Sneha Singh,26,Male,0.69,14.59,0.79,4,1,1,53.43,D,0,Waste of time,Negative
5847,Anjali Kumar,19,Male,0.71,29.64,0.95,3,0,1,62.01,C,0,Normal learning experience,Neutral
5848,Vijay Das,22,Male,0.75,44.85,0.82,4,8,0,64.42,C,0,Can be improved,Neutral
5849,Ravi Gupta,26,Male,0.46,44.6,0.29,3,21,4,30.24,Fail,0,Too difficult to follow,Negative
5850,Suresh Iyer,30,Male,0.78,52.59,0.64,9,19,4,71.17,B,0,Loved the teaching style,Positive
5851,Rahul Patel,25,Male,0.48,29.31,0.97,7,27,6,60.47,C,0,Nothing special,Neutral
5852,Sneha Patel,27,Male,0.85,32.55,0.46,6,9,2,53.13,D,0,Poor explanations,Negative
5853,Rahul Reddy,26,Male,0.41,37.04,0.66,4,19,5,49.23,D,0,Waste of time,Negative
5854,Priya Reddy,18,Female,0.63,46.61,0.75,8,20,9,65.78,C,0,Average experience,Neutral
5855,Rahul Patel,21,Male,0.25,45.05,0.6,5,32,6,43.98,D,0,Waste of time,Negative
5856,Meena Verma,22,Female,0.46,14.26,0.45,3,15,7,40.75,D,1,Very confusing content,Negative
5857,Vijay Singh,30,Male,0.86,32.17,0.83,6,0,0,65.04,C,0,Average experience,Neutral
5858,Rahul Gupta,25,Female,0.65,26.72,0.75,3,39,8,57.47,C,0,Okay course,Neutral
5859,Rahul Patel,20,Female,0.86,44.91,0.5,5,3,8,53.9,D,0,Poor explanations,Negative
5860,Vijay Sharma,19,Female,0.76,23.22,0.72,8,45,6,61.78,C,0,Okay course,Neutral
5861,Anjali Gupta,21,Male,0.95,28.67,0.59,4,22,5,56.86,C,0,Nothing special,Neutral
5862,Vijay Nair,26,Female,0.94,31.41,0.79,7,25,4,71.86,B,0,Helped me improve a lot,Positive
5863,Suresh Iyer,19,Male,0.31,34.9,0.56,7,11,9,42.77,D,0,Very confusing content,Negative
5864,Karthik Reddy,19,Male,0.4,16.32,0.78,5,48,1,55.98,C,1,Okay course,Neutral
5865,Rahul Singh,25,Male,1,9.56,0.84,4,26,7,71.29,B,0,Very engaging and informative,Positive
5866,Arun Das,20,Male,0.89,27.31,0.63,7,24,2,62.31,C,0,Okay course,Neutral
5867,Meena Singh,26,Female,0.77,35.64,0.39,3,49,2,66.45,C,0,Can be improved,Neutral
5868,Priya Reddy,29,Female,0.7,40.09,0.65,9,2,5,50.09,D,0,Not useful at all,Negative
5869,Rahul Nair,30,Female,0.42,56.53,0.9,7,0,9,59.79,C,0,Normal learning experience,Neutral
5870,Meena Iyer,29,Female,0.66,54.5,0.82,6,9,2,62.63,C,0,Okay course,Neutral
5871,Sneha Das,20,Female,0.79,30.79,0.65,7,27,2,64.3,C,0,Nothing special,Neutral
5872,Suresh Das,30,Female,0.67,48.41,0.53,7,27,6,63.51,C,0,Can be improved,Neutral
5873,Kavya Iyer,19,Female,0.72,40.2,0.83,9,41,7,76.75,B,0,Very engaging and informative,Positive
5874,Vijay Sharma,23,Male,0.72,38.21,0.9,6,2,2,64.67,C,0,Normal learning experience,Neutral
5875,Rahul Reddy,23,Male,0.63,43.74,0.56,4,49,2,59.26,C,0,Normal learning experience,Neutral
5876,Divya Iyer,22,Male,0.44,56.34,0.68,9,12,0,63.53,C,0,Can be improved,Neutral
5877,Anjali Nair,27,Female,0.75,72.66,0.71,9,30,7,78.69,B,0,Helped me improve a lot,Positive
5878,Vijay Iyer,22,Female,0.43,35.32,0.8,5,18,8,54.89,D,0,Very confusing content,Negative
5879,Priya Verma,26,Male,0.55,17.8,0.59,3,6,9,47.82,D,0,Poor explanations,Negative
5880,Vijay Kumar,26,Female,0.9,52.21,0.89,3,33,1,75.75,B,0,Very engaging and informative,Positive
5881,Anjali Kumar,29,Female,0.6,38.06,0.47,7,40,3,49.16,D,0,Poor explanations,Negative
5882,Suresh Gupta,21,Female,0.76,38.76,0.67,6,43,2,66.81,C,0,Average experience,Neutral
5883,Divya Gupta,28,Male,1,30.82,0.56,7,17,4,69.79,C,0,Nothing special,Neutral
5884,Meena Reddy,21,Male,0.69,50.76,0.53,8,3,9,54.79,D,0,Too difficult to follow,Negative
5885,Suresh Reddy,28,Female,0.59,39.67,0.67,8,6,9,69.38,C,0,Normal learning experience,Neutral
5886,Karthik Singh,18,Male,0.88,54.17,0.73,5,23,5,67.87,C,0,Can be improved,Neutral
5887,Vijay Reddy,22,Male,0.97,64.42,0.87,6,20,1,79.66,B,0,Loved the teaching style,Positive
5888,Kavya Das,22,Male,0.63,54.29,0.59,9,0,7,55.39,C,0,Okay course,Neutral
5889,Suresh Iyer,24,Female,0.93,44.12,0.7,7,21,3,62.4,C,0,Okay course,Neutral
5890,Arun Patel,24,Female,0.69,35.53,0.94,5,23,0,64.88,C,0,Nothing special,Neutral
5891,Arun Verma,21,Male,0.58,55.12,0.83,4,21,0,58.41,C,0,Nothing special,Neutral
5892,Kavya Sharma,27,Male,0.9,30.67,0.4,3,21,1,50.14,D,0,Not useful at all,Negative
5893,Sneha Singh,22,Male,1,28.2,0.56,8,19,2,63.63,C,0,Nothing special,Neutral
5894,Divya Verma,20,Male,0.32,53.65,0.8,8,2,7,37.6,Fail,0,Very confusing content,Negative
5895,Suresh Das,28,Male,0.78,24.83,0.84,7,48,8,72.07,B,0,Loved the teaching style,Positive
5896,Karthik Patel,29,Female,0.83,48.4,0.53,6,12,6,61.23,C,0,Normal learning experience,Neutral
5897,Arun Patel,27,Male,0.73,26.67,0.3,4,6,7,35.69,Fail,0,Not useful at all,Negative
5898,Priya Reddy,28,Male,0.71,37.29,0.8,7,15,6,58.9,C,0,Average experience,Neutral
5899,Karthik Kumar,22,Male,0.74,25.94,0.48,6,12,6,54.87,D,0,Too difficult to follow,Negative
5900,Arun Iyer,28,Male,0.61,50.29,1,9,38,6,79.59,B,0,Helped me improve a lot,Positive
5901,Meena Das,26,Male,0.8,27.9,0.7,4,6,1,57.56,C,0,Average experience,Neutral
5902,Sneha Das,23,Male,0.76,43.33,0.45,7,2,5,49.61,D,0,Not useful at all,Negative
5903,Suresh Singh,27,Female,0.66,42.18,0.64,9,46,4,55.24,C,0,Nothing special,Neutral
5904,Kavya Verma,18,Male,0.51,67.77,0.56,7,35,8,64.03,C,0,Average experience,Neutral
5905,Anjali Reddy,22,Male,0.55,35.28,1,7,18,2,61.73,C,0,Can be improved,Neutral
5906,Karthik Patel,29,Male,0.56,35.36,0.6,5,44,7,48.08,D,0,Poor explanations,Negative
5907,Karthik Reddy,23,Male,1,31.22,0.52,5,3,9,55.22,C,0,Nothing special,Neutral
5908,Rahul Reddy,18,Male,0.85,45.23,0.69,3,21,1,62.91,C,0,Nothing special,Neutral
5909,Vijay Nair,28,Male,0.7,55.24,0.66,9,5,2,69.89,C,0,Can be improved,Neutral
5910,Suresh Gupta,27,Female,0.75,20.12,0.72,5,28,0,61.55,C,0,Nothing special,Neutral
5911,Kavya Singh,27,Female,0.86,23.66,0.64,3,29,5,63.97,C,0,Average experience,Neutral
5912,Kavya Singh,19,Male,0.86,21.82,0.92,4,30,4,67.29,C,0,Average experience,Neutral
5913,Priya Kumar,18,Male,0.9,23.36,0.86,4,48,1,68.12,C,0,Okay course,Neutral
5914,Divya Sharma,18,Female,0.73,33.99,0.74,9,7,5,59.35,C,0,Can be improved,Neutral
5915,Suresh Das,18,Female,1,34.06,0.84,8,13,3,68.34,C,0,Average experience,Neutral
5916,Rahul Das,18,Female,0.98,5.93,0.87,7,41,0,81.76,B,0,Loved the teaching style,Positive
5917,Rahul Das,18,Female,0.27,46.43,0.83,6,9,3,53.12,D,0,Waste of time,Negative
5918,Rahul Sharma,27,Male,0.81,64.96,0.93,3,2,9,65.94,C,0,Average experience,Neutral
5919,Suresh Nair,26,Female,0.87,30.61,0.87,8,34,6,70.85,B,0,Loved the teaching style,Positive
5920,Suresh Reddy,22,Male,1,53.3,0.9,5,44,1,86.13,A,0,Excellent platform for learning,Positive
5921,Rahul Iyer,19,Male,0.59,38.11,0.74,9,48,5,73.8,B,0,Helped me improve a lot,Positive
5922,Meena Gupta,28,Female,0.76,41.51,0.58,7,36,1,71.89,B,0,Helped me improve a lot,Positive
5923,Karthik Sharma,30,Female,0.55,34.61,0.83,5,25,5,60.65,C,0,Nothing special,Neutral
5924,Rahul Gupta,25,Male,0.9,37.79,0.79,7,11,5,65.49,C,0,Nothing special,Neutral
5925,Priya Patel,19,Female,0.98,45.43,1,3,41,7,76.38,B,0,Helped me improve a lot,Positive
5926,Divya Das,18,Male,0.58,69.59,0.56,3,39,1,54.3,D,0,Not useful at all,Negative
5927,Arun Sharma,18,Male,0.81,54.69,0.68,9,32,7,77.34,B,0,Loved the teaching style,Positive
5928,Vijay Verma,24,Male,1,27.77,0.99,4,13,3,73.49,B,0,Helped me improve a lot,Positive
5929,Arun Singh,22,Male,0.69,35.74,0.75,4,46,7,56.15,C,0,Normal learning experience,Neutral
5930,Suresh Gupta,19,Female,0.75,27.21,0.46,4,11,4,50.41,D,0,Very confusing content,Negative
5931,Suresh Verma,24,Female,0.74,29.44,0.75,7,17,4,68.66,C,0,Can be improved,Neutral
5932,Ravi Sharma,24,Male,0.79,8.07,1,3,2,5,61.88,C,0,Normal learning experience,Neutral
5933,Priya Patel,22,Female,0.85,70.73,1,7,45,5,84.89,B,0,Very engaging and informative,Positive
5934,Priya Nair,20,Female,0.89,56.64,0.36,3,21,8,60.46,C,0,Okay course,Neutral
5935,Arun Reddy,18,Male,0.55,50.25,1,3,18,7,55.75,C,0,Okay course,Neutral
5936,Vijay Das,23,Male,0.69,25.3,0.48,6,47,7,54.65,D,0,Poor explanations,Negative
5937,Meena Singh,25,Male,0.84,48.95,0.49,8,8,5,61.4,C,0,Normal learning experience,Neutral
5938,Anjali Gupta,30,Male,0.73,46.71,0.82,8,44,8,75.82,B,0,Loved the teaching style,Positive
5939,Divya Iyer,28,Female,0.92,39.07,0.53,6,38,8,66.83,C,0,Okay course,Neutral
5940,Meena Patel,30,Female,0.69,48.04,0.82,5,48,2,72.43,B,0,Great course and very helpful,Positive
5941,Rahul Patel,25,Female,0.53,67.86,1,7,17,2,60.9,C,0,Average experience,Neutral
5942,Sneha Patel,22,Female,0.93,51.84,1,4,3,4,78.25,B,0,Helped me improve a lot,Positive
5943,Kavya Singh,24,Female,0.59,18.64,0.81,9,5,8,58.33,C,0,Nothing special,Neutral
5944,Anjali Kumar,18,Female,0.67,62.69,0.5,7,5,0,55.55,C,0,Normal learning experience,Neutral
5945,Suresh Nair,22,Male,0.36,35.39,0.97,4,7,3,50.09,D,0,Too difficult to follow,Negative
5946,Priya Sharma,20,Female,0.71,24.82,1,6,28,1,61.87,C,0,Nothing special,Neutral
5947,Anjali Verma,25,Female,0.48,55.4,0.85,8,28,2,72.34,B,0,Excellent platform for learning,Positive
5948,Suresh Iyer,23,Female,0.93,37.78,0.7,5,43,2,63.03,C,0,Okay course,Neutral
5949,Anjali Patel,22,Male,0.97,32.45,0.87,6,39,7,74.79,B,0,Helped me improve a lot,Positive
5950,Priya Kumar,27,Male,0.56,24.74,0.81,9,7,4,43.22,D,0,Waste of time,Negative
5951,Ravi Singh,30,Male,0.94,62.34,0.39,6,38,7,73.87,B,0,Very engaging and informative,Positive
5952,Anjali Gupta,26,Female,0.72,49.87,0.93,3,49,2,74.49,B,0,Excellent platform for learning,Positive
5953,Priya Das,23,Female,0.52,61.78,1,9,42,9,71.57,B,0,Helped me improve a lot,Positive
5954,Sneha Sharma,27,Male,0.85,29.28,0.68,8,30,5,63.1,C,0,Okay course,Neutral
5955,Vijay Singh,29,Male,0.75,11.04,1,6,10,5,62.83,C,0,Okay course,Neutral
5956,Vijay Nair,27,Female,0.83,31.89,0.28,4,39,7,50.23,D,0,Waste of time,Negative
5957,Sneha Verma,26,Male,1,62.74,0.81,6,9,4,71.74,B,0,Great course and very helpful,Positive
5958,Sneha Sharma,23,Female,0.89,35.76,0.63,4,24,7,68.53,C,0,Normal learning experience,Neutral
5959,Divya Singh,24,Male,0.61,47.07,0.69,5,48,4,61.71,C,0,Okay course,Neutral
5960,Rahul Patel,21,Female,0.58,42.82,0.92,4,31,1,56.36,C,0,Average experience,Neutral
5961,Meena Verma,28,Female,0.73,64.04,0.69,5,1,2,60.08,C,0,Nothing special,Neutral
5962,Arun Reddy,20,Male,0.65,28.61,0.43,4,4,3,42.25,D,0,Very confusing content,Negative
5963,Suresh Verma,18,Female,0.85,37.16,0.74,5,32,5,62.81,C,0,Can be improved,Neutral
5964,Vijay Patel,29,Male,1,36.63,0.68,5,4,1,66.49,C,0,Okay course,Neutral
5965,Priya Sharma,18,Female,1,49.93,0.69,7,11,1,67.24,C,0,Okay course,Neutral
5966,Arun Das,28,Female,0.47,27.71,0.66,8,25,3,48.28,D,0,Too difficult to follow,Negative
5967,Rahul Nair,18,Male,0.6,31.76,0.57,7,16,4,56.31,C,0,Okay course,Neutral
5968,Meena Nair,27,Male,1,22.68,0.52,3,18,6,57.86,C,0,Can be improved,Neutral
5969,Arun Verma,28,Male,0.91,53.71,0.68,3,32,1,62.2,C,0,Okay course,Neutral
5970,Suresh Verma,25,Male,0.38,58.48,0.36,6,31,4,58.53,C,0,Nothing special,Neutral
5971,Sneha Verma,30,Female,0.93,39.63,0.51,4,37,5,67.23,C,0,Okay course,Neutral
5972,Sneha Singh,18,Female,0.95,79.64,0.9,7,32,7,85.89,A,0,Great course and very helpful,Positive
5973,Suresh Iyer,27,Female,0.77,53.21,0.92,6,22,4,75.93,B,0,Very engaging and informative,Positive
5974,Rahul Iyer,22,Male,0.57,40.88,1,8,25,8,60.35,C,0,Nothing special,Neutral
5975,Karthik Reddy,19,Female,0.55,60.21,0.59,3,4,5,44.65,D,0,Very confusing content,Negative
5976,Rahul Sharma,25,Female,0.39,34.09,0.77,3,1,0,43.06,D,0,Poor explanations,Negative
5977,Kavya Iyer,20,Female,0.72,39.79,0.53,6,11,5,51.92,D,0,Waste of time,Negative
5978,Divya Das,27,Female,1,25.48,0.97,3,45,8,71.71,B,0,Helped me improve a lot,Positive
5979,Vijay Reddy,22,Female,0.83,37.46,0.68,5,10,9,71.98,B,0,Great course and very helpful,Positive
5980,Karthik Gupta,19,Female,0.92,54.01,0.93,9,15,0,83.28,B,0,Loved the teaching style,Positive
5981,Ravi Gupta,19,Male,0.85,49.54,0.78,8,19,2,62.66,C,0,Average experience,Neutral
5982,Priya Iyer,29,Female,0.54,28.52,0.43,3,18,3,45.55,D,0,Very confusing content,Negative
5983,Priya Gupta,19,Male,0.56,51.89,1,3,32,0,68.82,C,0,Can be improved,Neutral
5984,Arun Singh,26,Female,0.62,35.09,0.64,7,34,7,52.06,D,0,Poor explanations,Negative
5985,Kavya Iyer,20,Female,0.95,9.61,0.76,5,1,5,59.88,C,0,Normal learning experience,Neutral
5986,Karthik Singh,28,Male,0.76,25.68,0.52,7,27,4,61.81,C,0,Nothing special,Neutral
5987,Meena Das,25,Female,0.65,49.04,1,6,19,9,70.4,B,0,Excellent platform for learning,Positive
5988,Vijay Nair,28,Male,1,58.47,0.77,6,21,7,77.24,B,0,Helped me improve a lot,Positive
5989,Karthik Sharma,20,Male,0.67,52.29,0.66,6,9,1,60.66,C,0,Normal learning experience,Neutral
5990,Kavya Gupta,19,Female,0.54,38.04,0.43,7,4,1,42.36,D,0,Too difficult to follow,Negative
5991,Arun Kumar,29,Female,1,56.15,0.84,4,29,7,76.7,B,0,Great course and very helpful,Positive
5992,Vijay Gupta,29,Female,0.61,46.2,0.96,7,16,4,74.31,B,0,Loved the teaching style,Positive
5993,Rahul Reddy,22,Male,0.67,29.95,0.67,3,21,8,51.79,D,0,Poor explanations,Negative
5994,Karthik Gupta,19,Female,0.69,33.41,0.58,5,24,5,54.83,D,0,Very confusing content,Negative
5995,Rahul Das,21,Female,0.92,22.62,0.91,3,46,4,63.41,C,0,Can be improved,Neutral
5996,Arun Sharma,24,Female,0.75,15.63,0.8,7,20,1,60.23,C,0,Normal learning experience,Neutral
5997,Sneha Iyer,23,Male,0.65,28.75,0.55,6,48,3,54.17,D,0,Very confusing content,Negative
5998,Suresh Sharma,23,Female,0.61,34.28,0.89,3,7,8,50.65,D,0,Poor explanations,Negative
5999,Meena Reddy,18,Male,0.82,43.33,0.81,8,9,4,61.07,C,0,Okay course,Neutral
6000,Vijay Patel,20,Female,0.72,32.18,0.77,6,21,7,61.98,C,0,Average experience,Neutral
6001,Kavya Kumar,24,Male,1,39.35,0.85,9,47,1,79.66,B,0,Very engaging and informative,Positive
6002,Rahul Nair,30,Female,0.4,24.26,0.82,9,6,7,49.93,D,0,Poor explanations,Negative
6003,Anjali Kumar,24,Female,0.62,36.32,0.54,5,48,2,56.34,C,0,Normal learning experience,Neutral
6004,Kavya Iyer,19,Female,0.98,34.21,0.56,3,33,1,64.49,C,0,Nothing special,Neutral
6005,Arun Das,18,Female,0.64,12.79,0.38,6,24,7,38.91,Fail,0,Waste of time,Negative
6006,Karthik Gupta,18,Male,1,47.55,0.89,3,34,4,76.72,B,0,Helped me improve a lot,Positive
6007,Arun Kumar,25,Male,0.43,37.29,0.83,8,4,1,51.12,D,0,Very confusing content,Negative
6008,Rahul Sharma,29,Male,0.53,47.32,0.91,5,47,5,72.27,B,0,Loved the teaching style,Positive
6009,Vijay Singh,19,Male,0.89,49.41,0.84,4,40,5,80.14,B,0,Loved the teaching style,Positive
6010,Karthik Gupta,23,Female,0.62,44.55,0.49,7,9,9,53.32,D,0,Not useful at all,Negative
6011,Anjali Iyer,23,Male,0.81,18.53,0.61,9,21,8,55.8,C,0,Can be improved,Neutral
6012,Priya Singh,23,Female,0.88,38.17,0.78,7,29,0,59.72,C,0,Can be improved,Neutral
6013,Arun Kumar,29,Female,1,-11.54,0.61,5,3,1,43.61,D,0,Too difficult to follow,Negative
6014,Priya Patel,21,Male,0.6,35.47,0.75,4,2,5,51.79,D,0,Too difficult to follow,Negative
6015,Anjali Verma,30,Female,0.73,81.35,0.51,6,6,9,58.79,C,0,Nothing special,Neutral
6016,Divya Iyer,29,Male,1,38.87,0.87,9,26,6,79.62,B,0,Helped me improve a lot,Positive
6017,Kavya Gupta,25,Female,0.81,27.95,0.8,9,26,7,60.78,C,0,Okay course,Neutral
6018,Suresh Kumar,19,Female,0.65,40.11,0.62,3,47,1,63.94,C,0,Can be improved,Neutral
6019,Priya Nair,22,Male,0.77,41.99,0.4,9,8,2,64.09,C,0,Okay course,Neutral
6020,Priya Patel,29,Female,0.51,50.98,0.79,8,44,5,61.28,C,0,Nothing special,Neutral
6021,Rahul Nair,29,Male,0.45,26.79,0.3,8,41,7,44.78,D,0,Not useful at all,Negative
6022,Rahul Singh,21,Female,0.92,54.84,0.6,6,48,6,74.9,B,0,Helped me improve a lot,Positive
6023,Divya Gupta,26,Female,1,14.4,0.5,9,9,8,47.45,D,0,Waste of time,Negative
6024,Sneha Kumar,25,Female,0.57,70.45,0.54,3,21,1,52.76,D,0,Waste of time,Negative
6025,Divya Patel,24,Male,0.85,52.81,1,5,34,8,80.78,B,0,Loved the teaching style,Positive
6026,Divya Sharma,23,Male,1,33.89,0.66,7,3,7,61.08,C,0,Okay course,Neutral
6027,Divya Sharma,21,Female,0.41,53.7,0.57,7,38,4,50.82,D,0,Poor explanations,Negative
6028,Meena Kumar,26,Female,0.49,41.62,0.91,8,20,0,59.98,C,0,Can be improved,Neutral
6029,Sneha Sharma,26,Female,0.91,18.84,0.92,5,35,7,61.64,C,0,Normal learning experience,Neutral
6030,Ravi Iyer,18,Female,0.94,32.04,0.4,3,9,9,42.58,D,0,Waste of time,Negative
6031,Priya Das,27,Female,0.55,46.71,0.92,9,12,5,69.42,C,0,Can be improved,Neutral
6032,Kavya Nair,24,Female,0.43,57.97,0.54,7,1,9,55.6,C,0,Normal learning experience,Neutral
6033,Kavya Das,22,Female,0.43,73.79,0.49,5,29,8,46.94,D,0,Very confusing content,Negative
6034,Meena Reddy,25,Male,0.59,61.28,0.83,7,10,7,60.11,C,0,Nothing special,Neutral
6035,Kavya Iyer,30,Male,0.49,73.48,0.89,3,41,9,68.11,C,0,Nothing special,Neutral
6036,Kavya Reddy,25,Male,0.44,23.99,0.44,8,13,0,43.13,D,0,Waste of time,Negative
6037,Anjali Patel,21,Female,0.52,29.58,0.6,4,46,8,54.66,D,0,Not useful at all,Negative
6038,Priya Gupta,30,Male,1,71.56,0.63,9,37,4,77.73,B,0,Very engaging and informative,Positive
6039,Suresh Gupta,19,Male,0.58,42.9,0.63,5,12,1,53.92,D,0,Poor explanations,Negative
6040,Rahul Kumar,18,Male,0.39,59.28,0.27,7,38,1,43.65,D,0,Poor explanations,Negative
6041,Vijay Reddy,30,Male,0.52,45.4,0.89,3,14,8,59.18,C,0,Can be improved,Neutral
6042,Priya Das,28,Female,0.87,64.7,1,5,47,9,88.12,A,0,Great course and very helpful,Positive
6043,Arun Das,19,Male,0.65,38.78,0.66,8,13,3,54.34,D,0,Very confusing content,Negative
6044,Ravi Kumar,28,Male,0.77,24.08,0.91,9,9,4,67.7,C,0,Normal learning experience,Neutral
6045,Divya Das,26,Male,0.85,32.7,0.31,9,19,6,56.79,C,0,Average experience,Neutral
6046,Kavya Patel,29,Female,0.72,21.04,0.63,4,31,6,53.18,D,0,Not useful at all,Negative
6047,Rahul Patel,19,Male,0.61,44.38,0.78,6,6,4,49.1,D,0,Too difficult to follow,Negative
6048,Arun Patel,22,Male,0.57,40.3,0.52,6,37,3,45.36,D,0,Very confusing content,Negative
6049,Ravi Verma,30,Male,0.39,44.8,0.63,4,9,0,49.59,D,0,Too difficult to follow,Negative
6050,Vijay Kumar,28,Male,0.75,64.62,0.83,3,30,0,65.46,C,0,Okay course,Neutral
6051,Arun Kumar,23,Female,1,25.62,0.59,6,35,2,63.74,C,0,Can be improved,Neutral
6052,Sneha Iyer,27,Male,0.92,18.84,0.47,7,31,1,61.61,C,0,Normal learning experience,Neutral
6053,Vijay Singh,21,Male,0.68,57.59,0.76,3,15,0,56.24,C,0,Can be improved,Neutral
6054,Priya Das,27,Female,0.89,38.25,0.88,3,31,4,71.24,B,0,Excellent platform for learning,Positive
6055,Sneha Singh,29,Male,0.89,36.68,1,6,16,5,73.23,B,0,Helped me improve a lot,Positive
6056,Karthik Verma,19,Male,0.99,44.18,1,5,4,4,79.63,B,0,Great course and very helpful,Positive
6057,Vijay Patel,26,Male,0.76,49.43,0.65,8,34,9,65.63,C,0,Nothing special,Neutral
6058,Sneha Iyer,19,Female,0.66,4.29,1,9,21,3,64.49,C,0,Can be improved,Neutral
6059,Karthik Das,29,Male,0.85,25.74,0.83,5,42,0,70.25,B,0,Loved the teaching style,Positive
6060,Suresh Verma,22,Male,1,10.66,0.87,5,11,9,67.67,C,0,Average experience,Neutral
6061,Priya Gupta,19,Male,0.58,17.19,0.62,8,37,0,46.2,D,0,Poor explanations,Negative
6062,Sneha Reddy,23,Female,0.79,43.16,0.1,6,1,0,47.68,D,0,Very confusing content,Negative
6063,Vijay Das,27,Male,0.85,54.36,0.94,6,38,7,73.05,B,0,Great course and very helpful,Positive
6064,Vijay Verma,19,Male,0.86,27.47,0.75,8,13,6,73.51,B,0,Helped me improve a lot,Positive
6065,Divya Singh,26,Female,0.58,38.72,0.38,7,27,8,44.09,D,0,Poor explanations,Negative
6066,Priya Nair,22,Male,0.34,27.36,0.83,4,49,8,59.28,C,0,Okay course,Neutral
6067,Meena Das,20,Female,0.8,28.3,0.5,3,16,7,54,D,0,Very confusing content,Negative
6068,Sneha Nair,18,Male,0.49,39.65,0.94,7,32,9,66.67,C,0,Nothing special,Neutral
6069,Karthik Das,25,Male,0.65,43.93,0.7,8,26,3,65.09,C,0,Can be improved,Neutral
6070,Anjali Nair,26,Male,0.4,41.72,0.31,3,29,8,38.98,Fail,0,Very confusing content,Negative
6071,Suresh Gupta,26,Male,0.61,37.79,0.47,6,21,9,57.7,C,0,Can be improved,Neutral
6072,Priya Das,18,Female,0.96,51.95,0.35,4,42,5,60.94,C,0,Okay course,Neutral
6073,Suresh Gupta,22,Female,0.61,84.71,0.35,5,7,6,52.61,D,0,Waste of time,Negative
6074,Meena Sharma,25,Male,0.75,49.32,0.88,7,18,9,69.9,C,0,Average experience,Neutral
6075,Arun Patel,26,Male,0.92,28.41,0.4,7,18,0,52.12,D,0,Waste of time,Negative
6076,Anjali Verma,27,Male,0.79,38.81,0.86,9,8,2,65.63,C,0,Normal learning experience,Neutral
6077,Arun Singh,21,Male,0.66,24.7,1,4,2,4,52.14,D,0,Not useful at all,Negative
6078,Divya Iyer,19,Female,0.8,55.25,0.54,9,44,8,68.31,C,0,Can be improved,Neutral
6079,Priya Kumar,30,Male,1,35.68,0.77,8,2,9,69.2,C,0,Average experience,Neutral
6080,Vijay Nair,23,Female,0.46,45.22,0.77,4,26,9,54.69,D,0,Very confusing content,Negative
6081,Karthik Kumar,20,Male,0.43,67.68,0.93,7,43,1,72.51,B,0,Loved the teaching style,Positive
6082,Kavya Gupta,22,Male,0.47,52.93,0.67,5,12,6,53.57,D,0,Poor explanations,Negative
6083,Arun Das,24,Male,0.67,23.69,0.86,8,20,3,58.26,C,0,Nothing special,Neutral
6084,Meena Das,25,Male,0.77,27.31,0.88,8,20,1,61.29,C,0,Can be improved,Neutral
6085,Karthik Iyer,24,Female,0.79,37.41,0.57,7,5,0,55.8,C,0,Can be improved,Neutral
6086,Meena Das,28,Female,0.65,35.92,1,4,48,9,72.57,B,0,Loved the teaching style,Positive
6087,Kavya Patel,18,Male,0.84,12.61,1,5,29,7,61.2,C,0,Nothing special,Neutral
6088,Rahul Patel,30,Male,0.79,35.42,1,9,9,4,74.61,B,0,Loved the teaching style,Positive
6089,Karthik Iyer,27,Female,0.48,30.22,0.58,7,13,6,54.76,D,0,Waste of time,Negative
6090,Divya Kumar,18,Male,0.96,70.87,0.69,5,40,0,80.83,B,0,Very engaging and informative,Positive
6091,Suresh Reddy,20,Female,0.77,58.44,0.72,9,32,4,78.91,B,0,Helped me improve a lot,Positive
6092,Rahul Singh,30,Male,0.63,45.83,0.64,9,34,1,61.92,C,0,Can be improved,Neutral
6093,Ravi Gupta,27,Male,0.61,33.09,0.7,4,29,5,45.61,D,0,Not useful at all,Negative
6094,Meena Singh,27,Male,0.33,49.78,0.33,8,45,0,43.11,D,0,Not useful at all,Negative
6095,Kavya Kumar,22,Female,0.61,57.26,0.68,7,42,4,72.8,B,0,Helped me improve a lot,Positive
6096,Vijay Kumar,24,Female,1,31.89,0.92,7,6,0,67.63,C,0,Normal learning experience,Neutral
6097,Suresh Nair,30,Male,0.84,36.12,0.84,9,9,2,67.1,C,0,Average experience,Neutral
6098,Priya Verma,27,Female,0.98,43.65,0.68,4,34,8,70.43,B,0,Loved the teaching style,Positive
6099,Sneha Nair,24,Female,0.66,18.95,0.82,5,37,0,55.97,C,0,Can be improved,Neutral
6100,Meena Reddy,18,Female,0.51,59.74,0.87,9,15,5,67.28,C,0,Nothing special,Neutral
6101,Arun Das,18,Male,0.96,35.44,0.6,9,0,8,63.28,C,0,Can be improved,Neutral
6102,Kavya Nair,29,Male,0.67,23.98,1,8,22,1,64.45,C,0,Can be improved,Neutral
6103,Sneha Kumar,18,Male,0.68,27.39,0.72,7,12,0,55.79,C,0,Normal learning experience,Neutral
6104,Sneha Sharma,30,Male,0.86,41.35,0.4,7,18,2,63,C,0,Okay course,Neutral
6105,Rahul Das,26,Female,1,14.86,0.62,7,10,3,68.24,C,0,Normal learning experience,Neutral
6106,Rahul Kumar,29,Female,0.87,38,0.63,9,26,4,61.39,C,0,Nothing special,Neutral
6107,Ravi Gupta,30,Female,0.76,60.2,0.78,6,31,6,72.83,B,0,Very engaging and informative,Positive
6108,Anjali Reddy,29,Female,0.51,35.85,0.92,5,21,2,60.81,C,0,Average experience,Neutral
6109,Arun Reddy,29,Female,1,19.05,0.41,7,9,6,51.49,D,0,Very confusing content,Negative
6110,Suresh Sharma,25,Male,0.67,22.33,0.78,3,25,4,52.12,D,0,Not useful at all,Negative
6111,Arun Sharma,19,Male,0.77,39.04,0.56,3,49,0,47.78,D,0,Not useful at all,Negative
6112,Kavya Iyer,26,Female,0.96,42.17,0.35,8,15,7,49.17,D,0,Poor explanations,Negative
6113,Sneha Reddy,23,Female,0.97,47.66,0.63,7,11,8,60.57,C,0,Nothing special,Neutral
6114,Vijay Reddy,27,Female,0.8,61.21,0.76,5,20,2,75.21,B,0,Great course and very helpful,Positive
6115,Anjali Iyer,24,Male,0.76,41.54,1,5,26,9,69.89,C,0,Normal learning experience,Neutral
6116,Vijay Reddy,29,Male,0.63,70.05,0.56,6,22,6,58.22,C,0,Average experience,Neutral
6117,Karthik Nair,30,Male,0.65,17.1,0.72,5,0,3,48.55,D,0,Very confusing content,Negative
6118,Divya Nair,30,Female,0.69,31.43,0.41,6,33,1,51.47,D,0,Poor explanations,Negative
6119,Ravi Das,18,Male,0.69,25.18,0.79,3,31,8,63.75,C,0,Can be improved,Neutral
6120,Sneha Das,21,Male,0.45,40.14,1,6,16,9,53.32,D,0,Waste of time,Negative
6121,Suresh Das,24,Female,0.55,39,0.9,9,17,1,60.37,C,0,Can be improved,Neutral
6122,Sneha Verma,22,Male,0.59,36.17,0.75,9,1,9,61.98,C,0,Normal learning experience,Neutral
6123,Kavya Patel,25,Male,0.76,41.26,0.75,8,0,7,51.28,D,0,Too difficult to follow,Negative
6124,Suresh Verma,22,Male,0.71,53.58,0.71,9,37,5,67.28,C,0,Okay course,Neutral
6125,Rahul Iyer,25,Female,0.85,30.68,0.72,5,37,1,61.39,C,0,Can be improved,Neutral
6126,Arun Patel,29,Male,0.72,22.14,0.35,6,45,0,55.58,C,0,Can be improved,Neutral
6127,Kavya Nair,21,Male,0.48,42.98,0.8,9,2,0,59.33,C,0,Normal learning experience,Neutral
6128,Divya Reddy,29,Male,0.7,78.92,1,3,8,6,73.07,B,0,Helped me improve a lot,Positive
6129,Meena Patel,21,Male,0.45,48.5,0.7,7,21,5,63.45,C,0,Normal learning experience,Neutral
6130,Anjali Iyer,25,Male,1,36.54,0.06,9,28,8,54.71,D,0,Very confusing content,Negative
6131,Kavya Iyer,27,Male,0.8,35.7,0.43,6,26,7,60.16,C,0,Nothing special,Neutral
6132,Anjali Singh,25,Male,0.88,10.69,0.78,8,37,2,63.32,C,0,Can be improved,Neutral
6133,Arun Gupta,18,Male,0.85,26.63,0.88,6,36,1,70.21,B,0,Excellent platform for learning,Positive
6134,Rahul Patel,22,Male,1,5.45,0.76,4,14,7,62.02,C,0,Nothing special,Neutral
6135,Priya Kumar,22,Female,0.68,32.78,0.61,7,7,5,52.62,D,0,Not useful at all,Negative
6136,Suresh Sharma,25,Male,0.82,58.21,0.62,8,11,8,63.09,C,0,Nothing special,Neutral
6137,Sneha Nair,25,Male,0.78,39.77,0.34,7,38,0,59.69,C,0,Okay course,Neutral
6138,Kavya Reddy,18,Female,0.47,54.09,0.64,4,31,0,48.03,D,0,Too difficult to follow,Negative
6139,Meena Kumar,24,Male,0.57,39.91,0.53,3,10,8,49.56,D,0,Not useful at all,Negative
6140,Meena Kumar,22,Male,0.49,51.39,0.76,3,33,0,55.03,C,0,Can be improved,Neutral
6141,Priya Sharma,30,Female,0.91,61.61,0.7,6,15,7,77.86,B,0,Helped me improve a lot,Positive
6142,Kavya Nair,27,Male,0.46,38.61,0.53,8,4,2,41.86,D,0,Very confusing content,Negative
6143,Priya Iyer,20,Male,1,60.93,0.79,3,48,0,77.05,B,0,Excellent platform for learning,Positive
6144,Sneha Das,25,Female,0.56,36.65,0.85,8,9,7,53.75,D,0,Waste of time,Negative
6145,Priya Gupta,18,Male,0.65,47.77,0.28,5,32,7,58.13,C,0,Okay course,Neutral
6146,Anjali Kumar,19,Male,0.6,47.45,1,4,15,9,66.74,C,0,Nothing special,Neutral
6147,Rahul Iyer,25,Male,1,32.42,0.59,9,38,1,75.89,B,0,Great course and very helpful,Positive
6148,Divya Das,29,Male,1,39.31,0.52,3,16,3,65.47,C,0,Average experience,Neutral
6149,Priya Nair,28,Male,0.82,51.58,0.9,5,1,1,65.42,C,0,Normal learning experience,Neutral
6150,Priya Reddy,29,Female,0.53,43.67,0.63,8,1,4,50.41,D,0,Too difficult to follow,Negative
6151,Divya Kumar,28,Female,0.76,33.36,0.73,4,36,7,69.71,C,0,Nothing special,Neutral
6152,Suresh Das,24,Female,0.82,46.18,0.7,6,26,5,67.16,C,0,Okay course,Neutral
6153,Divya Kumar,28,Male,0.86,38.3,0.67,8,35,1,68.99,C,0,Okay course,Neutral
6154,Ravi Reddy,28,Female,0.62,50.96,0.82,5,10,4,55.54,C,0,Okay course,Neutral
6155,Karthik Sharma,28,Female,0.92,38.84,0.57,7,31,7,67.58,C,0,Normal learning experience,Neutral
6156,Priya Patel,19,Female,0.88,63.42,0.28,9,40,8,70.51,B,0,Great course and very helpful,Positive
6157,Sneha Reddy,29,Female,0.69,16.62,0.71,5,32,5,54.71,D,0,Very confusing content,Negative
6158,Divya Das,18,Female,0.57,51.49,1,9,7,2,63.13,C,0,Nothing special,Neutral
6159,Ravi Patel,19,Male,0.43,24.09,0.93,4,24,5,53.86,D,0,Too difficult to follow,Negative
6160,Ravi Patel,23,Male,0.74,37.96,0.54,8,10,0,55.74,C,0,Average experience,Neutral
6161,Suresh Kumar,26,Male,0.49,50.17,0.75,8,27,8,57.57,C,0,Can be improved,Neutral
6162,Divya Singh,23,Female,1,47.57,0.76,3,37,6,71.7,B,0,Excellent platform for learning,Positive
6163,Karthik Das,20,Female,0.88,16.04,0.88,3,49,3,73.86,B,0,Loved the teaching style,Positive
6164,Vijay Reddy,20,Female,0.37,46.74,0.77,3,23,7,54.66,D,0,Not useful at all,Negative
6165,Divya Das,24,Male,0.67,38.73,0.83,8,25,5,56.79,C,0,Okay course,Neutral
6166,Suresh Patel,18,Female,1,45.79,0.5,4,2,1,58.15,C,0,Can be improved,Neutral
6167,Anjali Singh,24,Male,0.65,28.91,0.75,9,22,7,65.39,C,0,Okay course,Neutral
6168,Meena Singh,27,Male,0.52,41.63,0.69,4,11,4,60.15,C,0,Okay course,Neutral
6169,Meena Patel,19,Male,0.8,23.95,0.4,7,33,1,53.26,D,0,Very confusing content,Negative
6170,Vijay Verma,19,Female,0.73,29.96,0.31,8,30,1,52.36,D,0,Not useful at all,Negative
6171,Karthik Sharma,18,Female,0.83,50.06,0.86,4,36,0,71.42,B,0,Very engaging and informative,Positive
6172,Rahul Verma,26,Male,0.09,33.88,0.47,9,0,0,31.94,Fail,0,Waste of time,Negative
6173,Rahul Kumar,29,Female,0.97,63.21,0.8,6,45,7,77.36,B,0,Loved the teaching style,Positive
6174,Meena Verma,25,Male,0.83,15.74,0.79,6,40,4,69.46,C,0,Normal learning experience,Neutral
6175,Kavya Sharma,18,Male,0.77,40.72,0.82,6,23,4,63.45,C,0,Normal learning experience,Neutral
6176,Arun Kumar,22,Male,1,49.44,0.86,8,49,0,87.38,A,0,Excellent platform for learning,Positive
6177,Anjali Reddy,30,Female,0.77,69.16,0.47,7,39,9,62.19,C,0,Okay course,Neutral
6178,Suresh Singh,19,Male,1,34.04,0.32,7,14,0,49.64,D,0,Poor explanations,Negative
6179,Vijay Reddy,25,Female,0.64,27.81,0.87,5,35,6,61.29,C,0,Average experience,Neutral
6180,Priya Nair,20,Male,1,47.93,0.75,4,45,7,80.72,B,0,Excellent platform for learning,Positive
6181,Vijay Reddy,27,Female,0.33,47.01,0.69,3,42,4,47.46,D,0,Too difficult to follow,Negative
6182,Arun Kumar,19,Female,0.69,39.03,0.85,5,42,4,66.18,C,0,Okay course,Neutral
6183,Divya Nair,19,Male,0.65,25.34,0.75,8,37,0,63.6,C,0,Okay course,Neutral
6184,Kavya Singh,24,Male,0.68,18.52,0.54,5,34,5,49.35,D,0,Waste of time,Negative
6185,Ravi Kumar,25,Female,0.97,34.5,0.61,7,2,1,57.56,C,0,Can be improved,Neutral
6186,Rahul Sharma,30,Male,0.74,31.12,0.44,5,2,5,48.51,D,0,Very confusing content,Negative
6187,Kavya Nair,30,Male,0.61,26.07,0.78,7,14,7,53.51,D,0,Very confusing content,Negative
6188,Anjali Gupta,21,Male,0.64,34.75,0.94,8,0,7,64.09,C,0,Nothing special,Neutral
6189,Arun Gupta,20,Male,0.72,50.26,0.72,8,44,1,72.75,B,0,Helped me improve a lot,Positive
6190,Divya Sharma,25,Female,1,66.76,0.87,3,41,7,78.23,B,0,Excellent platform for learning,Positive
6191,Karthik Patel,26,Male,0.71,30.8,0.71,7,35,9,62.78,C,0,Okay course,Neutral
6192,Divya Singh,21,Female,0.75,44.86,1,3,44,5,83.34,B,0,Great course and very helpful,Positive
6193,Priya Iyer,27,Female,0.81,53.51,0.74,7,30,1,64.83,C,0,Normal learning experience,Neutral
6194,Divya Gupta,23,Female,1,28.71,0.77,7,39,4,74.66,B,0,Excellent platform for learning,Positive
6195,Meena Patel,29,Female,0.98,48.29,0.75,6,3,7,67.35,C,0,Nothing special,Neutral
6196,Divya Reddy,20,Male,0.96,42.57,0.48,8,13,1,68.68,C,0,Normal learning experience,Neutral
6197,Meena Singh,30,Male,0.53,14.01,0.74,5,31,9,53.89,D,0,Waste of time,Negative
6198,Priya Verma,27,Female,0.83,56.05,0.88,7,5,5,64.07,C,0,Normal learning experience,Neutral
6199,Meena Reddy,28,Female,0.63,18,0.43,8,9,0,49.88,D,0,Not useful at all,Negative
6200,Priya Iyer,24,Female,0.71,36.82,0.85,7,43,3,66.86,C,0,Nothing special,Neutral
6201,Anjali Gupta,25,Female,0.89,32.8,0.81,6,32,9,71.63,B,0,Helped me improve a lot,Positive
6202,Ravi Sharma,28,Male,1,12.91,0.73,6,35,0,70.97,B,0,Helped me improve a lot,Positive
6203,Anjali Reddy,28,Female,0.96,46.44,0.4,7,49,9,71.87,B,0,Excellent platform for learning,Positive
6204,Divya Patel,21,Female,0.28,32.06,0.45,9,16,1,41.48,D,0,Very confusing content,Negative
6205,Priya Kumar,19,Female,0.32,39.7,1,3,4,6,51.5,D,0,Waste of time,Negative
6206,Priya Kumar,22,Female,0.75,27.12,0.92,4,10,1,65.02,C,0,Nothing special,Neutral
6207,Divya Iyer,26,Female,0.63,24.18,0.86,9,1,5,63.4,C,0,Normal learning experience,Neutral
6208,Priya Das,22,Male,0.83,24.02,0.74,3,33,6,57.64,C,0,Okay course,Neutral
6209,Rahul Das,20,Female,0.44,24.21,0.92,6,45,6,52.27,D,0,Not useful at all,Negative
6210,Sneha Patel,18,Female,0.79,26.79,1,5,41,4,69.99,C,0,Average experience,Neutral
6211,Rahul Reddy,19,Female,0.68,63.6,0.6,5,21,8,64.53,C,0,Average experience,Neutral
6212,Suresh Reddy,18,Female,0.47,60.31,0.87,4,7,1,54.72,D,0,Very confusing content,Negative
6213,Ravi Gupta,29,Male,0.63,35.97,0.81,7,20,0,64.15,C,0,Can be improved,Neutral
6214,Karthik Reddy,29,Male,0.91,27.24,0.91,6,46,9,71.45,B,0,Great course and very helpful,Positive
6215,Suresh Iyer,22,Male,0.75,27.91,0.52,9,41,3,68.32,C,0,Nothing special,Neutral
6216,Divya Gupta,19,Female,0.73,11.8,0.69,4,7,9,46.58,D,0,Too difficult to follow,Negative
6217,Anjali Sharma,28,Male,1,41.51,1,8,9,3,74.73,B,0,Great course and very helpful,Positive
6218,Divya Gupta,18,Male,0.83,34.9,0.63,3,25,2,58.63,C,0,Normal learning experience,Neutral
6219,Anjali Verma,27,Female,0.46,43.89,0.2,5,15,3,34.37,Fail,0,Too difficult to follow,Negative
6220,Sneha Singh,20,Male,0.64,24.86,0.67,7,8,0,40.97,D,0,Waste of time,Negative
6221,Sneha Das,28,Male,0.56,25.28,0.46,3,5,5,33.42,Fail,0,Waste of time,Negative
6222,Meena Sharma,29,Female,0.98,41.1,0.61,6,44,8,73.32,B,0,Helped me improve a lot,Positive
6223,Anjali Singh,23,Male,0.74,14.66,1,5,32,7,67.72,C,0,Average experience,Neutral
6224,Ravi Singh,28,Male,0.63,36,0.68,5,21,9,52.75,D,0,Too difficult to follow,Negative
6225,Rahul Nair,21,Male,0.98,39.82,0.96,9,39,0,69.23,C,0,Average experience,Neutral
6226,Divya Nair,24,Male,0.56,31.27,0.64,4,39,5,49.01,D,0,Too difficult to follow,Negative
6227,Divya Gupta,21,Male,0.87,54.72,0.83,3,45,5,74.46,B,0,Great course and very helpful,Positive
6228,Anjali Patel,21,Female,0.73,51.58,0.68,9,38,0,68.58,C,0,Can be improved,Neutral
6229,Arun Singh,20,Male,0.85,30.15,0.88,8,14,9,65.44,C,0,Can be improved,Neutral
6230,Ravi Sharma,22,Male,0.55,37.72,0.85,5,1,9,59.93,C,0,Nothing special,Neutral
6231,Divya Kumar,21,Male,1,28.56,0.4,7,6,8,49.67,D,0,Too difficult to follow,Negative
6232,Ravi Sharma,25,Male,0.7,25.62,0.41,4,43,4,58.95,C,0,Can be improved,Neutral
6233,Meena Iyer,23,Male,0.74,40.05,0.88,5,16,9,58.84,C,0,Can be improved,Neutral
6234,Divya Verma,20,Male,0.47,49.91,0.6,5,11,5,51.33,D,0,Very confusing content,Negative
6235,Arun Gupta,21,Male,0.82,16.77,0.55,8,46,0,53.86,D,0,Very confusing content,Negative
6236,Meena Singh,28,Female,0.74,69.26,0.54,7,28,4,62.64,C,0,Okay course,Neutral
6237,Karthik Singh,26,Male,0.78,71.9,0.7,5,22,9,73.78,B,0,Very engaging and informative,Positive
6238,Kavya Iyer,19,Female,0.38,44.07,0.77,4,32,0,54.32,D,0,Poor explanations,Negative
6239,Anjali Reddy,30,Male,0.85,65.99,0.8,9,40,0,76.52,B,0,Loved the teaching style,Positive
6240,Meena Gupta,23,Male,0.81,48.57,0.61,4,21,8,57.86,C,0,Nothing special,Neutral
6241,Anjali Gupta,24,Male,0.85,49.54,1,5,12,1,76.29,B,0,Very engaging and informative,Positive
6242,Meena Gupta,22,Female,0.57,45.22,0.93,3,4,6,60.01,C,0,Nothing special,Neutral
6243,Anjali Verma,19,Female,0.67,26.75,0.78,6,10,7,64.65,C,0,Can be improved,Neutral
6244,Arun Das,24,Male,1,12.7,0.55,7,27,4,72.31,B,0,Loved the teaching style,Positive
6245,Karthik Das,21,Female,1,21.42,0.66,8,10,9,66.75,C,0,Nothing special,Neutral
6246,Anjali Nair,20,Female,1,35.6,0.74,4,2,8,68.29,C,0,Average experience,Neutral
6247,Vijay Gupta,26,Female,0.43,33.09,0.18,5,31,0,29.43,Fail,0,Waste of time,Negative
6248,Divya Patel,21,Female,0.86,26.4,0.47,6,10,7,52.54,D,0,Not useful at all,Negative
6249,Arun Gupta,18,Female,0.81,26.04,0.72,5,27,4,50.88,D,0,Very confusing content,Negative
6250,Arun Iyer,25,Male,0.83,33.33,0.71,4,37,4,59.17,C,0,Okay course,Neutral
6251,Vijay Reddy,19,Male,1,61.72,0.84,3,26,1,74.41,B,0,Great course and very helpful,Positive
6252,Sneha Das,20,Male,0.59,52.69,0.74,5,18,9,54.03,D,0,Waste of time,Negative
6253,Priya Verma,26,Female,0.73,40.24,0.86,4,49,5,65.21,C,0,Can be improved,Neutral
6254,Sneha Iyer,25,Female,0.67,40.55,0.71,4,43,2,68.38,C,0,Okay course,Neutral
6255,Ravi Nair,26,Female,0.7,53.63,1,5,17,0,66.04,C,0,Okay course,Neutral
6256,Sneha Das,23,Female,0.65,50.64,0.8,6,25,0,61.06,C,0,Okay course,Neutral
6257,Meena Reddy,25,Female,0.74,56.79,0.99,4,29,7,70.16,B,0,Loved the teaching style,Positive
6258,Ravi Verma,19,Male,0.66,38.17,0.35,6,9,8,51.12,D,0,Waste of time,Negative
6259,Priya Nair,25,Female,0.81,29.47,0.63,3,11,6,57.5,C,0,Can be improved,Neutral
6260,Suresh Iyer,20,Male,0.77,45.79,0.97,9,39,1,83.92,B,0,Excellent platform for learning,Positive
6261,Divya Patel,29,Female,1,15.93,0.93,9,27,0,80.65,B,0,Helped me improve a lot,Positive
6262,Anjali Reddy,25,Female,0.79,39.23,0.92,4,6,4,63.67,C,0,Nothing special,Neutral
6263,Divya Das,25,Female,0.55,54.45,0.51,5,16,1,44.38,D,0,Not useful at all,Negative
6264,Vijay Singh,20,Male,1,48.92,0.75,5,29,5,62.88,C,0,Average experience,Neutral
6265,Karthik Gupta,28,Female,0.86,27.71,0.81,6,6,5,63.41,C,0,Nothing special,Neutral
6266,Anjali Reddy,23,Female,0.98,47.92,0.67,3,14,8,77.08,B,0,Great course and very helpful,Positive
6267,Anjali Reddy,26,Male,0.72,37.46,0.69,7,37,5,64.73,C,0,Okay course,Neutral
6268,Ravi Sharma,21,Male,1,51.68,0.86,5,17,4,72.56,B,0,Loved the teaching style,Positive
6269,Ravi Reddy,30,Male,0.33,38.62,0.78,7,4,9,50.36,D,0,Too difficult to follow,Negative
6270,Karthik Das,30,Female,0.81,61.7,0.7,5,41,0,67.63,C,0,Normal learning experience,Neutral
6271,Anjali Iyer,20,Female,0.81,40.15,0.87,4,31,5,61.14,C,0,Nothing special,Neutral
6272,Karthik Gupta,18,Male,1,38.88,0.69,6,39,0,73.32,B,0,Helped me improve a lot,Positive
6273,Kavya Patel,21,Male,0.68,39.34,0.79,8,38,7,63.71,C,0,Average experience,Neutral
6274,Kavya Iyer,18,Male,0.8,66.13,0.45,5,42,9,64.01,C,0,Nothing special,Neutral
6275,Meena Das,23,Male,0.43,27.51,0.84,8,1,5,49.65,D,0,Waste of time,Negative
6276,Arun Sharma,28,Male,0.89,53.85,0.68,7,0,0,57.08,C,0,Okay course,Neutral
6277,Anjali Singh,19,Female,0.69,24.16,0.53,4,9,0,54.18,D,0,Waste of time,Negative
6278,Priya Gupta,28,Female,0.65,35.49,0.74,3,0,1,50.46,D,0,Very confusing content,Negative
6279,Karthik Sharma,29,Female,1,55.92,0.76,8,26,5,80.44,B,0,Loved the teaching style,Positive
6280,Karthik Patel,21,Female,0.95,88.77,0.51,9,1,4,67.38,C,0,Okay course,Neutral
6281,Anjali Patel,20,Male,0.72,32.28,0.82,9,30,7,69.6,C,0,Normal learning experience,Neutral
6282,Divya Iyer,18,Female,0.98,47.17,0.97,8,49,4,79.41,B,0,Very engaging and informative,Positive
6283,Anjali Patel,18,Female,0.97,49.39,0.74,5,25,2,69.16,C,0,Nothing special,Neutral
6284,Vijay Gupta,18,Female,0.58,35.36,0.87,9,18,2,70.34,B,0,Great course and very helpful,Positive
6285,Divya Reddy,20,Male,0.51,45.95,0.88,9,11,5,64.85,C,0,Okay course,Neutral
6286,Anjali Kumar,28,Female,0.91,33.17,0.53,9,45,9,74.37,B,0,Helped me improve a lot,Positive
6287,Vijay Gupta,25,Female,0.36,33.43,0.58,3,37,8,46.09,D,0,Poor explanations,Negative
6288,Priya Gupta,19,Female,0.61,28.54,0.69,4,13,1,46.31,D,0,Waste of time,Negative
6289,Meena Das,29,Female,1,47.15,0.78,8,40,8,77.49,B,0,Great course and very helpful,Positive
6290,Suresh Gupta,26,Male,0.29,56.37,0.86,3,2,7,39.9,Fail,0,Very confusing content,Negative
6291,Vijay Reddy,22,Female,0.56,48.6,1,7,33,8,69.94,C,0,Can be improved,Neutral
6292,Sneha Gupta,21,Male,0.61,39.01,0.83,3,43,2,56.73,C,0,Nothing special,Neutral
6293,Rahul Iyer,25,Female,0.85,54.74,0.41,3,46,7,48.96,D,0,Too difficult to follow,Negative
6294,Arun Patel,27,Male,0.89,26.74,0.72,5,17,9,65.22,C,0,Okay course,Neutral
6295,Priya Kumar,25,Male,0.82,50.2,0.52,3,27,5,55.62,C,0,Nothing special,Neutral
6296,Priya Nair,20,Male,1,41.18,0.8,7,15,0,73.66,B,0,Excellent platform for learning,Positive
6297,Karthik Gupta,24,Male,0.74,36.7,0.47,9,46,6,58.53,C,0,Okay course,Neutral
6298,Arun Patel,27,Female,0.4,60.44,0.83,9,45,0,72.18,B,0,Loved the teaching style,Positive
6299,Priya Verma,26,Male,0.87,29.38,0.46,3,25,1,59.69,C,0,Nothing special,Neutral
6300,Anjali Sharma,20,Male,0.67,52.31,0.7,4,40,9,69.43,C,0,Nothing special,Neutral
6301,Anjali Reddy,22,Female,0.81,19.23,0.94,5,42,6,73.07,B,0,Excellent platform for learning,Positive
6302,Meena Patel,22,Female,0.79,18.11,0.89,7,11,0,59.54,C,0,Okay course,Neutral
6303,Kavya Kumar,29,Female,0.78,40.58,0.53,7,11,0,48.63,D,0,Poor explanations,Negative
6304,Meena Verma,26,Female,0.82,44.74,0.59,9,10,7,56.74,C,0,Average experience,Neutral
6305,Arun Iyer,20,Female,0.64,40.17,0.73,8,27,5,60.23,C,0,Nothing special,Neutral
6306,Anjali Nair,19,Female,0.79,49.7,1,6,10,8,62.45,C,0,Nothing special,Neutral
6307,Suresh Das,21,Male,0.79,26.83,0.97,4,1,6,65.45,C,0,Normal learning experience,Neutral
6308,Anjali Nair,27,Male,0.55,50.62,0.51,4,48,5,62.52,C,0,Average experience,Neutral
6309,Priya Gupta,22,Female,0.74,57.11,0.49,3,41,0,67.75,C,0,Can be improved,Neutral
6310,Sneha Sharma,20,Female,0.56,28.58,0.53,7,36,5,57.72,C,0,Normal learning experience,Neutral
6311,Arun Singh,24,Male,0.65,46.59,0.79,8,6,6,57.23,C,0,Okay course,Neutral
6312,Rahul Gupta,22,Female,0.5,59.82,0.93,3,38,1,63.85,C,0,Okay course,Neutral
6313,Anjali Sharma,29,Female,0.8,44.2,0.84,7,36,4,73.69,B,0,Loved the teaching style,Positive
6314,Vijay Gupta,27,Female,0.64,70.79,0.89,4,11,7,60.79,C,0,Average experience,Neutral
6315,Meena Sharma,23,Female,0.87,39.14,0.5,9,25,8,63.39,C,0,Average experience,Neutral
6316,Divya Iyer,18,Male,0.66,39.26,0.69,8,37,2,62.64,C,0,Nothing special,Neutral
6317,Suresh Gupta,29,Female,1,23.11,0.48,7,36,5,59.03,C,0,Normal learning experience,Neutral
6318,Divya Sharma,27,Male,0.64,35.49,0.59,8,7,8,50.94,D,0,Poor explanations,Negative
6319,Priya Gupta,30,Male,0.51,52.85,0.69,6,9,7,59.15,C,0,Nothing special,Neutral
6320,Sneha Singh,29,Male,0.73,48.37,0.64,3,28,5,55.68,C,0,Normal learning experience,Neutral
6321,Vijay Patel,26,Female,0.85,48.96,0.85,7,33,5,65.39,C,0,Okay course,Neutral
6322,Divya Sharma,22,Male,0.76,21.45,0.73,7,18,6,59.49,C,0,Nothing special,Neutral
6323,Divya Das,23,Female,0.81,46.34,0.66,4,41,9,63.96,C,0,Nothing special,Neutral
6324,Sneha Sharma,27,Female,0.66,54.74,0.76,6,28,4,74.24,B,0,Excellent platform for learning,Positive
6325,Arun Nair,19,Female,1,49.46,0.67,4,44,3,70.35,B,0,Excellent platform for learning,Positive
6326,Suresh Iyer,30,Female,0.57,31.87,0.71,7,23,1,48.57,D,0,Waste of time,Negative
6327,Priya Nair,27,Female,0.8,29.18,0.91,5,12,6,64.53,C,0,Okay course,Neutral
6328,Rahul Verma,30,Female,1,39.04,0.82,8,6,8,73.33,B,0,Loved the teaching style,Positive
6329,Priya Kumar,30,Female,0.65,80.04,0.58,3,36,6,63.36,C,0,Average experience,Neutral
6330,Sneha Patel,29,Female,0.76,51.19,0.41,5,14,5,54.08,D,0,Poor explanations,Negative
6331,Rahul Reddy,19,Female,0.62,24.22,0.75,7,2,1,51.75,D,0,Waste of time,Negative
6332,Karthik Sharma,24,Male,0.81,44.32,0.49,7,19,4,57.34,C,0,Normal learning experience,Neutral
6333,Ravi Gupta,21,Female,0.79,36.69,0.61,8,0,4,66.75,C,0,Normal learning experience,Neutral
6334,Meena Singh,23,Female,0.76,41.81,0.75,4,44,9,73.67,B,0,Loved the teaching style,Positive
6335,Kavya Verma,27,Male,0.83,28.48,0.81,8,32,8,68.55,C,0,Average experience,Neutral
6336,Vijay Nair,26,Male,0.82,43.9,0.75,7,17,5,72.89,B,0,Very engaging and informative,Positive
6337,Priya Das,21,Female,0.8,33.1,0.82,6,24,7,73.17,B,0,Great course and very helpful,Positive
6338,Meena Nair,29,Male,0.88,40.99,0.64,3,25,5,71.37,B,0,Very engaging and informative,Positive
6339,Sneha Iyer,22,Male,0.97,50.89,0.79,4,16,4,75.1,B,0,Excellent platform for learning,Positive
6340,Sneha Das,26,Female,1,44.32,0.81,4,37,4,80.01,B,0,Loved the teaching style,Positive
6341,Meena Reddy,22,Male,0.39,30.54,0.78,5,37,7,54.08,D,0,Waste of time,Negative
6342,Kavya Sharma,27,Male,1,55.3,0.75,7,39,9,77.09,B,0,Helped me improve a lot,Positive
6343,Ravi Singh,22,Male,0.82,55.34,0.78,6,21,4,66.47,C,0,Okay course,Neutral
6344,Rahul Verma,29,Male,0.92,37.5,0.28,9,25,2,60.28,C,0,Normal learning experience,Neutral
6345,Arun Gupta,18,Male,1,38.55,0.91,6,41,3,77.5,B,0,Helped me improve a lot,Positive
6346,Arun Patel,21,Female,0.65,32.33,0.96,8,24,3,71.89,B,0,Great course and very helpful,Positive
6347,Vijay Das,29,Female,0.78,55.91,0.97,7,38,6,76.97,B,0,Great course and very helpful,Positive
6348,Suresh Gupta,18,Male,0.94,41.35,0.89,9,7,0,81.19,B,0,Loved the teaching style,Positive
6349,Suresh Das,19,Female,0.73,-4.36,0.56,7,30,5,55.49,C,0,Nothing special,Neutral
6350,Arun Patel,23,Male,0.78,37.16,0.84,8,39,5,82.88,B,0,Helped me improve a lot,Positive
6351,Sneha Patel,25,Male,0.89,18.32,0.46,5,14,2,52.86,D,0,Waste of time,Negative
6352,Rahul Sharma,19,Male,1,48.07,0.72,8,39,8,80.46,B,0,Helped me improve a lot,Positive
6353,Meena Reddy,19,Female,0.94,90.06,0.38,6,1,2,68.91,C,0,Average experience,Neutral
6354,Priya Gupta,26,Male,0.67,49.22,0.77,3,47,5,64.42,C,0,Average experience,Neutral
6355,Anjali Verma,24,Male,0.78,66.96,0.77,8,27,8,80.6,B,0,Excellent platform for learning,Positive
6356,Vijay Singh,20,Male,0.62,46.4,0.8,5,44,2,70.31,B,0,Loved the teaching style,Positive
6357,Sneha Nair,27,Male,0.73,24.51,0.48,6,15,6,51.56,D,0,Waste of time,Negative
6358,Sneha Sharma,24,Female,0.57,73.86,0.59,7,17,5,58.62,C,0,Average experience,Neutral
6359,Vijay Gupta,25,Female,0.82,35.65,0.84,6,19,2,66.12,C,0,Normal learning experience,Neutral
6360,Ravi Singh,22,Male,0.56,77.07,0.67,9,6,6,62.62,C,0,Normal learning experience,Neutral
6361,Suresh Nair,19,Female,0.46,40.55,0.37,4,25,7,50.86,D,0,Very confusing content,Negative
6362,Arun Das,21,Female,0.77,45.51,0.64,9,11,8,63.88,C,0,Okay course,Neutral
6363,Divya Reddy,25,Female,1,32.71,0.67,3,24,0,61.67,C,0,Can be improved,Neutral
6364,Divya Nair,28,Male,0.91,31.01,0.43,6,21,3,51.23,D,0,Very confusing content,Negative
6365,Suresh Verma,27,Male,0.73,53.96,0.48,9,3,7,51.29,D,0,Not useful at all,Negative
6366,Vijay Sharma,29,Female,0.67,25.35,0.97,6,29,8,65.27,C,0,Can be improved,Neutral
6367,Anjali Patel,30,Male,0.71,56.71,0.71,3,42,2,77.64,B,0,Great course and very helpful,Positive
6368,Arun Patel,28,Female,0.61,27.54,0.78,8,27,3,64.15,C,0,Average experience,Neutral
6369,Anjali Reddy,20,Male,0.63,42.66,0.79,3,35,8,63.18,C,0,Average experience,Neutral
6370,Vijay Singh,20,Male,0.61,37.41,0.58,8,30,2,53.89,D,0,Too difficult to follow,Negative
6371,Suresh Das,29,Female,0.68,27.43,0.52,7,29,1,64.97,C,0,Nothing special,Neutral
6372,Vijay Iyer,19,Female,0.54,70.09,0.73,6,20,7,53.63,D,0,Waste of time,Negative
6373,Sneha Gupta,24,Male,0.32,41.18,0.79,7,41,1,49.81,D,0,Not useful at all,Negative
6374,Meena Das,27,Female,0.52,21.84,0.35,5,36,9,44.22,D,0,Poor explanations,Negative
6375,Vijay Singh,30,Female,1,59.75,0.65,6,30,6,73.23,B,0,Great course and very helpful,Positive
6376,Ravi Kumar,28,Male,1,53.97,0.95,7,24,8,89.07,A,0,Loved the teaching style,Positive
6377,Divya Patel,20,Female,0.33,56.58,0.9,5,27,2,59.34,C,0,Nothing special,Neutral
6378,Vijay Iyer,22,Male,0.91,43.51,0.5,3,37,9,56.55,C,0,Can be improved,Neutral
6379,Arun Kumar,23,Male,0.65,26.35,0.53,8,25,2,46.76,D,0,Waste of time,Negative
6380,Arun Reddy,29,Male,0.57,41.82,1,5,23,7,65.72,C,0,Can be improved,Neutral
6381,Suresh Reddy,30,Female,0.34,62.36,0.57,7,4,8,47.64,D,0,Waste of time,Negative
6382,Sneha Iyer,23,Male,0.86,25.43,0.53,6,44,7,56.98,C,0,Average experience,Neutral
6383,Anjali Reddy,25,Male,1,32.06,0.6,4,17,3,59.96,C,0,Nothing special,Neutral
6384,Sneha Sharma,23,Female,0.58,46.94,0.68,8,25,0,61.68,C,0,Can be improved,Neutral
6385,Priya Gupta,18,Male,0.73,56.91,0.45,7,2,7,55.84,C,0,Nothing special,Neutral
6386,Karthik Patel,20,Male,0.72,51.88,0.66,5,25,6,66.83,C,0,Nothing special,Neutral
6387,Vijay Kumar,22,Female,0.99,60.72,0.56,9,28,4,88.68,A,0,Very engaging and informative,Positive
6388,Ravi Patel,26,Male,0.58,49.96,0.81,4,14,7,57.08,C,0,Okay course,Neutral
6389,Rahul Kumar,18,Male,0.66,58.21,0.78,5,42,0,64.34,C,0,Nothing special,Neutral
6390,Arun Verma,28,Male,0.81,53.78,0.51,8,36,1,64.64,C,0,Normal learning experience,Neutral
6391,Rahul Nair,26,Female,0.78,28.78,0.57,6,41,8,63.54,C,0,Okay course,Neutral
6392,Vijay Verma,29,Male,0.75,40.2,0.73,3,44,8,64.95,C,0,Can be improved,Neutral
6393,Suresh Sharma,23,Female,0.84,34.16,0.93,6,5,6,68.98,C,0,Okay course,Neutral
6394,Rahul Patel,25,Male,0.59,51.5,0.84,8,44,9,63.63,C,0,Okay course,Neutral
6395,Karthik Gupta,28,Female,0.45,35.34,0.57,5,38,3,46.5,D,0,Poor explanations,Negative
6396,Suresh Patel,18,Male,0.63,52.49,0.71,8,32,6,61.73,C,0,Nothing special,Neutral
6397,Anjali Singh,22,Female,0.83,22.1,0.53,8,31,0,58.66,C,0,Nothing special,Neutral
6398,Meena Das,30,Male,0.94,48.6,0.65,6,1,6,62.01,C,0,Average experience,Neutral
6399,Sneha Sharma,21,Female,0.63,31.75,0.75,5,48,0,60.44,C,0,Average experience,Neutral
6400,Kavya Reddy,24,Male,1,34.64,0.96,7,22,3,69.4,C,0,Nothing special,Neutral
6401,Ravi Patel,22,Male,0.96,8.32,0.59,8,0,8,59.32,C,0,Average experience,Neutral
6402,Karthik Verma,24,Male,1,80.45,0.7,8,35,3,77.13,B,0,Helped me improve a lot,Positive
6403,Anjali Sharma,23,Male,0.94,32.46,0.83,4,13,7,59.7,C,0,Normal learning experience,Neutral
6404,Ravi Nair,19,Female,0.78,32.66,0.34,7,28,8,59.86,C,0,Normal learning experience,Neutral
6405,Sneha Das,22,Female,0.75,63.7,0.14,7,41,8,57.52,C,0,Can be improved,Neutral
6406,Arun Patel,26,Female,0.7,50.98,0.55,6,7,9,57.98,C,0,Average experience,Neutral
6407,Rahul Reddy,20,Male,0.66,44.22,0.43,9,47,0,56.04,C,0,Normal learning experience,Neutral
6408,Sneha Das,26,Female,0.67,43.92,0.88,7,20,9,62.74,C,0,Can be improved,Neutral
6409,Suresh Patel,21,Female,0.45,35.49,0.98,8,19,6,62.94,C,0,Nothing special,Neutral
6410,Priya Sharma,20,Male,0.68,31.99,0.93,4,45,6,69.08,C,0,Okay course,Neutral
6411,Anjali Das,29,Male,0.81,12.08,1,3,14,8,60.11,C,0,Average experience,Neutral
6412,Rahul Das,26,Male,0.93,57.02,0.71,3,0,5,76.28,B,0,Helped me improve a lot,Positive
6413,Ravi Gupta,20,Female,1,46.72,0.69,8,19,5,70.16,B,0,Great course and very helpful,Positive
6414,Sneha Sharma,18,Female,0.82,53.05,0.84,7,32,8,76.84,B,0,Excellent platform for learning,Positive
6415,Anjali Kumar,18,Male,0.85,67.67,0.44,7,7,0,62.05,C,0,Normal learning experience,Neutral
6416,Kavya Sharma,28,Female,0.83,33.71,0.43,6,0,9,50.34,D,0,Waste of time,Negative
6417,Karthik Singh,19,Male,0.67,81.85,0.58,4,32,2,58.58,C,0,Average experience,Neutral
6418,Rahul Reddy,25,Female,1,16.15,0.71,4,17,5,66.02,C,0,Can be improved,Neutral
6419,Divya Reddy,21,Male,0.92,23.93,0.96,8,17,7,77.89,B,0,Excellent platform for learning,Positive
6420,Suresh Kumar,19,Male,0.65,45.7,0.79,8,32,1,58.17,C,0,Normal learning experience,Neutral
6421,Priya Verma,26,Female,0.66,34.22,0.58,4,9,5,50.08,D,0,Too difficult to follow,Negative
6422,Sneha Verma,22,Female,0.92,46.98,0.66,9,43,1,70.69,B,0,Excellent platform for learning,Positive
6423,Sneha Das,19,Male,0.78,56.3,0.32,3,37,1,57.54,C,0,Can be improved,Neutral
6424,Vijay Nair,25,Male,0.25,36.25,0.52,8,24,0,44.06,D,0,Not useful at all,Negative
6425,Ravi Singh,23,Male,0.67,56.19,0.67,5,0,4,56.94,C,0,Normal learning experience,Neutral
6426,Vijay Sharma,30,Male,0.53,29.58,0.88,6,0,6,55.08,C,0,Nothing special,Neutral
6427,Rahul Singh,24,Female,0.54,31.72,0.82,5,37,1,68.57,C,0,Can be improved,Neutral
6428,Rahul Verma,29,Female,0.62,65.38,0.56,7,37,4,61.79,C,0,Normal learning experience,Neutral
6429,Rahul Sharma,28,Male,0.51,59.61,0.75,9,44,9,68.45,C,0,Average experience,Neutral
6430,Rahul Patel,26,Male,0.74,32.22,0.66,5,9,0,53.57,D,0,Waste of time,Negative
6431,Suresh Gupta,27,Female,0.88,37.24,0.69,7,26,5,59.78,C,0,Can be improved,Neutral
6432,Vijay Singh,23,Male,0.9,47.03,0.95,4,48,7,67.44,C,0,Nothing special,Neutral
6433,Suresh Verma,20,Male,0.72,22.07,0.71,4,48,6,65.01,C,0,Okay course,Neutral
6434,Rahul Kumar,20,Female,0.5,47.59,0.43,7,12,8,37.93,Fail,0,Waste of time,Negative
6435,Kavya Kumar,25,Male,0.91,37.37,0.64,6,41,4,66.67,C,0,Okay course,Neutral
6436,Anjali Das,25,Male,1,43.52,0.63,7,43,8,79.58,B,0,Loved the teaching style,Positive
6437,Vijay Singh,24,Female,0.94,39.29,0.97,3,1,0,74.27,B,0,Very engaging and informative,Positive
6438,Arun Iyer,23,Female,0.79,33.74,0.97,6,11,4,63.8,C,0,Can be improved,Neutral
6439,Kavya Kumar,21,Female,0.83,28.73,0.32,5,23,0,53.29,D,0,Not useful at all,Negative
6440,Rahul Das,22,Female,0.72,33.62,0.82,8,47,4,65.98,C,0,Average experience,Neutral
6441,Ravi Nair,30,Female,0.69,37.29,0.63,4,40,4,61.68,C,0,Normal learning experience,Neutral
6442,Meena Das,21,Male,0.57,29.95,0.6,9,8,9,50.77,D,0,Waste of time,Negative
6443,Arun Nair,29,Male,1,49.78,0.48,5,47,3,76.32,B,0,Excellent platform for learning,Positive
6444,Priya Patel,26,Male,0.74,17.49,0.59,5,2,4,44.42,D,0,Waste of time,Negative
6445,Vijay Nair,20,Male,0.7,67.87,0.8,9,16,6,69.25,C,0,Normal learning experience,Neutral
6446,Divya Nair,26,Female,0.58,71.74,0.63,6,34,7,61.94,C,0,Okay course,Neutral
6447,Priya Patel,19,Female,0.91,25.12,0.76,6,34,7,71.24,B,0,Loved the teaching style,Positive
6448,Karthik Gupta,18,Female,0.91,62.63,0.38,4,17,2,59.51,C,0,Nothing special,Neutral
6449,Priya Kumar,24,Male,0.81,33.28,0.52,6,0,5,60.55,C,0,Can be improved,Neutral
6450,Anjali Singh,28,Female,0.65,52.52,0.57,5,10,7,48.61,D,0,Too difficult to follow,Negative
6451,Anjali Sharma,21,Male,0.98,19.37,0.72,3,23,2,55.3,C,0,Okay course,Neutral
6452,Vijay Patel,19,Female,0.81,23.71,0.61,4,34,7,60.33,C,0,Okay course,Neutral
6453,Kavya Sharma,20,Male,0.89,51.87,0.51,6,35,8,58.61,C,0,Normal learning experience,Neutral
6454,Vijay Iyer,20,Female,0.88,3.13,0.5,5,45,2,64.42,C,0,Nothing special,Neutral
6455,Kavya Kumar,22,Male,0.68,64.88,0.44,8,45,8,60.92,C,0,Okay course,Neutral
6456,Arun Verma,23,Male,0.86,41.36,0.53,3,23,7,62.9,C,0,Average experience,Neutral
6457,Rahul Das,21,Male,0.86,56.26,0.62,7,44,5,65.88,C,0,Normal learning experience,Neutral
6458,Sneha Das,30,Male,0.3,38.83,0.92,4,49,4,65.35,C,0,Nothing special,Neutral
6459,Sneha Gupta,27,Female,0.84,32.03,0.73,3,22,3,59.69,C,0,Okay course,Neutral
6460,Ravi Singh,27,Female,1,44.34,0.46,9,26,3,61.24,C,0,Normal learning experience,Neutral
6461,Ravi Nair,30,Male,0.68,51.89,0.63,9,20,6,60.02,C,0,Average experience,Neutral
6462,Suresh Patel,25,Male,0.87,38.63,0.55,4,3,1,62.13,C,0,Normal learning experience,Neutral
6463,Anjali Gupta,22,Female,0.64,34.96,0.79,5,27,9,64.47,C,0,Normal learning experience,Neutral
6464,Priya Das,26,Female,0.56,33.88,0.94,7,0,2,57.37,C,0,Nothing special,Neutral
6465,Ravi Singh,29,Male,0.8,46.27,0.5,8,9,5,65.35,C,0,Can be improved,Neutral
6466,Vijay Kumar,20,Male,0.72,34.94,0.48,8,29,6,57.77,C,0,Normal learning experience,Neutral
6467,Priya Singh,23,Female,0.6,43.65,0.92,6,13,1,70.69,B,0,Loved the teaching style,Positive
6468,Suresh Das,27,Female,0.63,-2.73,0.71,3,29,2,39.36,Fail,0,Too difficult to follow,Negative
6469,Arun Reddy,19,Male,0.79,26.84,0.81,6,24,3,62.66,C,0,Okay course,Neutral
6470,Priya Patel,19,Female,0.92,34.25,0.73,3,37,5,69.74,C,0,Average experience,Neutral
6471,Kavya Gupta,18,Female,0.54,49.28,0.36,4,29,6,46.3,D,0,Poor explanations,Negative
6472,Anjali Patel,21,Male,0.73,38.04,0.82,4,9,5,56.56,C,0,Can be improved,Neutral
6473,Arun Nair,18,Male,1,52.52,0.7,3,32,4,70.65,B,0,Loved the teaching style,Positive
6474,Suresh Verma,28,Female,1,44.22,0.88,3,30,1,75.82,B,0,Very engaging and informative,Positive
6475,Priya Gupta,30,Male,0.62,80.97,0.85,7,12,8,69.4,C,0,Average experience,Neutral
6476,Divya Das,24,Female,0.61,37.95,0.36,4,11,5,38.62,Fail,0,Very confusing content,Negative
6477,Priya Verma,20,Male,0.76,32.73,0.8,4,21,6,55.04,C,0,Average experience,Neutral
6478,Anjali Iyer,19,Male,0.84,45,0.33,9,35,3,59.77,C,0,Normal learning experience,Neutral
6479,Suresh Verma,18,Female,0.4,45.27,0.55,8,41,6,59.69,C,0,Average experience,Neutral
6480,Anjali Reddy,29,Female,0.57,14.65,1,4,12,0,55.75,C,0,Okay course,Neutral
6481,Divya Iyer,18,Female,0.7,49.41,0.62,9,22,8,63.96,C,0,Average experience,Neutral
6482,Suresh Sharma,20,Male,0.66,13.97,0.6,9,36,8,58,C,0,Okay course,Neutral
6483,Kavya Kumar,29,Female,0.77,26.45,0.69,9,9,8,55.05,C,0,Can be improved,Neutral
6484,Karthik Reddy,24,Female,0.93,25.61,0.86,9,48,4,79,B,0,Loved the teaching style,Positive
6485,Priya Patel,26,Female,0.65,51.54,0.22,6,6,7,43.2,D,0,Waste of time,Negative
6486,Kavya Das,21,Male,0.85,12.42,0.62,5,32,3,64.2,C,0,Okay course,Neutral
6487,Karthik Nair,26,Male,0.88,46.96,0.71,8,5,0,68.57,C,0,Normal learning experience,Neutral
6488,Sneha Iyer,27,Male,0.72,67.2,0.71,6,28,1,61.05,C,0,Normal learning experience,Neutral
6489,Meena Iyer,27,Male,0.77,9.41,0.96,9,41,1,79.83,B,0,Excellent platform for learning,Positive
6490,Meena Nair,30,Male,0.46,35.52,0.76,9,41,5,63.94,C,0,Normal learning experience,Neutral
6491,Arun Reddy,20,Male,1,76.89,0.62,5,38,2,75.25,B,0,Loved the teaching style,Positive
6492,Priya Singh,27,Female,0.39,40.03,0.67,7,1,4,46.7,D,0,Very confusing content,Negative
6493,Vijay Patel,24,Female,0.63,63.63,0.88,5,35,3,67.23,C,0,Can be improved,Neutral
6494,Sneha Kumar,28,Male,0.6,5.5,0.52,8,28,0,46.8,D,0,Too difficult to follow,Negative
6495,Ravi Iyer,21,Female,0.73,47.65,0.75,5,2,2,55.86,C,0,Can be improved,Neutral
6496,Karthik Kumar,23,Female,0.48,52.77,0.79,5,25,2,64.48,C,0,Average experience,Neutral
6497,Divya Verma,21,Female,1,40.94,0.74,4,18,2,67.88,C,0,Okay course,Neutral
6498,Sneha Das,23,Female,1,15.01,1,8,25,3,82.99,B,0,Loved the teaching style,Positive
6499,Divya Singh,30,Female,0.96,19.46,0.57,6,16,4,52.42,D,0,Not useful at all,Negative
6500,Anjali Patel,18,Male,0.52,38.26,0.79,7,14,3,48.34,D,0,Very confusing content,Negative
6501,Arun Das,27,Female,0.61,15.65,0.75,7,43,9,52.2,D,0,Very confusing content,Negative
6502,Karthik Sharma,25,Male,1,58.68,0.64,8,42,3,77.99,B,0,Very engaging and informative,Positive
6503,Kavya Patel,30,Male,0.71,24.4,0.76,9,49,5,59.95,C,0,Nothing special,Neutral
6504,Anjali Verma,30,Female,0.79,31.32,0.63,6,35,6,60.7,C,0,Okay course,Neutral
6505,Suresh Iyer,23,Male,0.75,37.03,0.77,6,8,8,57.23,C,0,Okay course,Neutral
6506,Rahul Gupta,24,Female,0.56,43.65,1,9,1,2,62.53,C,0,Okay course,Neutral
6507,Meena Nair,22,Male,0.44,38.22,0.86,9,6,0,56.19,C,0,Average experience,Neutral
6508,Meena Iyer,25,Female,0.86,46.53,0.87,5,6,7,69.68,C,0,Can be improved,Neutral
6509,Karthik Iyer,28,Female,1,30.33,0.75,4,5,4,61.2,C,0,Average experience,Neutral
6510,Suresh Reddy,23,Female,0.87,39.81,0.75,4,27,4,72.4,B,0,Great course and very helpful,Positive
6511,Rahul Kumar,18,Female,0.74,29.77,0.63,8,48,4,65.79,C,0,Normal learning experience,Neutral
6512,Karthik Sharma,28,Male,0.92,44.69,0.72,6,34,5,85.1,A,0,Very engaging and informative,Positive
6513,Rahul Iyer,27,Female,0.81,47.26,1,7,36,7,67.38,C,0,Average experience,Neutral
6514,Meena Nair,29,Male,0.5,48.76,0.45,4,10,3,39.62,Fail,0,Poor explanations,Negative
6515,Vijay Verma,22,Male,0.34,46.33,0.91,7,42,9,61.45,C,0,Okay course,Neutral
6516,Rahul Singh,24,Female,0.55,40.01,0.68,5,4,1,46.15,D,0,Very confusing content,Negative
6517,Kavya Gupta,27,Male,0.9,28.14,0.56,9,15,7,63.6,C,0,Can be improved,Neutral
6518,Suresh Gupta,28,Male,0.54,40.49,0.3,5,46,6,42.14,D,0,Too difficult to follow,Negative
6519,Anjali Reddy,27,Female,0.95,35.92,0.64,6,35,4,63.87,C,0,Can be improved,Neutral
6520,Divya Patel,23,Male,0.94,40.26,0.77,4,31,3,57.77,C,0,Okay course,Neutral
6521,Rahul Sharma,30,Male,0.66,34.26,0.36,4,47,8,48.56,D,0,Too difficult to follow,Negative
6522,Arun Iyer,23,Female,0.47,51.73,0.39,3,42,4,49.51,D,0,Very confusing content,Negative
6523,Rahul Nair,20,Female,0.84,47.9,0.74,3,5,2,66.12,C,0,Normal learning experience,Neutral
6524,Suresh Verma,19,Female,0.68,19.48,0.56,5,35,1,59.14,C,0,Normal learning experience,Neutral
6525,Priya Patel,18,Female,0.89,51.3,0.69,3,0,2,60.99,C,0,Normal learning experience,Neutral
6526,Kavya Iyer,24,Male,0.79,53.27,0.59,8,38,7,67.63,C,0,Normal learning experience,Neutral
6527,Ravi Reddy,22,Male,0.39,69.41,0.43,9,40,7,51.43,D,0,Waste of time,Negative
6528,Anjali Reddy,25,Female,0.58,56.17,0.76,3,20,5,50.98,D,0,Very confusing content,Negative
6529,Anjali Gupta,29,Male,0.37,49.48,1,8,2,2,64.19,C,0,Can be improved,Neutral
6530,Ravi Reddy,19,Male,1,30.33,0.8,7,33,4,68.47,C,0,Average experience,Neutral
6531,Sneha Das,26,Male,0.73,54.65,0.88,7,17,5,69.72,C,0,Nothing special,Neutral
6532,Rahul Das,22,Male,0.98,31.56,0.45,5,21,4,57.41,C,0,Normal learning experience,Neutral
6533,Anjali Sharma,29,Female,0.89,27.87,0.24,3,19,2,54.99,D,0,Very confusing content,Negative
6534,Vijay Kumar,23,Male,0.77,56.95,0.91,6,34,8,80.98,B,0,Great course and very helpful,Positive
6535,Anjali Nair,24,Male,0.78,34.29,0.61,6,3,9,60.08,C,0,Nothing special,Neutral
6536,Karthik Reddy,25,Male,0.39,28.26,0.44,6,33,0,39.03,Fail,0,Not useful at all,Negative
6537,Vijay Singh,22,Male,0.85,57.5,0.71,9,26,3,78.31,B,0,Great course and very helpful,Positive
6538,Suresh Kumar,20,Female,0.57,45.4,0.45,9,49,0,67.14,C,0,Okay course,Neutral
6539,Priya Singh,22,Female,0.64,20.12,0.41,6,17,6,46.87,D,0,Poor explanations,Negative
6540,Vijay Reddy,26,Female,0.58,48.63,0.58,4,7,0,43.36,D,0,Very confusing content,Negative
6541,Vijay Iyer,28,Male,0.73,49.69,0.73,7,41,7,61.91,C,0,Can be improved,Neutral
6542,Rahul Kumar,21,Male,0.68,56.73,0.97,7,25,5,70.01,B,0,Very engaging and informative,Positive
6543,Divya Nair,29,Female,0.64,25.74,0.57,5,23,4,61.97,C,0,Average experience,Neutral
6544,Priya Verma,18,Female,1,46.52,0.64,8,14,0,71.42,B,0,Loved the teaching style,Positive
6545,Rahul Das,25,Male,0.95,45.6,0.82,3,14,5,60.63,C,0,Nothing special,Neutral
6546,Divya Das,20,Female,0.74,37.47,0.69,8,37,2,76.8,B,0,Helped me improve a lot,Positive
6547,Priya Das,20,Female,0.45,23.54,0.71,6,24,1,50.53,D,0,Waste of time,Negative
6548,Rahul Reddy,25,Male,0.93,39.73,0.65,4,25,5,64.23,C,0,Nothing special,Neutral
6549,Meena Das,30,Female,0.81,51.49,0.67,6,0,5,49.37,D,0,Not useful at all,Negative
6550,Arun Kumar,21,Male,0.55,49.71,0.79,5,23,5,50.08,D,0,Poor explanations,Negative
6551,Priya Singh,24,Male,0.67,43.24,0.86,9,36,6,73.38,B,0,Great course and very helpful,Positive
6552,Vijay Patel,21,Male,1,13.67,0.6,5,45,7,66.99,C,0,Average experience,Neutral
6553,Arun Kumar,23,Female,0.78,8.74,0.56,6,0,4,48.8,D,0,Waste of time,Negative
6554,Vijay Reddy,22,Male,0.66,34.21,0.46,5,8,6,43.28,D,0,Not useful at all,Negative
6555,Arun Sharma,23,Male,0.72,53.06,0.36,7,39,7,58.37,C,0,Can be improved,Neutral
6556,Priya Reddy,28,Female,0.6,65.01,0.6,7,40,8,66.93,C,0,Can be improved,Neutral
6557,Ravi Das,19,Male,1,44.24,0.86,5,3,7,71.78,B,0,Very engaging and informative,Positive
6558,Divya Singh,20,Female,0.74,43.48,0.84,3,21,3,62.07,C,0,Okay course,Neutral
6559,Meena Patel,18,Male,0.73,56.12,0.74,5,38,8,67.87,C,0,Average experience,Neutral
6560,Meena Das,21,Female,0.59,34.51,0.95,4,39,9,67.03,C,0,Nothing special,Neutral
6561,Divya Das,28,Female,0.58,34.48,0.69,8,17,8,56.17,C,0,Nothing special,Neutral
6562,Priya Gupta,23,Male,0.87,42.51,1,4,10,2,62.72,C,0,Average experience,Neutral
6563,Anjali Verma,26,Female,0.59,66.56,0.48,5,0,1,52.11,D,0,Waste of time,Negative
6564,Kavya Nair,19,Female,0.38,49.25,0.93,3,40,7,57.62,C,0,Nothing special,Neutral
6565,Priya Singh,26,Female,0.88,15.34,0.63,7,19,3,61.05,C,0,Normal learning experience,Neutral
6566,Ravi Iyer,25,Female,0.82,45.96,0.79,8,33,1,68.13,C,0,Nothing special,Neutral
6567,Suresh Singh,21,Female,0.82,58.65,0.6,7,16,0,61.58,C,0,Okay course,Neutral
6568,Divya Verma,29,Male,0.71,64.54,0.67,4,29,7,65.48,C,0,Can be improved,Neutral
6569,Ravi Verma,18,Female,0.92,32.97,0.56,4,16,0,62.98,C,0,Can be improved,Neutral
6570,Kavya Gupta,18,Female,0.68,43.58,0.85,8,12,1,66.63,C,0,Average experience,Neutral
6571,Divya Verma,28,Male,1,32.16,0.75,6,29,6,67.33,C,0,Can be improved,Neutral
6572,Divya Verma,24,Male,0.54,32.96,0.73,6,11,9,44.26,D,0,Waste of time,Negative
6573,Ravi Singh,21,Male,0.76,23.45,0.47,4,35,4,52.53,D,0,Too difficult to follow,Negative
6574,Meena Gupta,21,Male,0.98,54.61,0.53,9,10,8,76.82,B,0,Helped me improve a lot,Positive
6575,Anjali Verma,20,Female,1,39.28,0.86,9,5,3,69.74,C,0,Okay course,Neutral
6576,Suresh Patel,25,Male,0.7,45.63,0.56,3,30,3,54.82,D,0,Too difficult to follow,Negative
6577,Suresh Sharma,25,Male,0.63,43.3,0.52,7,25,5,48.09,D,0,Very confusing content,Negative
6578,Priya Singh,19,Male,0.68,46.6,0.61,6,6,6,56.78,C,0,Nothing special,Neutral
6579,Priya Verma,30,Male,0.88,42.96,0.96,9,32,4,86.62,A,0,Excellent platform for learning,Positive
6580,Karthik Kumar,30,Female,0.85,77.57,0.54,3,31,8,65.83,C,0,Average experience,Neutral
6581,Sneha Verma,22,Female,0.84,40.49,0.88,6,4,7,71.65,B,0,Helped me improve a lot,Positive
6582,Vijay Kumar,26,Male,0.89,45.12,0.77,9,40,4,73.8,B,0,Great course and very helpful,Positive
6583,Meena Kumar,23,Female,0.81,38.55,0.93,6,2,7,70.88,B,0,Excellent platform for learning,Positive
6584,Meena Das,27,Male,0.66,58.4,0.56,8,9,7,59.69,C,0,Okay course,Neutral
6585,Meena Gupta,19,Male,0.67,23.1,0.83,9,34,1,70.93,B,0,Loved the teaching style,Positive
6586,Anjali Iyer,24,Male,0.8,78.77,0.88,3,8,4,69.73,C,0,Nothing special,Neutral
6587,Priya Nair,23,Female,0.37,32.69,0.6,8,37,4,51.78,D,0,Waste of time,Negative
6588,Sneha Das,19,Male,0.69,46.24,0.4,4,18,2,56.17,C,0,Average experience,Neutral
6589,Suresh Sharma,30,Male,1,47.06,0.28,9,46,1,59.76,C,0,Nothing special,Neutral
6590,Kavya Patel,29,Male,0.56,32.47,0.51,9,13,0,54.69,D,0,Not useful at all,Negative
6591,Sneha Singh,24,Male,0.99,32.12,0.71,8,3,6,57,C,0,Average experience,Neutral
6592,Suresh Das,26,Female,0.61,37.16,0.87,5,47,5,71.92,B,0,Excellent platform for learning,Positive
6593,Anjali Patel,20,Female,0.58,61.67,0.73,8,49,2,79.3,B,0,Very engaging and informative,Positive
6594,Suresh Patel,28,Male,0.59,55.37,0.47,4,26,4,54.86,D,0,Not useful at all,Negative
6595,Vijay Singh,27,Male,1,49.87,0.69,9,0,7,69.26,C,0,Nothing special,Neutral
6596,Meena Gupta,20,Male,0.66,45.77,0.65,8,6,9,60.81,C,0,Nothing special,Neutral
6597,Anjali Reddy,24,Female,1,31.5,0.69,5,25,1,72.96,B,0,Loved the teaching style,Positive
6598,Divya Patel,21,Male,0.59,39.9,0.61,3,4,6,47.92,D,0,Poor explanations,Negative
6599,Vijay Kumar,29,Male,0.77,73.37,0.43,8,47,3,73.56,B,0,Loved the teaching style,Positive
6600,Meena Singh,24,Female,1,36.74,0.88,8,34,6,79.31,B,0,Great course and very helpful,Positive
6601,Vijay Gupta,29,Male,0.81,31.16,0.99,5,3,2,62.94,C,0,Can be improved,Neutral
6602,Priya Patel,18,Male,0.46,55.34,0.88,4,5,8,58.9,C,0,Average experience,Neutral
6603,Vijay Singh,24,Female,0.78,12.55,1,7,2,9,61.58,C,0,Can be improved,Neutral
6604,Anjali Patel,21,Male,0.69,50.4,0.69,3,27,9,61.43,C,0,Okay course,Neutral
6605,Rahul Sharma,27,Male,0.91,51.08,0.67,3,8,6,51,D,0,Very confusing content,Negative
6606,Kavya Sharma,22,Female,0.45,57.17,0.54,7,34,1,53.56,D,0,Poor explanations,Negative
6607,Rahul Reddy,19,Male,0.82,43.32,0.55,6,0,1,59.57,C,0,Average experience,Neutral
6608,Rahul Gupta,25,Female,0.88,49.88,0.51,8,23,0,68.86,C,0,Average experience,Neutral
6609,Divya Iyer,26,Male,0.84,14.36,0.48,4,6,3,46.73,D,0,Poor explanations,Negative
6610,Priya Verma,29,Female,0.45,32.32,0.92,7,44,9,66.49,C,0,Can be improved,Neutral
6611,Vijay Iyer,19,Female,0.61,40.84,0.67,3,9,9,51.23,D,0,Poor explanations,Negative
6612,Kavya Gupta,28,Female,0.75,50.22,0.88,5,40,3,72.78,B,0,Loved the teaching style,Positive
6613,Arun Das,20,Female,0.68,58.85,0.81,9,10,3,66.9,C,0,Nothing special,Neutral
6614,Suresh Sharma,28,Female,0.92,20.69,0.78,4,43,1,73.6,B,0,Great course and very helpful,Positive
6615,Kavya Kumar,24,Female,1,38.28,0.49,8,15,1,66.7,C,0,Normal learning experience,Neutral
6616,Meena Nair,19,Male,0.91,24.98,0.46,5,29,1,58.95,C,0,Nothing special,Neutral
6617,Rahul Patel,28,Male,0.72,62.68,0.78,3,45,2,67.33,C,0,Okay course,Neutral
6618,Meena Reddy,19,Female,1,34.73,0.66,8,40,4,70.13,B,0,Very engaging and informative,Positive
6619,Rahul Reddy,26,Female,0.45,35.17,0.61,8,31,5,48.3,D,0,Waste of time,Negative
6620,Suresh Sharma,23,Female,0.77,31.1,0.47,7,36,6,61.82,C,0,Normal learning experience,Neutral
6621,Priya Das,25,Male,1,27.57,0.78,6,29,1,66.52,C,0,Can be improved,Neutral
6622,Karthik Das,28,Female,0.5,38.07,0.4,4,26,2,49.63,D,0,Poor explanations,Negative
6623,Sneha Verma,29,Male,0.81,35.56,0.8,3,6,0,67.49,C,0,Okay course,Neutral
6624,Divya Das,25,Female,0.61,34.69,0.55,8,4,3,54.34,D,0,Waste of time,Negative
6625,Kavya Singh,22,Female,0.92,58.89,0.62,5,22,4,73.15,B,0,Great course and very helpful,Positive
6626,Arun Verma,24,Female,0.66,37.71,0.41,9,10,2,56.32,C,0,Normal learning experience,Neutral
6627,Divya Gupta,23,Female,0.66,59.67,0.63,3,0,3,61.48,C,0,Average experience,Neutral
6628,Ravi Sharma,23,Male,0.32,47.24,1,6,17,2,59.43,C,0,Can be improved,Neutral
6629,Kavya Patel,25,Male,0.67,41.75,0.72,8,12,7,50.55,D,0,Very confusing content,Negative
6630,Karthik Singh,25,Male,0.72,32.11,0.83,5,10,2,55.88,C,0,Normal learning experience,Neutral
6631,Meena Gupta,20,Female,1,33.58,0.69,6,2,3,64.42,C,0,Nothing special,Neutral
6632,Divya Iyer,28,Female,1,49.21,0.98,5,18,9,80.02,B,0,Very engaging and informative,Positive
6633,Anjali Iyer,29,Female,0.61,34.15,0.77,3,43,4,62.34,C,0,Normal learning experience,Neutral
6634,Anjali Sharma,24,Male,0.32,46.31,1,5,43,6,58.11,C,0,Average experience,Neutral
6635,Sneha Nair,18,Female,0.46,30.08,0.34,7,19,8,42.1,D,0,Not useful at all,Negative
6636,Kavya Das,27,Male,0.92,44.74,0.88,9,49,9,69.46,C,0,Nothing special,Neutral
6637,Kavya Patel,26,Female,0.78,30.39,0.73,9,1,6,55.09,C,0,Can be improved,Neutral
6638,Kavya Das,23,Male,1,33.3,0.38,7,33,6,62.51,C,0,Okay course,Neutral
6639,Vijay Iyer,30,Male,0.47,25.77,0.27,6,40,5,44.92,D,0,Too difficult to follow,Negative
6640,Anjali Gupta,30,Male,0.66,11.46,0.54,9,16,3,56.04,C,0,Okay course,Neutral
6641,Rahul Gupta,19,Female,0.39,41.29,0.44,9,2,0,39.88,Fail,0,Too difficult to follow,Negative
6642,Arun Nair,28,Female,0.74,41.03,0.85,8,14,6,64.44,C,0,Okay course,Neutral
6643,Meena Patel,22,Male,0.67,14.94,0.68,9,27,1,61.61,C,0,Okay course,Neutral
6644,Priya Nair,24,Female,0.61,14.47,0.31,9,31,0,56.49,C,0,Okay course,Neutral
6645,Anjali Sharma,24,Male,0.44,45.65,0.75,4,2,1,46.17,D,0,Too difficult to follow,Negative
6646,Ravi Singh,25,Male,0.84,40.06,0.75,3,40,0,65.49,C,0,Nothing special,Neutral
6647,Karthik Gupta,20,Female,0.8,39.52,0.61,6,21,1,50.4,D,0,Poor explanations,Negative
6648,Suresh Singh,18,Female,1,41.1,1,3,19,8,75.41,B,0,Helped me improve a lot,Positive
6649,Divya Iyer,27,Male,0.84,27.13,0.56,3,13,4,51.09,D,0,Not useful at all,Negative
6650,Karthik Kumar,25,Female,1,40.18,0.78,5,30,1,68.47,C,0,Average experience,Neutral
6651,Sneha Patel,20,Male,0.83,37.82,0.92,8,40,2,80.88,B,0,Loved the teaching style,Positive
6652,Ravi Iyer,26,Male,1,51.92,0.66,6,7,6,66.3,C,0,Normal learning experience,Neutral
6653,Sneha Nair,29,Male,1,19.32,0.56,3,8,6,57.6,C,0,Okay course,Neutral
6654,Meena Verma,29,Male,0.5,49.36,0.55,9,30,5,57.76,C,0,Average experience,Neutral
6655,Ravi Sharma,23,Male,0.73,41.93,0.91,5,43,1,69.27,C,0,Okay course,Neutral
6656,Vijay Kumar,30,Male,0.81,34.74,1,8,24,1,76.76,B,0,Very engaging and informative,Positive
6657,Arun Iyer,28,Female,0.73,33.1,0.75,7,37,7,68.32,C,0,Average experience,Neutral
6658,Priya Kumar,21,Female,0.55,42.27,0.72,7,22,1,61.63,C,0,Average experience,Neutral
6659,Divya Das,18,Female,0.39,71.6,0.78,7,0,9,59.15,C,0,Can be improved,Neutral
6660,Sneha Kumar,22,Female,1,41.02,0.64,3,37,0,63.73,C,0,Normal learning experience,Neutral
6661,Suresh Sharma,21,Male,0.74,25.55,0.66,7,0,6,47,D,0,Very confusing content,Negative
6662,Meena Patel,18,Male,0.44,64.85,1,4,17,0,64.34,C,0,Okay course,Neutral
6663,Vijay Das,25,Male,0.92,43.75,0.77,7,29,3,70.85,B,0,Helped me improve a lot,Positive
6664,Vijay Iyer,22,Female,0.61,17.79,0.98,5,27,7,63.63,C,0,Okay course,Neutral
6665,Ravi Sharma,24,Female,0.99,12.36,0.86,9,2,7,61.4,C,0,Nothing special,Neutral
6666,Priya Iyer,30,Female,0.74,38.7,0.6,9,34,9,62.95,C,0,Can be improved,Neutral
6667,Arun Nair,27,Female,0.69,37.46,0.59,5,25,9,55.26,C,0,Nothing special,Neutral
6668,Divya Das,21,Male,0.57,36.47,0.56,5,32,7,53.7,D,0,Not useful at all,Negative
6669,Meena Patel,30,Male,0.62,33.02,1,9,37,6,72.47,B,0,Loved the teaching style,Positive
6670,Priya Nair,30,Female,0.7,35.32,0.6,3,25,1,52.74,D,0,Not useful at all,Negative
6671,Vijay Sharma,30,Female,0.61,25.76,0.72,3,25,6,54.2,D,0,Not useful at all,Negative
6672,Rahul Patel,27,Female,0.9,73.16,0.77,8,28,1,76.65,B,0,Excellent platform for learning,Positive
6673,Suresh Nair,27,Male,0.69,46.48,0.65,4,24,4,70.46,B,0,Great course and very helpful,Positive
6674,Anjali Reddy,29,Female,0.94,36.69,0.68,5,15,9,68,C,0,Nothing special,Neutral
6675,Divya Patel,19,Male,1,29.83,0.8,3,25,5,69.02,C,0,Nothing special,Neutral
6676,Ravi Das,30,Female,0.73,6.3,0.44,7,17,9,51.63,D,0,Poor explanations,Negative
6677,Priya Kumar,21,Male,0.69,32.52,0.48,3,4,1,46.77,D,0,Poor explanations,Negative
6678,Divya Patel,23,Male,0.37,35.02,1,4,24,8,55.24,C,0,Normal learning experience,Neutral
6679,Divya Singh,30,Male,0.87,56.11,0.57,9,47,0,65.3,C,0,Nothing special,Neutral
6680,Ravi Sharma,22,Female,0.93,27.36,0.76,3,46,0,72.15,B,0,Very engaging and informative,Positive
6681,Kavya Nair,21,Female,0.87,39.85,0.56,9,49,4,77.94,B,0,Great course and very helpful,Positive
6682,Divya Sharma,24,Female,0.85,30.61,0.87,7,10,0,57.43,C,0,Can be improved,Neutral
6683,Arun Singh,23,Male,0.97,14.74,0.72,9,41,7,70.26,B,0,Very engaging and informative,Positive
6684,Sneha Sharma,30,Male,0.64,22.51,0.73,6,6,4,57.17,C,0,Can be improved,Neutral
6685,Suresh Verma,25,Male,0.83,54.68,0.59,3,40,5,70.03,B,0,Helped me improve a lot,Positive
6686,Ravi Singh,23,Male,0.84,30.85,0.66,4,11,3,56.54,C,0,Normal learning experience,Neutral
6687,Suresh Kumar,25,Female,0.38,36.8,0.89,8,11,1,61.59,C,0,Can be improved,Neutral
6688,Suresh Das,25,Female,1,41,0.7,8,33,4,83.28,B,0,Excellent platform for learning,Positive
6689,Anjali Singh,21,Female,0.73,33.24,0.97,9,10,4,73.48,B,0,Very engaging and informative,Positive
6690,Priya Verma,28,Female,0.42,34.64,0.84,7,6,7,48.97,D,0,Too difficult to follow,Negative
6691,Arun Sharma,25,Male,0.61,36.75,0.48,3,6,9,46.51,D,0,Too difficult to follow,Negative
6692,Meena Gupta,19,Male,0.89,36.83,0.61,9,19,5,68.24,C,0,Okay course,Neutral
6693,Sneha Singh,22,Male,0.64,19.33,0.58,9,44,2,61.07,C,0,Okay course,Neutral
6694,Sneha Nair,27,Female,0.72,45.38,0.86,6,25,8,72.59,B,0,Helped me improve a lot,Positive
6695,Arun Reddy,21,Male,0.73,36.6,0.64,7,6,6,57.33,C,0,Nothing special,Neutral
6696,Anjali Patel,25,Female,0.51,45.31,0.97,6,15,7,67.79,C,0,Nothing special,Neutral
6697,Ravi Reddy,23,Female,0.86,25.09,0.64,3,20,8,53.75,D,0,Very confusing content,Negative
6698,Suresh Sharma,25,Female,0.53,46.1,0.4,7,37,5,62.48,C,0,Nothing special,Neutral
6699,Meena Singh,28,Male,0.64,34.03,1,8,47,0,58.9,C,0,Can be improved,Neutral
6700,Meena Nair,30,Female,0.93,41.58,0.63,6,49,0,63.87,C,0,Normal learning experience,Neutral
6701,Sneha Kumar,30,Female,1,25.36,0.72,7,16,0,63.75,C,0,Average experience,Neutral
6702,Rahul Das,22,Female,0.83,43.63,0.72,4,43,6,68.66,C,0,Nothing special,Neutral
6703,Arun Sharma,27,Male,0.99,21.92,0.64,3,42,0,66.37,C,0,Okay course,Neutral
6704,Priya Kumar,27,Female,0.82,66.4,0.6,7,19,8,59.76,C,0,Can be improved,Neutral
6705,Meena Iyer,23,Male,0.56,34.46,1,9,13,0,75.8,B,0,Loved the teaching style,Positive
6706,Divya Verma,26,Female,0.86,9.06,0.62,8,45,3,60.87,C,0,Okay course,Neutral
6707,Ravi Kumar,29,Female,0.5,14.82,0.37,3,5,1,36.04,Fail,0,Waste of time,Negative
6708,Divya Kumar,18,Female,0.71,55.47,0.78,8,14,9,71.84,B,0,Helped me improve a lot,Positive
6709,Ravi Das,25,Male,0.94,43.44,0.78,8,31,2,81.3,B,0,Very engaging and informative,Positive
6710,Kavya Das,21,Male,0.82,45.69,0.42,9,30,0,61.24,C,0,Nothing special,Neutral
6711,Arun Singh,18,Female,0.66,54.53,0.7,6,15,2,57.56,C,0,Average experience,Neutral
6712,Arun Das,26,Male,0.62,53.52,0.55,9,18,9,59.8,C,0,Nothing special,Neutral
6713,Rahul Verma,23,Female,0.75,19.83,1,4,7,4,70.39,B,0,Loved the teaching style,Positive
6714,Vijay Kumar,30,Female,0.59,13.34,0.44,9,34,2,46.84,D,0,Waste of time,Negative
6715,Suresh Kumar,28,Male,0.54,15.94,0.77,5,27,8,52.02,D,0,Too difficult to follow,Negative
6716,Kavya Reddy,18,Female,0.82,47.81,0.85,4,17,5,69.1,C,0,Can be improved,Neutral
6717,Priya Iyer,28,Female,0.79,72.85,0.7,3,6,3,65.38,C,0,Okay course,Neutral
6718,Kavya Kumar,27,Female,0.86,31.9,0.83,5,42,8,61.89,C,0,Normal learning experience,Neutral
6719,Sneha Singh,29,Female,0.79,49.33,0.62,4,15,4,63.34,C,0,Average experience,Neutral
6720,Anjali Kumar,30,Male,1,36.55,0.69,6,48,5,80.64,B,0,Excellent platform for learning,Positive
6721,Suresh Reddy,24,Female,0.55,47.47,0.65,6,6,0,48.06,D,0,Too difficult to follow,Negative
6722,Ravi Singh,27,Female,1,25.49,0.92,3,30,7,74.69,B,0,Very engaging and informative,Positive
6723,Karthik Verma,26,Female,0.62,50.56,0.33,9,11,7,58.61,C,0,Can be improved,Neutral
6724,Karthik Gupta,18,Female,0.49,62.02,0.72,4,28,6,50.56,D,0,Not useful at all,Negative
6725,Ravi Sharma,21,Male,0.84,63.09,0.54,6,49,2,75.45,B,0,Great course and very helpful,Positive
6726,Arun Patel,27,Female,0.97,52.44,0.38,3,42,8,59.5,C,0,Can be improved,Neutral
6727,Kavya Gupta,20,Female,0.77,37.32,0.58,9,0,2,55.96,C,0,Average experience,Neutral
6728,Meena Nair,26,Female,1,37.4,0.62,8,35,4,70.01,B,0,Helped me improve a lot,Positive
6729,Suresh Nair,18,Male,0.46,40.01,0.68,3,23,5,55.37,C,0,Average experience,Neutral
6730,Vijay Patel,19,Female,0.61,24.21,0.75,4,42,8,62.52,C,0,Nothing special,Neutral
6731,Karthik Sharma,18,Male,0.57,57.73,0.78,7,28,3,67.59,C,0,Normal learning experience,Neutral
6732,Anjali Patel,18,Male,0.5,31.02,0.59,9,26,2,53.03,D,0,Poor explanations,Negative
6733,Karthik Kumar,24,Male,1,61.44,0.58,4,9,4,68.83,C,0,Nothing special,Neutral
6734,Meena Patel,29,Male,0.79,50.25,0.88,9,39,5,72.89,B,0,Very engaging and informative,Positive
6735,Meena Patel,22,Male,0.93,63.05,0.18,9,22,1,62.29,C,0,Okay course,Neutral
6736,Ravi Verma,18,Female,0.72,71.98,0.95,8,12,5,77.14,B,0,Very engaging and informative,Positive
6737,Arun Nair,27,Male,0.52,32.41,0.88,4,40,1,55.18,C,0,Normal learning experience,Neutral
6738,Meena Nair,29,Female,0.82,41.43,0.74,3,18,1,70.4,B,0,Very engaging and informative,Positive
6739,Arun Nair,24,Female,1,28.02,0.86,6,13,5,65.63,C,0,Average experience,Neutral
6740,Rahul Reddy,26,Male,0.48,57.97,0.58,8,3,7,53.8,D,0,Poor explanations,Negative
6741,Karthik Singh,25,Female,0.58,40.58,0.95,8,20,6,60.51,C,0,Nothing special,Neutral
6742,Arun Reddy,19,Male,0.5,86.48,0.53,9,41,3,68.89,C,0,Nothing special,Neutral
6743,Kavya Patel,19,Male,0.98,21.42,0.68,4,32,7,63.05,C,0,Okay course,Neutral
6744,Priya Singh,18,Female,0.65,38.01,0.76,7,0,5,65.77,C,0,Average experience,Neutral
6745,Anjali Patel,30,Male,0.7,45.34,0.89,8,28,6,82.36,B,0,Great course and very helpful,Positive
6746,Kavya Nair,25,Female,0.9,26.77,0.83,6,40,7,70.38,B,0,Helped me improve a lot,Positive
6747,Meena Reddy,30,Male,0.92,48.46,0.93,3,8,8,76.43,B,0,Excellent platform for learning,Positive
6748,Karthik Iyer,18,Female,0.8,28.28,0.66,6,26,9,61.85,C,0,Average experience,Neutral
6749,Priya Reddy,20,Female,0.58,49.78,0.54,7,44,0,48.65,D,0,Waste of time,Negative
6750,Arun Sharma,26,Female,0.8,49.83,0.43,7,45,3,56.14,C,0,Normal learning experience,Neutral
6751,Ravi Gupta,23,Male,0.75,62.78,0.48,5,5,4,51.66,D,0,Too difficult to follow,Negative
6752,Anjali Singh,18,Female,0.58,41.12,0.69,7,40,3,68.35,C,0,Normal learning experience,Neutral
6753,Vijay Patel,20,Male,0.91,23.38,0.58,8,30,8,59.94,C,0,Nothing special,Neutral
6754,Suresh Singh,28,Female,0.83,10.89,0.63,5,20,4,50.87,D,0,Poor explanations,Negative
6755,Suresh Sharma,22,Female,0.63,49.78,0.82,6,36,8,65.41,C,0,Normal learning experience,Neutral
6756,Kavya Iyer,25,Female,0.7,56.72,0.47,7,16,4,53.96,D,0,Not useful at all,Negative
6757,Priya Sharma,25,Male,0.81,46.23,0.61,3,35,4,56.14,C,0,Average experience,Neutral
6758,Vijay Singh,28,Female,0.33,47.58,0.71,3,32,5,49.18,D,0,Poor explanations,Negative
6759,Rahul Sharma,19,Female,0.64,48.19,0.46,3,40,9,50.54,D,0,Too difficult to follow,Negative
6760,Vijay Gupta,26,Male,0.58,9.95,0.47,6,49,3,48.97,D,0,Poor explanations,Negative
6761,Divya Verma,19,Female,0.73,61.99,0.71,4,29,1,66.64,C,0,Nothing special,Neutral
6762,Karthik Sharma,27,Female,0.83,52.99,0.65,3,28,9,59.96,C,0,Nothing special,Neutral
6763,Vijay Iyer,26,Male,0.68,32.85,0.87,5,36,7,51.54,D,0,Waste of time,Negative
6764,Meena Singh,20,Male,1,37.65,0.46,8,44,1,61.06,C,0,Nothing special,Neutral
6765,Anjali Das,20,Female,0.39,46.1,0.76,4,48,8,53.62,D,0,Waste of time,Negative
6766,Meena Nair,28,Female,0.96,44.55,1,9,40,7,86.53,A,0,Very engaging and informative,Positive
6767,Vijay Kumar,25,Male,0.76,36.41,1,3,18,5,67.75,C,0,Nothing special,Neutral
6768,Meena Patel,19,Male,0.73,32.06,0.83,6,26,3,62.35,C,0,Nothing special,Neutral
6769,Kavya Verma,21,Female,0.72,59.93,0.44,3,4,6,57.58,C,0,Nothing special,Neutral
6770,Karthik Reddy,27,Male,0.58,49.28,0.51,7,8,9,56.34,C,0,Nothing special,Neutral
6771,Divya Patel,28,Female,0.8,40.56,0.59,4,29,7,55.24,C,0,Okay course,Neutral
6772,Kavya Sharma,23,Male,0.9,64.18,0.48,8,13,2,66.21,C,0,Normal learning experience,Neutral
6773,Divya Patel,28,Male,0.65,22.63,0.87,5,46,4,62.08,C,0,Nothing special,Neutral
6774,Rahul Patel,30,Male,0.87,25.69,0.65,3,15,0,52.23,D,0,Very confusing content,Negative
6775,Suresh Iyer,23,Female,0.88,49.53,0.61,8,49,3,74.78,B,0,Great course and very helpful,Positive
6776,Priya Singh,22,Female,0.67,44.58,1,8,43,1,83.25,B,0,Helped me improve a lot,Positive
6777,Rahul Patel,23,Male,0.57,48.88,0.78,7,24,1,66.71,C,0,Normal learning experience,Neutral
6778,Rahul Verma,23,Female,1,24.39,0.56,6,9,6,64.02,C,0,Average experience,Neutral
6779,Kavya Das,19,Female,0.42,49.94,0.87,9,12,5,53.34,D,0,Too difficult to follow,Negative
6780,Anjali Singh,20,Male,1,39.18,0.8,5,46,1,77.71,B,0,Helped me improve a lot,Positive
6781,Anjali Reddy,25,Male,0.48,37.22,0.58,7,26,8,47.43,D,0,Too difficult to follow,Negative
6782,Sneha Das,19,Female,0.64,34.34,1,6,23,1,61.79,C,0,Nothing special,Neutral
6783,Kavya Gupta,30,Female,0.73,16.16,0.57,8,23,9,52.23,D,0,Poor explanations,Negative
6784,Meena Das,30,Male,0.92,80.5,1,4,33,5,70.04,B,0,Helped me improve a lot,Positive
6785,Sneha Singh,19,Female,0.58,38.72,0.64,3,28,8,57.72,C,0,Okay course,Neutral
6786,Sneha Gupta,20,Female,0.9,34.74,0.59,8,7,8,59.11,C,0,Okay course,Neutral
6787,Karthik Das,26,Female,0.76,39.83,1,9,45,5,80.04,B,0,Loved the teaching style,Positive
6788,Karthik Reddy,24,Male,0.93,18.04,0.62,5,0,5,56.39,C,0,Can be improved,Neutral
6789,Arun Patel,23,Male,0.69,28.23,1,6,43,8,73.43,B,0,Loved the teaching style,Positive
6790,Sneha Patel,24,Female,0.75,34.98,0.38,7,43,7,53.31,D,0,Very confusing content,Negative
6791,Anjali Gupta,21,Female,0.62,49.5,0.78,4,36,2,55.34,C,0,Nothing special,Neutral
6792,Meena Gupta,30,Male,0.51,47.66,0.62,3,34,5,54.42,D,0,Not useful at all,Negative
6793,Arun Nair,18,Male,0.67,45.44,0.8,6,49,2,69.99,C,0,Can be improved,Neutral
6794,Arun Sharma,26,Male,0.56,25.71,0.39,4,46,1,46.37,D,0,Too difficult to follow,Negative
6795,Kavya Gupta,22,Female,0.42,76.27,0.76,3,22,3,58.12,C,0,Average experience,Neutral
6796,Suresh Sharma,22,Male,0.8,56.58,0.94,7,5,8,69.6,C,0,Can be improved,Neutral
6797,Ravi Sharma,25,Female,0.61,37.95,0.74,8,49,1,65.49,C,0,Nothing special,Neutral
6798,Priya Kumar,18,Male,0.8,24.19,0.99,8,39,6,70.86,B,0,Very engaging and informative,Positive
6799,Rahul Reddy,25,Male,0.55,51.71,0.39,9,41,1,52.04,D,0,Very confusing content,Negative
6800,Priya Reddy,25,Male,0.67,40.48,0.49,7,15,8,48.52,D,0,Not useful at all,Negative
6801,Sneha Kumar,23,Female,1,60.95,0.8,5,36,2,81.44,B,0,Helped me improve a lot,Positive
6802,Kavya Kumar,29,Male,0.75,38.86,0.38,9,11,6,52.3,D,0,Too difficult to follow,Negative
6803,Kavya Singh,22,Female,0.7,48.42,0.71,4,11,1,57.84,C,0,Nothing special,Neutral
6804,Karthik Iyer,19,Male,0.82,37.38,0.68,7,36,4,62.58,C,0,Nothing special,Neutral
6805,Divya Das,29,Male,0.98,14.74,0.88,7,40,1,65.03,C,0,Can be improved,Neutral
6806,Divya Patel,20,Male,0.83,26.96,0.58,7,24,1,63.01,C,0,Okay course,Neutral
6807,Kavya Verma,23,Female,1,39.35,0.47,4,20,4,57.76,C,0,Can be improved,Neutral
6808,Kavya Kumar,21,Female,0.94,26.8,0.46,6,3,2,51.13,D,0,Too difficult to follow,Negative
6809,Suresh Reddy,22,Male,0.57,39.38,0.65,6,10,2,60.95,C,0,Average experience,Neutral
6810,Anjali Gupta,20,Male,0.71,50.68,0.57,6,5,8,49.96,D,0,Waste of time,Negative
6811,Divya Reddy,18,Male,0.62,42.71,0.8,6,43,8,80.2,B,0,Very engaging and informative,Positive
6812,Suresh Singh,27,Female,1,52.38,0.73,5,18,6,70.11,B,0,Excellent platform for learning,Positive
6813,Meena Iyer,28,Female,0.7,24.71,0.49,3,40,9,49.53,D,0,Poor explanations,Negative
6814,Karthik Singh,19,Female,0.84,40.2,0.78,3,2,5,58.28,C,0,Normal learning experience,Neutral
6815,Divya Sharma,29,Male,0.76,44.35,0.33,5,49,2,49.38,D,0,Not useful at all,Negative
6816,Divya Nair,22,Female,0.56,26.91,0.83,3,10,6,52.41,D,0,Too difficult to follow,Negative
6817,Divya Gupta,18,Female,0.54,41.86,0.62,5,27,8,53.07,D,0,Poor explanations,Negative
6818,Meena Reddy,21,Male,0.61,28.11,1,6,34,4,60.37,C,0,Normal learning experience,Neutral
6819,Priya Singh,30,Male,0.72,32.8,0.67,6,21,1,56.68,C,0,Average experience,Neutral
6820,Ravi Das,25,Male,0.71,37.33,0.26,3,38,4,46.81,D,0,Waste of time,Negative
6821,Sneha Sharma,18,Female,0.95,38.97,1,8,22,1,75.08,B,0,Loved the teaching style,Positive
6822,Ravi Singh,29,Female,0.61,8.42,0.29,7,1,9,30.34,Fail,0,Too difficult to follow,Negative
6823,Priya Kumar,30,Male,0.57,39.1,1,3,5,4,64.19,C,0,Normal learning experience,Neutral
6824,Suresh Singh,24,Female,0.7,49.62,0.67,7,31,9,65.36,C,0,Normal learning experience,Neutral
6825,Rahul Iyer,30,Male,0.66,45.9,0.82,7,24,3,68.89,C,0,Okay course,Neutral
6826,Sneha Nair,24,Male,0.91,32.41,0.56,3,11,6,54.91,D,0,Very confusing content,Negative
6827,Rahul Iyer,24,Female,0.69,62.31,0.73,4,0,5,56.43,C,0,Normal learning experience,Neutral
6828,Priya Patel,25,Male,0.99,46.31,0.7,7,30,6,73.5,B,0,Very engaging and informative,Positive
6829,Anjali Sharma,18,Female,0.89,67.3,0.62,6,17,8,75.1,B,0,Great course and very helpful,Positive
6830,Karthik Sharma,18,Male,0.72,21.9,0.86,5,23,2,53.06,D,0,Very confusing content,Negative
6831,Vijay Iyer,29,Female,1,48.74,0.51,7,3,8,62.91,C,0,Average experience,Neutral
6832,Rahul Reddy,20,Female,0.62,31.28,0.45,9,34,3,51.77,D,0,Waste of time,Negative
6833,Kavya Nair,20,Male,0.55,52.08,0.46,4,3,8,47.51,D,0,Not useful at all,Negative
6834,Rahul Das,24,Male,0.54,45.73,0.59,8,39,5,57.89,C,0,Okay course,Neutral
6835,Sneha Reddy,22,Female,0.65,44.91,0.9,8,47,3,68.19,C,0,Can be improved,Neutral
6836,Karthik Sharma,30,Male,0.47,36.31,0.67,4,37,1,57.69,C,0,Average experience,Neutral
6837,Vijay Sharma,28,Female,0.67,37.87,0.27,9,22,8,48.01,D,0,Not useful at all,Negative
6838,Meena Kumar,24,Female,0.4,45.69,0.57,3,15,6,39.86,Fail,0,Waste of time,Negative
6839,Priya Gupta,27,Female,0.74,12.93,0.38,8,17,5,54.84,D,0,Poor explanations,Negative
6840,Priya Sharma,19,Male,0.64,51.78,0.62,7,1,2,57.24,C,0,Can be improved,Neutral
6841,Kavya Singh,18,Female,0.84,20.87,0.75,4,12,8,59.13,C,0,Normal learning experience,Neutral
6842,Kavya Kumar,27,Male,0.44,79.98,0.62,5,23,0,52.06,D,0,Very confusing content,Negative
6843,Anjali Singh,18,Male,1,39.68,0.79,9,26,0,83.2,B,0,Excellent platform for learning,Positive
6844,Anjali Singh,25,Female,0.67,33.87,0.61,5,48,0,68.21,C,0,Can be improved,Neutral
6845,Ravi Singh,21,Female,0.63,64.99,0.71,5,17,1,59.17,C,0,Nothing special,Neutral
6846,Rahul Das,27,Male,0.64,54.56,0.68,4,39,5,55.2,C,0,Average experience,Neutral
6847,Kavya Patel,29,Male,0.39,15.82,0.93,4,43,5,58.77,C,1,Nothing special,Neutral
6848,Arun Kumar,29,Female,0.97,53.76,0.88,5,31,8,68.7,C,0,Average experience,Neutral
6849,Arun Nair,22,Male,0.76,44.69,0.64,3,19,5,53.46,D,0,Waste of time,Negative
6850,Meena Gupta,18,Female,1,37.3,0.7,7,14,3,72.12,B,0,Great course and very helpful,Positive
6851,Suresh Nair,27,Female,0.59,41.43,1,9,43,2,78.8,B,0,Loved the teaching style,Positive
6852,Priya Sharma,22,Male,1,44.75,0.93,8,48,3,75.44,B,0,Helped me improve a lot,Positive
6853,Karthik Sharma,29,Male,0.45,66.96,0.98,3,49,5,67.71,C,0,Okay course,Neutral
6854,Kavya Nair,23,Male,0.64,41.1,0.68,7,8,1,62.1,C,0,Average experience,Neutral
6855,Vijay Nair,22,Female,0.86,34.44,0.87,3,37,0,64.9,C,0,Nothing special,Neutral
6856,Divya Das,21,Female,0.72,40.03,0.42,3,7,2,46.3,D,0,Not useful at all,Negative
6857,Rahul Verma,30,Female,0.29,69.93,0.74,5,33,5,56.49,C,0,Normal learning experience,Neutral
6858,Rahul Patel,22,Male,0.6,65.18,0.65,5,0,7,51.5,D,0,Not useful at all,Negative
6859,Arun Verma,20,Male,0.59,50.32,0.56,5,2,3,37.83,Fail,0,Very confusing content,Negative
6860,Karthik Das,30,Male,0.84,11.21,0.52,6,1,8,58.57,C,0,Nothing special,Neutral
6861,Sneha Singh,26,Female,0.57,40.39,0.44,7,14,3,46.07,D,0,Waste of time,Negative
6862,Meena Kumar,27,Female,0.75,16.31,0.62,9,39,5,57.05,C,0,Normal learning experience,Neutral
6863,Karthik Sharma,22,Female,0.78,35.46,0.58,7,0,1,52.2,D,0,Waste of time,Negative
6864,Sneha Reddy,24,Male,0.87,36.56,0.71,4,6,9,57.64,C,0,Average experience,Neutral
6865,Kavya Nair,27,Female,0.42,33.71,0.88,8,14,1,53.41,D,0,Not useful at all,Negative
6866,Kavya Verma,30,Male,0.76,37.18,0.56,7,24,0,66.43,C,0,Nothing special,Neutral
6867,Suresh Reddy,30,Male,0.59,50.38,0.94,5,43,0,63.53,C,0,Can be improved,Neutral
6868,Kavya Reddy,19,Female,0.35,54.5,0.67,7,9,9,50.97,D,0,Not useful at all,Negative
6869,Arun Sharma,23,Male,0.94,63.52,0.92,4,7,3,76.43,B,0,Great course and very helpful,Positive
6870,Karthik Sharma,22,Female,0.61,47.87,0.68,8,30,4,63.96,C,0,Okay course,Neutral
6871,Meena Nair,24,Male,0.53,40.18,0.52,5,7,7,42.05,D,0,Not useful at all,Negative
6872,Ravi Iyer,29,Female,1,15.68,0.87,3,0,9,58.59,C,0,Normal learning experience,Neutral
6873,Vijay Sharma,22,Female,0.83,83.04,0.84,3,10,3,73.15,B,0,Great course and very helpful,Positive
6874,Kavya Verma,27,Male,0.53,19.3,0.82,7,18,6,53.84,D,0,Poor explanations,Negative
6875,Anjali Sharma,24,Female,0.36,18.15,1,4,11,2,50.59,D,1,Poor explanations,Negative
6876,Priya Patel,25,Female,0.66,12.7,0.43,7,38,3,53.58,D,0,Poor explanations,Negative
6877,Meena Iyer,20,Male,0.64,28.68,0.84,6,16,3,65.38,C,0,Can be improved,Neutral
6878,Karthik Singh,19,Male,0.46,19.29,0.65,6,42,0,57.54,C,1,Average experience,Neutral
6879,Rahul Singh,25,Male,0.42,31.55,0.71,8,27,9,48.24,D,0,Waste of time,Negative
6880,Rahul Kumar,26,Male,0.85,32.21,0.93,8,17,9,76.88,B,0,Great course and very helpful,Positive
6881,Ravi Kumar,18,Female,0.97,33.02,0.68,9,47,0,74.9,B,0,Excellent platform for learning,Positive
6882,Vijay Reddy,28,Female,0.54,49.03,0.93,9,1,8,66.36,C,0,Okay course,Neutral
6883,Anjali Sharma,28,Female,0.74,16.34,0.46,3,1,1,49.74,D,0,Very confusing content,Negative
6884,Ravi Gupta,29,Male,0.72,47.39,0.72,5,7,4,63.04,C,0,Okay course,Neutral
6885,Kavya Gupta,28,Female,0.42,47.71,0.74,3,44,0,55.46,C,0,Nothing special,Neutral
6886,Suresh Patel,22,Male,0.4,9.98,0.56,5,35,8,48.9,D,1,Not useful at all,Negative
6887,Rahul Singh,25,Male,0.81,63.21,0.53,3,39,5,59.13,C,0,Okay course,Neutral
6888,Arun Verma,23,Male,0.71,63,1,6,7,2,68.2,C,0,Normal learning experience,Neutral
6889,Rahul Patel,30,Female,1,29.9,1,6,6,9,70.25,B,0,Great course and very helpful,Positive
6890,Anjali Verma,24,Female,0.38,39.79,0.77,9,17,0,55.11,C,0,Okay course,Neutral
6891,Ravi Patel,26,Male,0.69,42.64,0.67,4,16,7,57.52,C,0,Average experience,Neutral
6892,Sneha Iyer,26,Female,0.65,50.21,0.79,9,35,3,75.38,B,0,Loved the teaching style,Positive
6893,Rahul Sharma,20,Male,0.89,25.5,1,5,19,3,71.99,B,0,Great course and very helpful,Positive
6894,Anjali Verma,29,Female,0.67,28.75,0.94,3,10,7,65.81,C,0,Average experience,Neutral
6895,Kavya Reddy,27,Male,0.35,7.91,0.38,5,20,0,33.55,Fail,1,Too difficult to follow,Negative
6896,Rahul Iyer,20,Female,1,91.1,1,4,20,5,82.63,B,0,Very engaging and informative,Positive
6897,Meena Das,24,Female,0.81,31.21,0.57,8,37,9,64.76,C,0,Can be improved,Neutral
6898,Suresh Gupta,18,Male,0.89,60.29,0.71,4,8,6,64.59,C,0,Can be improved,Neutral
6899,Suresh Patel,23,Male,0.82,19.5,0.64,9,1,3,57.36,C,0,Okay course,Neutral
6900,Vijay Singh,21,Male,0.96,37.42,0.21,7,17,5,50.03,D,0,Waste of time,Negative
6901,Ravi Verma,28,Female,0.43,22.28,0.69,5,10,9,39.72,Fail,0,Poor explanations,Negative
6902,Vijay Patel,23,Female,0.32,43.15,0.39,4,21,6,33.97,Fail,0,Waste of time,Negative
6903,Kavya Kumar,21,Female,1,33.14,0.56,3,16,7,58.99,C,0,Normal learning experience,Neutral
6904,Arun Singh,24,Female,0.9,24.28,1,7,6,4,69.24,C,0,Can be improved,Neutral
6905,Vijay Singh,24,Female,0.81,16.3,0.88,6,27,2,62.37,C,0,Nothing special,Neutral
6906,Arun Kumar,24,Female,0.78,48.31,0.83,5,26,4,65.58,C,0,Normal learning experience,Neutral
6907,Meena Singh,25,Female,0.5,33.15,0.93,8,9,6,69.79,C,0,Normal learning experience,Neutral
6908,Divya Verma,22,Male,0.29,39.96,0.5,5,33,4,38.38,Fail,0,Too difficult to follow,Negative
6909,Meena Reddy,30,Male,0.8,38.35,0.88,9,1,9,62.26,C,0,Can be improved,Neutral
6910,Anjali Verma,24,Female,0.64,39.09,0.28,7,5,7,37.94,Fail,0,Not useful at all,Negative
6911,Divya Das,26,Female,0.95,28,0.99,8,31,5,78.26,B,0,Very engaging and informative,Positive
6912,Meena Das,19,Female,0.9,40,0.57,6,24,3,76.44,B,0,Loved the teaching style,Positive
6913,Sneha Singh,28,Male,0.82,30.97,0.6,5,22,4,50.36,D,0,Not useful at all,Negative
6914,Rahul Verma,26,Male,0.72,53.14,0.74,4,12,7,65.43,C,0,Average experience,Neutral
6915,Kavya Kumar,30,Female,0.9,33.95,0.33,5,32,5,46.72,D,0,Not useful at all,Negative
6916,Priya Iyer,25,Male,1,62.1,0.56,3,48,3,74.63,B,0,Helped me improve a lot,Positive
6917,Rahul Kumar,27,Male,0.54,50.05,0.39,8,5,3,45.37,D,0,Very confusing content,Negative
6918,Meena Sharma,21,Male,0.78,44.82,0.93,8,40,5,67.86,C,0,Normal learning experience,Neutral
6919,Arun Verma,29,Female,1,39.42,0.58,9,0,9,74.42,B,0,Great course and very helpful,Positive
6920,Karthik Reddy,27,Male,0.67,20.93,0.61,9,31,4,57.12,C,0,Normal learning experience,Neutral
6921,Kavya Sharma,23,Female,0.37,35.28,0.7,4,49,1,56.23,C,0,Can be improved,Neutral
6922,Suresh Singh,25,Female,1,24.37,0.55,5,9,1,52.22,D,0,Too difficult to follow,Negative
6923,Vijay Sharma,22,Female,0.68,33.51,0.88,9,45,6,72.59,B,0,Loved the teaching style,Positive
6924,Priya Gupta,24,Female,1,31.27,0.83,6,38,9,71.84,B,0,Loved the teaching style,Positive
6925,Arun Nair,20,Female,0.81,18.53,0.99,5,14,4,67.56,C,0,Nothing special,Neutral
6926,Arun Das,29,Male,0.68,59.12,0.67,7,29,4,64.53,C,0,Okay course,Neutral
6927,Arun Patel,29,Male,0.65,63.58,0.77,8,24,9,71.26,B,0,Loved the teaching style,Positive
6928,Suresh Sharma,24,Female,0.82,34.85,0.48,7,32,7,68.03,C,0,Nothing special,Neutral
6929,Karthik Nair,27,Female,0.61,69.01,0.43,9,17,6,52.33,D,0,Waste of time,Negative
6930,Kavya Kumar,29,Female,0.4,52.36,0.67,7,44,8,65.95,C,0,Nothing special,Neutral
6931,Arun Nair,30,Female,0.76,33.83,0.28,6,40,3,51.45,D,0,Very confusing content,Negative
6932,Priya Sharma,19,Male,0.66,41.99,0.64,4,35,7,55.52,C,0,Normal learning experience,Neutral
6933,Suresh Iyer,28,Male,0.82,14.16,0.54,6,13,4,49.29,D,0,Not useful at all,Negative
6934,Divya Gupta,20,Male,0.55,49.87,0.52,3,34,6,54.29,D,0,Poor explanations,Negative
6935,Rahul Nair,23,Male,0.93,38.45,0.59,6,42,6,76.12,B,0,Loved the teaching style,Positive
6936,Priya Kumar,21,Male,0.46,65.49,0.32,8,36,0,53.34,D,0,Too difficult to follow,Negative
6937,Vijay Kumar,23,Male,0.35,45.76,0.67,8,0,6,50.56,D,0,Waste of time,Negative
6938,Meena Singh,21,Male,0.74,48.47,0.56,6,14,5,59.76,C,0,Okay course,Neutral
6939,Rahul Reddy,20,Male,0.42,45.62,0.62,8,38,7,62.34,C,0,Okay course,Neutral
6940,Arun Nair,25,Female,0.52,34.84,0.51,5,17,6,42.01,D,0,Not useful at all,Negative
6941,Ravi Kumar,21,Female,1,52.54,0.92,9,24,0,81.35,B,0,Loved the teaching style,Positive
6942,Kavya Iyer,27,Male,1,38.37,0.58,3,45,4,63.3,C,0,Nothing special,Neutral
6943,Priya Verma,28,Female,0.67,29.09,0.94,8,36,6,67.72,C,0,Okay course,Neutral
6944,Anjali Iyer,21,Male,0.5,38.48,0.96,8,2,4,61.35,C,0,Okay course,Neutral
6945,Priya Reddy,18,Male,0.96,16.31,0.94,6,18,0,79.96,B,0,Helped me improve a lot,Positive
6946,Karthik Das,20,Female,0.67,44.05,0.92,6,8,5,69.83,C,0,Nothing special,Neutral
6947,Karthik Sharma,19,Female,0.39,54.09,0.78,3,22,4,52.65,D,0,Poor explanations,Negative
6948,Arun Singh,26,Female,0.76,36.69,0.55,4,12,2,60.86,C,0,Average experience,Neutral
6949,Arun Das,20,Female,1,45.3,0.33,7,47,0,67.65,C,0,Normal learning experience,Neutral
6950,Suresh Gupta,25,Male,0.56,50.58,0.89,8,4,4,67.82,C,0,Nothing special,Neutral
6951,Anjali Iyer,21,Male,0.69,33.89,0.43,7,1,3,49.81,D,0,Poor explanations,Negative
6952,Suresh Singh,19,Female,0.71,67.75,0.76,3,34,7,76.87,B,0,Great course and very helpful,Positive
6953,Divya Kumar,19,Male,0.78,25.18,0.19,8,43,0,50.76,D,0,Poor explanations,Negative
6954,Anjali Kumar,24,Male,0.36,54.82,0.93,8,7,4,61.2,C,0,Can be improved,Neutral
6955,Divya Reddy,28,Male,1,17.98,0.79,9,26,4,68.52,C,0,Normal learning experience,Neutral
6956,Kavya Singh,20,Male,0.79,46.77,0.55,6,19,6,59.36,C,0,Okay course,Neutral
6957,Kavya Sharma,28,Male,0.77,15.86,0.88,3,21,5,63.2,C,0,Okay course,Neutral
6958,Anjali Patel,20,Male,0.73,63.43,0.62,4,48,0,60.81,C,0,Nothing special,Neutral
6959,Meena Reddy,30,Male,0.84,3.94,0.67,8,30,2,45.51,D,0,Waste of time,Negative
6960,Kavya Gupta,25,Female,0.51,25.87,0.26,3,48,4,39.02,Fail,0,Very confusing content,Negative
6961,Suresh Iyer,27,Female,0.26,20.95,0.88,9,43,6,49.87,D,0,Very confusing content,Negative
6962,Divya Reddy,26,Male,0.47,38.07,0.68,8,17,5,61.47,C,0,Nothing special,Neutral
6963,Divya Sharma,25,Male,1,36.27,0.56,4,1,4,57.18,C,0,Average experience,Neutral
6964,Kavya Reddy,19,Male,0.78,38.95,0.6,6,6,4,47.37,D,0,Too difficult to follow,Negative
6965,Vijay Nair,20,Male,0.57,14.25,0.49,4,8,1,39.81,Fail,0,Waste of time,Negative
6966,Rahul Patel,26,Female,0.6,35.8,0.54,7,18,5,57.01,C,0,Okay course,Neutral
6967,Ravi Patel,30,Female,0.85,73.27,0.62,5,31,2,68.53,C,0,Okay course,Neutral
6968,Anjali Singh,21,Female,1,47.81,0.75,7,31,9,72.88,B,0,Helped me improve a lot,Positive
6969,Karthik Sharma,24,Female,0.64,29.38,0.86,5,23,1,48.34,D,0,Poor explanations,Negative
6970,Vijay Reddy,18,Male,0.81,28.62,0.46,5,2,5,53.42,D,0,Too difficult to follow,Negative
6971,Anjali Patel,18,Male,0.68,69.54,0.47,3,0,9,59.06,C,0,Average experience,Neutral
6972,Kavya Singh,29,Male,0.54,51.22,0.81,5,25,7,62.65,C,0,Average experience,Neutral
6973,Anjali Gupta,28,Male,0.68,59.52,0.55,9,35,0,62.18,C,0,Nothing special,Neutral
6974,Rahul Nair,27,Male,0.72,50.93,0.47,5,36,6,59.56,C,0,Can be improved,Neutral
6975,Divya Gupta,18,Female,0.96,38.41,0.68,6,14,0,72.32,B,0,Excellent platform for learning,Positive
6976,Anjali Verma,28,Female,0.58,28.85,0.68,5,49,0,53.98,D,0,Too difficult to follow,Negative
6977,Priya Nair,20,Male,0.85,31.65,0.62,8,15,2,64.36,C,0,Average experience,Neutral
6978,Anjali Singh,25,Male,0.75,32.27,0.55,4,44,7,53.07,D,0,Not useful at all,Negative
6979,Rahul Kumar,19,Female,1,49.47,0.85,7,43,5,75.69,B,0,Helped me improve a lot,Positive
6980,Vijay Verma,18,Female,0.98,50.82,0.56,4,47,2,70.4,B,0,Great course and very helpful,Positive
6981,Vijay Iyer,21,Male,0.6,37.54,0.89,4,40,2,69.27,C,0,Okay course,Neutral
6982,Arun Das,28,Female,0.97,50.79,0.63,4,35,8,73.92,B,0,Loved the teaching style,Positive
6983,Karthik Iyer,28,Male,0.84,53.15,1,9,8,2,74.14,B,0,Great course and very helpful,Positive
6984,Suresh Singh,30,Male,0.88,42.76,0.66,7,40,2,66.66,C,0,Okay course,Neutral
6985,Vijay Das,24,Male,0.42,37.58,0.69,6,6,9,47.2,D,0,Very confusing content,Negative
6986,Vijay Gupta,29,Female,0.92,45.92,0.76,9,0,1,70.65,B,0,Great course and very helpful,Positive
6987,Kavya Kumar,18,Male,0.4,37.59,0.93,7,27,0,57.66,C,0,Normal learning experience,Neutral
6988,Rahul Gupta,25,Female,0.87,5.79,0.75,9,0,2,55.29,C,0,Can be improved,Neutral
6989,Ravi Kumar,20,Male,0.75,47.35,1,4,3,1,69.07,C,0,Okay course,Neutral
6990,Vijay Sharma,28,Male,1,37.91,0.55,8,42,8,68.77,C,0,Okay course,Neutral
6991,Divya Verma,22,Female,0.74,64.15,0.78,8,49,2,75.24,B,0,Helped me improve a lot,Positive
6992,Sneha Singh,28,Female,0.43,37.42,0.94,7,15,6,59.42,C,0,Can be improved,Neutral
6993,Karthik Kumar,28,Female,0.82,46.24,0.78,5,31,9,74.61,B,0,Excellent platform for learning,Positive
6994,Anjali Reddy,30,Male,0.67,33.18,1,9,15,4,75.37,B,0,Very engaging and informative,Positive
6995,Suresh Patel,25,Male,0.89,40.15,0.73,8,30,7,64.82,C,0,Okay course,Neutral
6996,Rahul Das,18,Female,0.63,42.08,0.44,4,16,8,46.78,D,0,Waste of time,Negative
6997,Vijay Das,29,Male,0.46,38.65,0.59,6,41,1,49.85,D,0,Very confusing content,Negative
6998,Arun Das,26,Female,0.33,48.43,0.74,9,7,1,53.66,D,0,Poor explanations,Negative
6999,Sneha Patel,19,Male,0.91,41.93,0.72,8,48,7,62.17,C,0,Can be improved,Neutral
7000,Ravi Sharma,24,Female,0.75,52.24,0.82,5,15,6,62.06,C,0,Normal learning experience,Neutral
7001,Vijay Das,23,Male,1,35.35,0.7,6,0,0,69.13,C,0,Okay course,Neutral
7002,Karthik Singh,23,Female,0.71,17.27,0.15,8,46,6,48.03,D,0,Waste of time,Negative
7003,Ravi Iyer,22,Female,0.86,37.26,0.58,6,4,9,52.82,D,0,Not useful at all,Negative
7004,Suresh Gupta,24,Male,0.88,37.82,0.45,5,41,1,64.19,C,0,Average experience,Neutral
7005,Sneha Iyer,20,Female,0.93,61.59,0.78,8,33,9,69.7,C,0,Average experience,Neutral
7006,Ravi Nair,27,Female,0.53,33.22,0.82,7,45,5,53.01,D,0,Too difficult to follow,Negative
7007,Divya Reddy,28,Female,0.75,41.89,0.52,4,26,6,49.81,D,0,Very confusing content,Negative
7008,Vijay Patel,18,Female,0.46,36.68,0.61,4,43,6,51.73,D,0,Too difficult to follow,Negative
7009,Meena Verma,18,Female,0.97,61.83,0.84,5,36,6,82.93,B,0,Excellent platform for learning,Positive
7010,Priya Gupta,27,Female,0.57,48.31,0.74,7,2,6,46.56,D,0,Very confusing content,Negative
7011,Anjali Iyer,29,Male,0.73,45.62,0.86,5,47,9,73.79,B,0,Excellent platform for learning,Positive
7012,Suresh Das,22,Male,0.69,12.23,0.66,7,42,5,64.74,C,0,Nothing special,Neutral
7013,Arun Kumar,29,Male,0.57,40.33,0.19,6,13,1,35.5,Fail,0,Very confusing content,Negative
7014,Kavya Iyer,28,Female,0.72,43.18,1,8,0,9,73.52,B,0,Loved the teaching style,Positive
7015,Karthik Patel,23,Female,0.3,31.83,0.64,4,14,6,42.93,D,0,Poor explanations,Negative
7016,Vijay Kumar,26,Female,0.63,18.41,0.5,5,38,6,54.39,D,0,Very confusing content,Negative
7017,Vijay Kumar,23,Male,0.46,45.76,0.89,3,41,2,66.67,C,0,Nothing special,Neutral
7018,Kavya Kumar,28,Male,0.76,72.66,0.51,3,44,8,63.88,C,0,Okay course,Neutral
7019,Karthik Sharma,20,Male,0.71,43.71,0.88,8,37,0,62.03,C,0,Nothing special,Neutral
7020,Rahul Kumar,29,Female,0.62,54.57,0.36,5,46,1,49.27,D,0,Not useful at all,Negative
7021,Priya Verma,25,Male,0.34,52.6,1,7,7,4,66.29,C,0,Can be improved,Neutral
7022,Rahul Singh,19,Female,0.77,27.88,0.51,8,35,6,62.47,C,0,Average experience,Neutral
7023,Ravi Das,21,Male,0.28,51.65,0.39,8,24,9,45.02,D,0,Waste of time,Negative
7024,Meena Iyer,27,Female,0.9,27.83,0.93,3,35,5,70.8,B,0,Great course and very helpful,Positive
7025,Divya Gupta,28,Female,0.78,58.65,0.74,6,12,9,69.08,C,0,Okay course,Neutral
7026,Anjali Iyer,18,Male,0.59,43.96,0.54,7,33,9,62.02,C,0,Nothing special,Neutral
7027,Ravi Singh,18,Female,1,19.08,0.73,4,39,7,61.14,C,0,Nothing special,Neutral
7028,Kavya Patel,22,Female,0.62,55.88,0.52,8,45,1,63.75,C,0,Can be improved,Neutral
7029,Vijay Verma,27,Female,0.74,46.05,0.94,5,9,7,70.94,B,0,Excellent platform for learning,Positive
7030,Divya Gupta,27,Female,0.62,10.26,0.93,5,0,2,58.81,C,0,Average experience,Neutral
7031,Vijay Singh,22,Female,0.75,54.72,0.58,3,27,2,75.15,B,0,Very engaging and informative,Positive
7032,Kavya Nair,21,Male,1,26.25,0.84,8,14,6,68.64,C,0,Can be improved,Neutral
7033,Vijay Das,26,Female,0.44,38.03,0.31,7,13,5,33.89,Fail,0,Too difficult to follow,Negative
7034,Suresh Sharma,28,Male,0.7,42.47,0.72,7,6,8,59.17,C,0,Can be improved,Neutral
7035,Priya Singh,19,Male,0.82,21.25,0.71,9,39,9,74.12,B,0,Excellent platform for learning,Positive
7036,Vijay Gupta,29,Male,0.72,47.42,0.78,8,39,3,74.6,B,0,Great course and very helpful,Positive
7037,Priya Das,23,Female,0.96,46.37,0.57,6,42,8,72.01,B,0,Very engaging and informative,Positive
7038,Kavya Iyer,18,Male,0.62,27.15,0.7,3,4,7,40.99,D,0,Very confusing content,Negative
7039,Sneha Singh,21,Male,1,37.43,0.76,7,1,3,57.65,C,0,Can be improved,Neutral
7040,Meena Das,27,Female,0.76,21.58,0.35,8,47,4,46.98,D,0,Not useful at all,Negative
7041,Arun Iyer,30,Male,0.88,57.86,0.67,5,18,5,74.62,B,0,Great course and very helpful,Positive
7042,Meena Sharma,24,Female,0.52,14.09,0.9,9,21,4,56.43,C,0,Can be improved,Neutral
7043,Anjali Singh,27,Female,0.47,50.12,0.67,7,32,1,68.36,C,0,Okay course,Neutral
7044,Sneha Patel,23,Female,1,47.38,0.86,8,47,6,91.01,A,0,Great course and very helpful,Positive
7045,Vijay Gupta,19,Female,1,54.49,0.55,3,29,4,61.95,C,0,Normal learning experience,Neutral
7046,Meena Gupta,27,Male,0.31,42.82,0.46,5,31,3,46.4,D,0,Not useful at all,Negative
7047,Arun Verma,29,Female,0.87,62.85,0.81,6,11,2,65.98,C,0,Can be improved,Neutral
7048,Kavya Sharma,28,Male,0.7,35.53,0.39,5,47,1,56.38,C,0,Normal learning experience,Neutral
7049,Priya Sharma,25,Female,0.78,54.69,0.89,6,25,4,82.43,B,0,Very engaging and informative,Positive
7050,Ravi Reddy,29,Female,0.64,11.47,0.55,4,14,0,43.03,D,0,Very confusing content,Negative
7051,Arun Reddy,27,Male,0.71,48.22,0.47,8,48,3,63.27,C,0,Average experience,Neutral
7052,Meena Sharma,23,Male,0.98,42.98,0.84,6,10,0,69.24,C,0,Okay course,Neutral
7053,Suresh Kumar,23,Female,0.93,36.33,0.82,4,43,2,70.24,B,0,Excellent platform for learning,Positive
7054,Sneha Kumar,25,Male,0.77,40.01,0.52,6,24,2,58.8,C,0,Average experience,Neutral
7055,Ravi Kumar,25,Male,0.73,39.04,0.65,3,47,1,63.1,C,0,Nothing special,Neutral
7056,Sneha Kumar,29,Female,0.48,25.23,0.65,5,12,5,49.5,D,0,Too difficult to follow,Negative
7057,Suresh Singh,27,Male,0.72,51,0.69,7,6,4,60.23,C,0,Nothing special,Neutral
7058,Sneha Kumar,19,Female,0.79,37.86,0.99,6,14,2,72.42,B,0,Great course and very helpful,Positive
7059,Vijay Singh,29,Female,0.86,35.99,1,8,15,0,77.52,B,0,Excellent platform for learning,Positive
7060,Anjali Kumar,22,Male,0.35,59.73,0.94,4,20,9,64.24,C,0,Can be improved,Neutral
7061,Arun Patel,24,Female,0.71,30.51,0.93,9,4,9,63.79,C,0,Normal learning experience,Neutral
7062,Priya Gupta,20,Female,0.79,24.41,1,7,26,5,72.39,B,0,Loved the teaching style,Positive
7063,Sneha Gupta,23,Male,0.67,37.15,0.97,3,3,7,63.72,C,0,Average experience,Neutral
7064,Kavya Gupta,24,Male,0.74,54.02,0.86,7,26,6,66.56,C,0,Can be improved,Neutral
7065,Suresh Kumar,24,Female,1,27.27,0.7,8,5,8,61.51,C,0,Nothing special,Neutral
7066,Meena Gupta,27,Female,0.61,29.05,0.49,9,16,8,54.78,D,0,Very confusing content,Negative
7067,Anjali Kumar,27,Female,0.82,51.04,0.85,8,17,7,71.81,B,0,Loved the teaching style,Positive
7068,Priya Verma,29,Female,0.62,30.8,0.68,4,43,2,53.11,D,0,Very confusing content,Negative
7069,Rahul Iyer,26,Male,0.58,49.42,0.84,9,12,6,60.91,C,0,Nothing special,Neutral
7070,Vijay Nair,26,Female,0.73,30.86,0.5,7,21,2,50.59,D,0,Not useful at all,Negative
7071,Meena Nair,22,Female,0.51,37.07,0.59,8,13,9,51.48,D,0,Waste of time,Negative
7072,Divya Verma,25,Male,0.94,43.09,0.86,6,28,7,74.49,B,0,Loved the teaching style,Positive
7073,Meena Nair,26,Male,0.5,44.7,0.98,8,24,8,67.52,C,0,Can be improved,Neutral
7074,Vijay Verma,18,Female,0.68,36.91,1,4,8,7,63.88,C,0,Okay course,Neutral
7075,Vijay Reddy,27,Male,0.9,82.78,0.97,4,41,6,82.66,B,0,Helped me improve a lot,Positive
7076,Ravi Patel,21,Male,0.81,35.99,0.64,4,0,1,43.46,D,0,Waste of time,Negative
7077,Vijay Das,26,Male,1,40.68,0.96,6,26,6,82.55,B,0,Very engaging and informative,Positive
7078,Rahul Singh,18,Female,0.72,38.15,0.74,8,9,5,57.07,C,0,Can be improved,Neutral
7079,Divya Reddy,25,Male,0.64,46.49,0.86,8,35,9,71.89,B,0,Great course and very helpful,Positive
7080,Kavya Nair,30,Female,0.43,40.51,0.87,8,16,8,64.96,C,0,Nothing special,Neutral
7081,Divya Reddy,19,Female,0.8,33.97,1,5,15,1,75.31,B,0,Loved the teaching style,Positive
7082,Sneha Nair,29,Female,0.06,18.5,0.33,9,8,3,18.77,Fail,1,Very confusing content,Negative
7083,Anjali Iyer,20,Female,0.82,29.7,0.24,3,25,8,47.27,D,0,Very confusing content,Negative
7084,Vijay Reddy,29,Female,0.81,46.41,0.72,7,12,9,61.45,C,0,Average experience,Neutral
7085,Meena Reddy,25,Female,0.83,23.23,0.43,3,24,9,55.76,C,0,Normal learning experience,Neutral
7086,Divya Reddy,30,Female,0.68,11.98,0.98,7,1,6,63.34,C,0,Normal learning experience,Neutral
7087,Priya Gupta,25,Male,0.61,42.92,0.75,4,22,6,53.53,D,0,Poor explanations,Negative
7088,Vijay Sharma,21,Female,0.61,35.95,0.69,9,22,6,56.65,C,0,Normal learning experience,Neutral
7089,Meena Das,21,Female,0.71,52.14,0.84,5,33,6,69.7,C,0,Nothing special,Neutral
7090,Divya Iyer,21,Female,0.82,60.37,1,8,37,5,79.02,B,0,Loved the teaching style,Positive
7091,Sneha Reddy,20,Female,0.7,63.85,0.46,7,38,5,60.99,C,0,Normal learning experience,Neutral
7092,Arun Nair,24,Male,0.68,45.27,0.57,3,0,6,43.87,D,0,Very confusing content,Negative
7093,Karthik Reddy,22,Female,0.6,32.1,0.7,5,42,2,58.85,C,0,Nothing special,Neutral
7094,Rahul Sharma,27,Female,0.36,33.64,1,4,28,3,64.12,C,0,Nothing special,Neutral
7095,Kavya Patel,23,Male,0.64,43.85,0.82,6,18,2,60.52,C,0,Nothing special,Neutral
7096,Meena Gupta,18,Female,0.66,49.4,0.38,3,37,7,48.27,D,0,Waste of time,Negative
7097,Kavya Gupta,21,Female,0.69,54.67,0.34,3,16,4,50.04,D,0,Too difficult to follow,Negative
7098,Sneha Patel,30,Male,0.86,13.64,0.51,5,39,2,58.61,C,0,Nothing special,Neutral
7099,Rahul Singh,27,Female,0.7,25.32,0.65,9,47,8,56.21,C,0,Okay course,Neutral
7100,Sneha Das,25,Male,0.72,61.9,0.9,6,17,3,66.13,C,0,Normal learning experience,Neutral
7101,Kavya Singh,21,Male,0.61,71.05,0.76,6,41,3,71.27,B,0,Helped me improve a lot,Positive
7102,Karthik Reddy,19,Male,0.68,38.97,1,7,22,0,65.03,C,0,Average experience,Neutral
7103,Meena Das,25,Male,1,56.75,0.76,5,31,1,78.33,B,0,Excellent platform for learning,Positive
7104,Sneha Verma,30,Male,0.57,26.11,0.6,8,3,5,49.22,D,0,Very confusing content,Negative
7105,Kavya Gupta,19,Female,0.85,24.22,0.9,8,45,7,71.8,B,0,Loved the teaching style,Positive
7106,Rahul Sharma,27,Female,0.6,59.45,0.57,5,44,7,61.04,C,0,Can be improved,Neutral
7107,Anjali Nair,28,Male,0.8,14.08,0.49,3,13,8,54.36,D,0,Very confusing content,Negative
7108,Sneha Sharma,30,Female,0.61,24.9,0.42,4,8,5,38.84,Fail,0,Poor explanations,Negative
7109,Anjali Kumar,18,Male,0.73,39.61,0.89,7,7,4,62.5,C,0,Average experience,Neutral
7110,Vijay Singh,22,Male,0.99,45.95,0.78,4,41,2,73.56,B,0,Loved the teaching style,Positive
7111,Ravi Iyer,29,Male,0.85,17.68,0.48,9,37,5,64.87,C,0,Normal learning experience,Neutral
7112,Suresh Nair,22,Female,0.41,27.41,0.64,5,49,3,48.01,D,0,Not useful at all,Negative
7113,Sneha Das,20,Female,0.93,32.59,0.58,3,34,7,58.66,C,0,Normal learning experience,Neutral
7114,Anjali Gupta,30,Female,0.78,35.77,0.71,4,2,5,57.34,C,0,Nothing special,Neutral
7115,Sneha Reddy,19,Male,1,54.82,0.78,6,14,0,77.76,B,0,Helped me improve a lot,Positive
7116,Priya Nair,25,Female,0.53,49.92,0.41,8,15,4,49.37,D,0,Not useful at all,Negative
7117,Rahul Kumar,25,Female,0.68,51.88,1,4,6,7,69.29,C,0,Nothing special,Neutral
7118,Divya Reddy,27,Male,0.67,44.3,0.62,8,3,3,56.27,C,0,Nothing special,Neutral
7119,Priya Verma,21,Female,0.99,39.61,0.6,4,12,2,62.88,C,0,Average experience,Neutral
7120,Meena Das,26,Female,0.88,54.92,0.46,3,28,7,53.72,D,0,Waste of time,Negative
7121,Priya Singh,20,Male,0.91,24.49,1,3,18,9,63.39,C,0,Average experience,Neutral
7122,Vijay Singh,30,Male,0.73,35.12,0.7,9,24,3,68.85,C,0,Nothing special,Neutral
7123,Kavya Singh,21,Female,0.62,41.58,1,7,24,3,72.78,B,0,Excellent platform for learning,Positive
7124,Arun Verma,30,Male,0.94,40.7,0.99,8,33,3,66.48,C,0,Okay course,Neutral
7125,Anjali Iyer,20,Male,0.96,39.35,0.75,6,25,4,70.03,B,0,Great course and very helpful,Positive
7126,Rahul Singh,28,Female,1,49.43,0.68,6,38,4,78.77,B,0,Very engaging and informative,Positive
7127,Rahul Reddy,30,Female,0.74,57.88,0.61,4,33,2,71.33,B,0,Very engaging and informative,Positive
7128,Sneha Verma,24,Male,0.42,11.55,1,6,14,2,56.34,C,1,Can be improved,Neutral
7129,Rahul Iyer,18,Male,0.89,38.11,0.87,8,21,5,77.71,B,0,Very engaging and informative,Positive
7130,Rahul Iyer,20,Male,1,37.2,0.64,3,40,2,70.67,B,0,Loved the teaching style,Positive
7131,Anjali Kumar,19,Male,0.99,35.45,0.99,5,13,6,71.39,B,0,Very engaging and informative,Positive
7132,Meena Verma,28,Male,0.52,18.76,0.55,4,31,2,51.01,D,0,Not useful at all,Negative
7133,Ravi Gupta,21,Male,0.8,14.77,0.54,3,26,8,47.36,D,0,Too difficult to follow,Negative
7134,Divya Nair,30,Male,1,30.17,1,9,21,9,75.82,B,0,Great course and very helpful,Positive
7135,Karthik Gupta,23,Male,0.82,7.92,0.59,8,23,6,52.88,D,0,Not useful at all,Negative
7136,Meena Gupta,23,Male,0.83,26.9,0.8,7,23,3,62.57,C,0,Average experience,Neutral
7137,Suresh Gupta,27,Male,1,59.06,0.61,6,49,1,74.61,B,0,Great course and very helpful,Positive
7138,Anjali Verma,26,Male,0.48,8.6,1,6,6,3,48.39,D,1,Poor explanations,Negative
7139,Meena Gupta,22,Male,0.7,22.16,0.72,5,29,2,60.93,C,0,Nothing special,Neutral
7140,Meena Verma,25,Male,1,49.16,0.42,8,30,4,63.98,C,0,Nothing special,Neutral
7141,Divya Patel,22,Female,0.48,61.61,0.74,6,11,6,60.22,C,0,Average experience,Neutral
7142,Kavya Singh,25,Female,0.8,67.05,0.92,3,27,7,61.58,C,0,Okay course,Neutral
7143,Divya Kumar,21,Female,0.79,52.21,0.7,5,6,0,61.08,C,0,Okay course,Neutral
7144,Kavya Iyer,24,Female,0.96,56.71,0.61,6,48,2,74.6,B,0,Great course and very helpful,Positive
7145,Rahul Kumar,18,Male,0.57,31.39,0.6,3,29,6,47.76,D,0,Waste of time,Negative
7146,Sneha Reddy,27,Male,0.58,29.34,0.54,7,21,0,53.13,D,0,Not useful at all,Negative
7147,Sneha Nair,19,Male,0.92,41.75,0.64,4,21,0,69.25,C,0,Can be improved,Neutral
7148,Anjali Iyer,24,Male,0.71,60.61,0.73,9,44,1,81.46,B,0,Loved the teaching style,Positive
7149,Vijay Verma,24,Male,1,51.94,0.93,3,47,2,86.94,A,0,Excellent platform for learning,Positive
7150,Arun Verma,21,Male,0.52,53.24,0.93,6,16,5,68.02,C,0,Can be improved,Neutral
7151,Suresh Singh,25,Male,0.77,31.22,0.45,5,38,8,47.84,D,0,Poor explanations,Negative
7152,Arun Reddy,28,Female,0.93,18.05,0.54,8,29,7,54.07,D,0,Waste of time,Negative
7153,Anjali Gupta,24,Female,0.71,54.62,0.7,7,4,1,64.08,C,0,Can be improved,Neutral
7154,Meena Nair,28,Female,0.93,63.2,1,3,30,0,79.86,B,0,Loved the teaching style,Positive
7155,Divya Singh,29,Male,0.56,42.67,1,4,23,7,62.23,C,0,Can be improved,Neutral
7156,Vijay Singh,28,Female,1,15.32,0.71,7,23,8,58.57,C,0,Okay course,Neutral
7157,Anjali Das,29,Female,0.46,27.54,0.65,6,19,5,47.91,D,0,Not useful at all,Negative
7158,Rahul Gupta,24,Female,0.37,18.41,0.72,6,18,8,37.25,Fail,1,Poor explanations,Negative
7159,Arun Iyer,27,Male,1,27.51,0.77,3,48,5,67.08,C,0,Normal learning experience,Neutral
7160,Arun Kumar,21,Male,1,36.03,0.87,3,10,9,72.92,B,0,Very engaging and informative,Positive
7161,Suresh Gupta,30,Female,0.96,30.4,1,7,26,5,76.74,B,0,Excellent platform for learning,Positive
7162,Kavya Singh,22,Female,0.85,20.5,0.59,6,8,1,59.67,C,0,Can be improved,Neutral
7163,Suresh Das,29,Male,0.75,62.22,0.7,3,21,0,55.85,C,0,Nothing special,Neutral
7164,Sneha Verma,27,Male,0.78,50.4,0.35,7,6,2,52.91,D,0,Very confusing content,Negative
7165,Sneha Gupta,27,Female,0.66,53.24,1,7,3,9,70.72,B,0,Helped me improve a lot,Positive
7166,Arun Nair,20,Male,1,79.83,0.37,8,0,5,64.26,C,0,Normal learning experience,Neutral
7167,Priya Nair,24,Female,0.92,24.3,0.76,5,43,0,74.16,B,0,Helped me improve a lot,Positive
7168,Anjali Kumar,20,Female,0.63,57.94,0.66,7,35,2,67.27,C,0,Nothing special,Neutral
7169,Divya Kumar,21,Female,0.55,34,0.74,8,30,2,62.4,C,0,Can be improved,Neutral
7170,Suresh Gupta,27,Male,0.45,53,0.47,6,5,0,50.12,D,0,Very confusing content,Negative
7171,Suresh Iyer,28,Female,1,21.83,0.5,5,21,1,59.91,C,0,Can be improved,Neutral
7172,Sneha Iyer,30,Female,0.86,42.18,0.56,5,37,4,69.3,C,0,Average experience,Neutral
7173,Anjali Verma,19,Male,0.33,36.73,0.84,6,6,8,43.47,D,0,Very confusing content,Negative
7174,Arun Gupta,23,Male,1,54.26,0.7,8,17,0,72.26,B,0,Great course and very helpful,Positive
7175,Meena Kumar,29,Female,0.75,32.17,0.91,8,3,2,64.08,C,0,Nothing special,Neutral
7176,Meena Gupta,30,Female,0.89,44.56,0.02,8,34,3,62.55,C,0,Average experience,Neutral
7177,Meena Das,21,Female,0.86,56.85,0.56,8,0,6,57.3,C,0,Okay course,Neutral
7178,Arun Gupta,28,Male,0.73,55.15,0.52,5,3,4,56.91,C,0,Average experience,Neutral
7179,Ravi Singh,18,Female,0.72,-10.14,0.67,3,43,2,50.89,D,0,Waste of time,Negative
7180,Vijay Kumar,20,Female,0.92,61.07,0.82,6,30,3,73.72,B,0,Very engaging and informative,Positive
7181,Meena Nair,22,Male,1,43.09,0.37,3,47,3,71.01,B,0,Helped me improve a lot,Positive
7182,Karthik Singh,30,Male,0.72,5.43,0.53,4,2,0,38.76,Fail,0,Too difficult to follow,Negative
7183,Vijay Patel,21,Female,0.8,16.09,0.66,5,17,0,53.01,D,0,Waste of time,Negative
7184,Ravi Patel,23,Male,0.73,42.24,0.73,7,31,6,71.04,B,0,Great course and very helpful,Positive
7185,Arun Patel,24,Male,0.75,44.99,0.73,8,47,0,69.54,C,0,Okay course,Neutral
7186,Priya Kumar,28,Female,0.98,32.37,0.83,8,28,4,72.79,B,0,Helped me improve a lot,Positive
7187,Arun Singh,19,Female,1,48.41,0.53,6,5,2,64.11,C,0,Okay course,Neutral
7188,Divya Nair,26,Male,0.87,33.72,0.64,8,1,5,64.44,C,0,Nothing special,Neutral
7189,Anjali Patel,23,Male,0.84,9.39,0.64,4,47,8,61.09,C,0,Okay course,Neutral
7190,Suresh Singh,27,Female,0.86,40.66,0.66,5,32,8,53.32,D,0,Poor explanations,Negative
7191,Anjali Singh,19,Female,0.58,40.64,0.64,6,3,3,42.62,D,0,Too difficult to follow,Negative
7192,Kavya Das,27,Male,0.64,43.93,0.72,4,39,2,66.61,C,0,Nothing special,Neutral
7193,Anjali Reddy,27,Female,0.52,38.59,0.65,7,28,3,54.73,D,0,Very confusing content,Negative
7194,Karthik Sharma,27,Female,0.74,15.51,1,9,4,1,53.48,D,0,Waste of time,Negative
7195,Anjali Reddy,30,Female,0.53,44.04,0.44,8,13,1,53.71,D,0,Poor explanations,Negative
7196,Vijay Singh,20,Male,0.76,52.65,0.76,6,41,3,66.39,C,0,Okay course,Neutral
7197,Karthik Singh,19,Female,0.84,51.28,0.81,4,3,4,67.25,C,0,Nothing special,Neutral
7198,Priya Nair,22,Female,0.9,28.04,1,5,8,5,70.93,B,0,Excellent platform for learning,Positive
7199,Ravi Nair,27,Male,0.98,50.73,0.78,9,10,8,68.69,C,0,Nothing special,Neutral
7200,Arun Das,29,Male,0.98,29.49,0.69,9,36,3,61.74,C,0,Okay course,Neutral
7201,Meena Kumar,18,Male,0.84,46.55,0.69,8,47,3,73.87,B,0,Helped me improve a lot,Positive
7202,Suresh Iyer,29,Female,0.99,37.89,1,8,8,7,83.53,B,0,Great course and very helpful,Positive
7203,Ravi Patel,27,Female,0.92,20.68,0.5,3,25,5,54.17,D,0,Very confusing content,Negative
7204,Divya Verma,25,Female,0.44,49.8,0.71,7,13,1,56.87,C,0,Normal learning experience,Neutral
7205,Arun Gupta,19,Male,0.77,45.28,0.77,6,9,6,64.28,C,0,Nothing special,Neutral
7206,Sneha Gupta,20,Male,0.64,24.91,0.77,7,5,7,53.63,D,0,Not useful at all,Negative
7207,Sneha Patel,18,Female,0.58,11.77,0.45,3,4,8,39.68,Fail,0,Poor explanations,Negative
7208,Vijay Reddy,21,Female,0.65,50.85,0.53,5,32,9,59.74,C,0,Okay course,Neutral
7209,Karthik Sharma,28,Female,0.65,51.48,1,9,35,1,73.34,B,0,Excellent platform for learning,Positive
7210,Kavya Reddy,22,Male,0.81,24.55,0.61,5,44,2,68.59,C,0,Normal learning experience,Neutral
7211,Ravi Verma,20,Male,1,33.55,0.77,4,41,4,72.22,B,0,Excellent platform for learning,Positive
7212,Priya Reddy,23,Female,0.23,47.38,0.85,4,26,9,55.7,C,0,Nothing special,Neutral
7213,Priya Verma,24,Male,0.62,29.11,0.74,5,34,0,62.96,C,0,Okay course,Neutral
7214,Sneha Iyer,27,Male,0.9,19.77,0.56,7,32,0,62.15,C,0,Nothing special,Neutral
7215,Ravi Iyer,24,Female,0.63,25.5,0.64,3,25,0,56.09,C,0,Can be improved,Neutral
7216,Vijay Reddy,27,Female,1,57.17,0.86,5,2,6,66.74,C,0,Can be improved,Neutral
7217,Karthik Das,19,Female,0.67,29.76,0.67,9,47,0,61.42,C,0,Average experience,Neutral
7218,Anjali Das,27,Male,0.96,42.42,0.65,6,25,4,65.79,C,0,Okay course,Neutral
7219,Priya Iyer,29,Female,0.78,23.59,0.49,6,44,0,63.65,C,0,Can be improved,Neutral
7220,Sneha Singh,24,Male,0.72,53.39,0.58,8,1,1,55.37,C,0,Average experience,Neutral
7221,Rahul Reddy,24,Female,0.91,24.93,0.44,5,47,1,65.37,C,0,Okay course,Neutral
7222,Arun Patel,24,Male,1,-1.49,0.46,7,33,1,63.59,C,0,Can be improved,Neutral
7223,Priya Das,19,Male,0.79,45.26,0.66,4,34,8,70.1,B,0,Loved the teaching style,Positive
7224,Priya Patel,30,Male,0.58,48.61,0.62,3,0,8,60.11,C,0,Nothing special,Neutral
7225,Sneha Reddy,22,Male,0.93,58.14,0.94,5,44,7,87.41,A,0,Loved the teaching style,Positive
7226,Arun Singh,18,Male,1,51.61,0.47,4,38,2,67.8,C,0,Okay course,Neutral
7227,Kavya Kumar,18,Male,0.6,48.28,0.85,5,11,8,61.85,C,0,Can be improved,Neutral
7228,Arun Reddy,22,Male,0.37,61.16,0.68,6,38,1,52.08,D,0,Poor explanations,Negative
7229,Divya Sharma,24,Female,0.86,51.23,0.86,7,40,3,78.1,B,0,Very engaging and informative,Positive
7230,Divya Patel,18,Female,0.68,31.01,0.29,4,9,5,37.34,Fail,0,Too difficult to follow,Negative
7231,Anjali Das,19,Male,0.86,71.54,0.81,6,11,8,75.66,B,0,Excellent platform for learning,Positive
7232,Arun Nair,30,Female,0.99,39.57,0.64,7,17,5,68.11,C,0,Average experience,Neutral
7233,Divya Kumar,19,Male,0.7,17.26,0.99,6,23,4,69.19,C,0,Can be improved,Neutral
7234,Karthik Kumar,21,Female,0.87,52.77,0.88,7,18,4,80.93,B,0,Very engaging and informative,Positive
7235,Arun Patel,30,Female,0.7,77.53,0.66,9,6,9,64.96,C,0,Normal learning experience,Neutral
7236,Ravi Das,25,Female,0.71,63.71,0.8,8,30,0,70.11,B,0,Very engaging and informative,Positive
7237,Vijay Iyer,30,Male,0.95,42.89,1,8,20,5,79.27,B,0,Loved the teaching style,Positive
7238,Sneha Das,21,Female,0.76,10.86,0.57,3,12,1,49.81,D,0,Poor explanations,Negative
7239,Karthik Kumar,29,Female,0.85,10.17,0.91,8,46,2,76.65,B,0,Great course and very helpful,Positive
7240,Suresh Nair,29,Female,0.86,44.05,0.8,9,10,4,75.75,B,0,Helped me improve a lot,Positive
7241,Suresh Nair,30,Male,0.8,49.43,1,7,47,8,82.03,B,0,Loved the teaching style,Positive
7242,Divya Verma,25,Male,0.67,38.67,0.48,9,5,6,49.2,D,0,Too difficult to follow,Negative
7243,Suresh Verma,25,Male,0.79,29.58,0.75,3,41,2,61.04,C,0,Can be improved,Neutral
7244,Sneha Reddy,22,Male,0.78,50.07,0.82,8,17,9,71.51,B,0,Helped me improve a lot,Positive
7245,Sneha Gupta,24,Male,0.92,33.55,0.83,6,34,0,77.82,B,0,Great course and very helpful,Positive
7246,Ravi Patel,21,Female,0.69,29.85,0.85,4,38,5,59.9,C,0,Okay course,Neutral
7247,Rahul Reddy,20,Male,1,39.62,0.43,3,49,3,63.81,C,0,Can be improved,Neutral
7248,Vijay Gupta,25,Male,0.57,41.38,0.87,7,40,7,68.84,C,0,Nothing special,Neutral
7249,Rahul Verma,18,Female,0.79,60.78,0.67,7,37,6,72.85,B,0,Excellent platform for learning,Positive
7250,Ravi Iyer,19,Female,0.66,37.13,0.95,9,29,5,66.64,C,0,Can be improved,Neutral
7251,Rahul Das,21,Male,0.81,42.36,0.83,9,33,0,76.89,B,0,Great course and very helpful,Positive
7252,Suresh Singh,29,Female,0.75,39.75,0.56,7,25,5,58.73,C,0,Average experience,Neutral
7253,Vijay Patel,30,Female,0.47,38.46,0.96,5,31,3,57.41,C,0,Can be improved,Neutral
7254,Meena Sharma,21,Female,0.45,40.14,0.6,4,32,4,46.73,D,0,Too difficult to follow,Negative
7255,Suresh Patel,22,Female,0.67,49.72,0.49,6,23,7,59.19,C,0,Okay course,Neutral
7256,Ravi Gupta,30,Male,0.8,52.08,0.9,4,15,6,70.27,B,0,Loved the teaching style,Positive
7257,Ravi Sharma,18,Female,0.82,31.76,0.77,8,33,9,70.47,B,0,Excellent platform for learning,Positive
7258,Vijay Das,24,Male,0.5,44.26,0.68,4,33,9,64.21,C,0,Okay course,Neutral
7259,Suresh Nair,23,Male,0.95,56.73,0.51,8,18,7,69,C,0,Nothing special,Neutral
7260,Priya Sharma,18,Male,0.6,36.96,0.8,5,44,1,64.82,C,0,Average experience,Neutral
7261,Anjali Kumar,28,Female,0.81,61.23,1,9,9,3,82.77,B,0,Loved the teaching style,Positive
7262,Priya Iyer,22,Male,1,18.39,0.75,4,0,3,63.96,C,0,Can be improved,Neutral
7263,Sneha Kumar,28,Female,1,25.31,0.6,7,21,4,78.16,B,0,Very engaging and informative,Positive
7264,Vijay Gupta,21,Male,0.63,-2.84,0.32,3,6,5,29.68,Fail,0,Very confusing content,Negative
7265,Ravi Sharma,27,Female,0.84,26.23,0.71,3,32,1,58.98,C,0,Can be improved,Neutral
7266,Ravi Kumar,28,Male,0.48,60.07,0.55,9,42,6,56.79,C,0,Can be improved,Neutral
7267,Vijay Sharma,18,Female,0.75,54.15,0.71,8,21,0,69.77,C,0,Can be improved,Neutral
7268,Meena Nair,28,Male,0.77,41.75,0.92,4,26,3,60.32,C,0,Normal learning experience,Neutral
7269,Kavya Nair,28,Male,0.7,56.47,0.9,8,14,4,69,C,0,Average experience,Neutral
7270,Suresh Verma,20,Male,0.99,30.26,0.88,9,0,8,76.51,B,0,Loved the teaching style,Positive
7271,Ravi Gupta,22,Male,1,47.21,0.92,4,24,8,80.4,B,0,Loved the teaching style,Positive
7272,Anjali Singh,26,Female,0.82,49.85,0.84,8,47,1,82.89,B,0,Excellent platform for learning,Positive
7273,Priya Nair,27,Male,0.72,71.96,0.47,8,29,4,69.65,C,0,Average experience,Neutral
7274,Meena Singh,30,Male,0.9,52.12,0.51,5,4,7,64.4,C,0,Can be improved,Neutral
7275,Priya Verma,26,Male,0.7,61.11,0.4,8,1,6,54.72,D,0,Not useful at all,Negative
7276,Vijay Iyer,25,Female,0.64,38.71,0.45,9,10,9,45.91,D,0,Too difficult to follow,Negative
7277,Anjali Sharma,21,Female,0.67,28.03,0.62,3,12,4,46.04,D,0,Waste of time,Negative
7278,Anjali Patel,24,Male,1,44.58,0.64,5,24,1,64.41,C,0,Nothing special,Neutral
7279,Karthik Das,18,Female,0.88,55.51,0.8,5,16,8,67.51,C,0,Okay course,Neutral
7280,Anjali Sharma,26,Female,0.48,10.94,0.62,8,35,4,53.34,D,1,Poor explanations,Negative
7281,Ravi Iyer,26,Male,0.92,21.96,0.76,8,22,6,68.84,C,0,Nothing special,Neutral
7282,Vijay Nair,23,Female,0.43,26.1,0.82,4,49,0,56.67,C,0,Okay course,Neutral
7283,Arun Iyer,27,Female,0.65,44.91,0.62,5,4,2,51.44,D,0,Not useful at all,Negative
7284,Priya Sharma,25,Female,0.85,28.65,1,4,0,9,61.76,C,0,Okay course,Neutral
7285,Suresh Kumar,18,Male,0.69,34.47,0.65,4,32,9,55.68,C,0,Okay course,Neutral
7286,Kavya Kumar,23,Male,0.37,44.93,0.32,5,2,3,33.1,Fail,0,Too difficult to follow,Negative
7287,Sneha Nair,24,Male,1,31.25,0.22,6,47,0,56.58,C,0,Normal learning experience,Neutral
7288,Anjali Reddy,25,Male,0.4,28.9,0.85,4,27,0,45.66,D,0,Poor explanations,Negative
7289,Arun Patel,25,Male,0.79,36.55,0.32,7,36,1,45.67,D,0,Waste of time,Negative
7290,Meena Iyer,19,Female,0.53,42.75,0.87,5,41,1,67.04,C,0,Normal learning experience,Neutral
7291,Arun Das,20,Male,0.78,44.98,0.42,8,0,2,42.56,D,0,Poor explanations,Negative
7292,Vijay Reddy,22,Female,0.49,9.81,0.56,3,27,5,49.74,D,1,Poor explanations,Negative
7293,Rahul Nair,23,Female,0.6,56.09,0.95,6,49,2,80.95,B,0,Very engaging and informative,Positive
7294,Arun Gupta,27,Female,0.73,41.38,0.44,6,16,2,49.71,D,0,Waste of time,Negative
7295,Meena Gupta,26,Female,0.97,31.64,0.71,7,23,0,70.71,B,0,Very engaging and informative,Positive
7296,Rahul Kumar,29,Male,0.87,73.52,0.54,4,20,3,53.59,D,0,Waste of time,Negative
7297,Divya Reddy,29,Male,0.5,30.85,0.67,9,15,0,58.61,C,0,Okay course,Neutral
7298,Arun Iyer,27,Female,0.51,32.39,0.64,6,45,7,53.84,D,0,Very confusing content,Negative
7299,Karthik Verma,22,Male,0.75,37.16,1,6,20,1,58.89,C,0,Okay course,Neutral
7300,Meena Nair,29,Female,0.74,31.61,0.63,3,42,1,54.54,D,0,Waste of time,Negative
7301,Ravi Kumar,20,Female,0.55,66.26,0.74,6,20,5,51.5,D,0,Not useful at all,Negative
7302,Rahul Patel,30,Female,1,18.79,0.5,5,25,4,54.04,D,0,Poor explanations,Negative
7303,Karthik Nair,26,Male,0.42,32.15,0.93,5,40,8,62.18,C,0,Can be improved,Neutral
7304,Sneha Verma,26,Female,0.72,44.66,0.57,7,49,7,63.82,C,0,Okay course,Neutral
7305,Kavya Iyer,22,Male,0.66,53.99,0.66,7,26,7,65.97,C,0,Can be improved,Neutral
7306,Arun Iyer,19,Male,0.7,36.21,0.35,4,41,3,59.59,C,0,Average experience,Neutral
7307,Karthik Nair,23,Female,0.77,54.43,0.84,6,4,6,65.61,C,0,Can be improved,Neutral
7308,Rahul Patel,18,Female,0.46,42.31,0.12,7,42,2,37.96,Fail,0,Not useful at all,Negative
7309,Priya Kumar,25,Male,0.53,49.74,0.41,3,25,6,44.16,D,0,Too difficult to follow,Negative
7310,Priya Gupta,23,Female,0.77,59.52,0.86,7,4,3,62.3,C,0,Okay course,Neutral
7311,Suresh Gupta,25,Female,0.53,51.42,0.5,9,19,7,46.26,D,0,Poor explanations,Negative
7312,Anjali Das,23,Female,0.39,72.26,0.56,8,42,3,50.72,D,0,Not useful at all,Negative
7313,Suresh Das,28,Female,0.91,60.39,0.79,3,15,5,70.83,B,0,Excellent platform for learning,Positive
7314,Arun Verma,19,Male,0.57,20.7,0.16,8,29,5,44.05,D,0,Very confusing content,Negative
7315,Divya Sharma,20,Female,0.6,44.04,0.89,3,37,4,62.72,C,0,Normal learning experience,Neutral
7316,Vijay Gupta,24,Male,0.93,56.74,0.94,8,48,7,89.68,A,0,Helped me improve a lot,Positive
7317,Anjali Nair,24,Female,0.44,51.75,0.48,4,29,1,40.8,D,0,Poor explanations,Negative
7318,Priya Reddy,23,Female,0.33,32.86,0.77,8,44,3,58.65,C,0,Can be improved,Neutral
7319,Ravi Nair,27,Female,0.55,40.05,1,7,23,4,68,C,0,Can be improved,Neutral
7320,Priya Iyer,24,Male,0.63,40.55,0.22,5,41,1,46.82,D,0,Poor explanations,Negative
7321,Vijay Reddy,22,Female,0.69,55.21,0.89,7,27,7,67.88,C,0,Normal learning experience,Neutral
7322,Divya Gupta,21,Male,0.67,67.78,0.31,6,40,8,60.11,C,0,Average experience,Neutral
7323,Sneha Das,19,Male,0.81,54.97,0.75,9,14,7,74.6,B,0,Very engaging and informative,Positive
7324,Suresh Nair,27,Female,0.38,19.39,0.81,5,47,7,42.79,D,1,Not useful at all,Negative
7325,Suresh Sharma,27,Male,0.59,19.03,0.71,3,33,3,47.88,D,0,Too difficult to follow,Negative
7326,Karthik Kumar,24,Male,0.68,46.33,0.76,7,17,7,68.89,C,0,Okay course,Neutral
7327,Vijay Das,19,Male,0.86,31.7,0.53,3,45,5,65.06,C,0,Average experience,Neutral
7328,Anjali Kumar,24,Male,0.53,29.86,0.46,3,32,1,46.47,D,0,Not useful at all,Negative
7329,Sneha Das,26,Male,0.61,53.61,0.39,9,2,0,56.6,C,0,Normal learning experience,Neutral
7330,Kavya Singh,25,Female,0.66,33.7,0.54,9,25,6,59.64,C,0,Average experience,Neutral
7331,Vijay Singh,19,Male,0.68,45.57,0.45,8,10,3,48.26,D,0,Waste of time,Negative
7332,Sneha Kumar,29,Female,1,32.09,0.43,4,35,0,67.17,C,0,Nothing special,Neutral
7333,Sneha Iyer,23,Female,0.97,41.55,0.73,8,28,4,74.48,B,0,Very engaging and informative,Positive
7334,Divya Reddy,19,Female,0.59,31.45,0.87,3,14,6,57.11,C,0,Normal learning experience,Neutral
7335,Anjali Reddy,28,Male,0.85,30.5,0.93,3,8,8,62.29,C,0,Average experience,Neutral
7336,Karthik Kumar,20,Male,1,29.26,0.79,6,19,8,64.62,C,0,Nothing special,Neutral
7337,Kavya Das,22,Male,0.83,63.39,0.46,6,28,0,65.95,C,0,Okay course,Neutral
7338,Ravi Reddy,21,Male,0.37,17.24,0.48,8,35,1,38.5,Fail,1,Too difficult to follow,Negative
7339,Priya Singh,22,Male,0.98,43.51,0.7,8,24,1,68.87,C,0,Nothing special,Neutral
7340,Meena Singh,20,Male,0.66,44.66,0.92,3,20,8,80.32,B,0,Very engaging and informative,Positive
7341,Kavya Nair,20,Male,0.6,48.38,0.79,5,32,3,72.16,B,0,Loved the teaching style,Positive
7342,Rahul Singh,18,Male,0.9,43.1,0.82,6,47,4,82.84,B,0,Helped me improve a lot,Positive
7343,Sneha Iyer,19,Female,0.59,54.16,0.56,6,27,6,63.04,C,0,Average experience,Neutral
7344,Karthik Nair,22,Female,0.72,61.33,0.32,7,19,2,56.78,C,0,Can be improved,Neutral
7345,Priya Reddy,27,Male,0.65,39.23,0.57,4,38,6,54.73,D,0,Waste of time,Negative
7346,Karthik Patel,26,Male,0.88,60.67,0.58,9,29,5,65.29,C,0,Normal learning experience,Neutral
7347,Meena Sharma,18,Male,0.78,38.63,0.79,9,29,7,70.64,B,0,Helped me improve a lot,Positive
7348,Sneha Singh,28,Female,1,40.46,0.85,5,30,1,73.67,B,0,Excellent platform for learning,Positive
7349,Anjali Gupta,27,Female,0.81,35.5,0.69,5,23,3,67.47,C,0,Normal learning experience,Neutral
7350,Arun Sharma,21,Female,0.43,35.25,0.42,3,6,0,22.63,Fail,0,Waste of time,Negative
7351,Anjali Verma,22,Male,0.85,43.79,0.76,4,25,0,59.15,C,0,Nothing special,Neutral
7352,Karthik Verma,30,Male,0.93,33.17,0.58,8,44,9,62.46,C,0,Okay course,Neutral
7353,Anjali Iyer,29,Male,0.87,50.05,0.91,5,47,1,73.15,B,0,Very engaging and informative,Positive
7354,Suresh Nair,19,Male,0.48,35.1,0.78,8,34,0,53.12,D,0,Too difficult to follow,Negative
7355,Anjali Verma,26,Male,0.52,29.29,0.53,8,23,6,52.47,D,0,Poor explanations,Negative
7356,Priya Gupta,22,Female,0.5,36.45,0.69,4,45,9,49.31,D,0,Very confusing content,Negative
7357,Karthik Sharma,20,Male,0.92,17.53,0.9,9,16,8,59.92,C,0,Okay course,Neutral
7358,Kavya Verma,25,Male,0.57,70.62,0.73,3,11,3,53.1,D,0,Not useful at all,Negative
7359,Meena Sharma,25,Female,0.65,29.8,0.67,4,37,3,52.53,D,0,Too difficult to follow,Negative
7360,Divya Singh,23,Female,0.52,62.59,0.39,7,15,5,38.64,Fail,0,Too difficult to follow,Negative
7361,Rahul Das,22,Female,0.54,15.17,0.92,7,14,8,62.11,C,0,Nothing special,Neutral
7362,Suresh Verma,27,Male,0.82,40.58,0.68,9,4,9,61,C,0,Average experience,Neutral
7363,Suresh Gupta,25,Female,0.81,42.67,0.57,8,49,3,71.1,B,0,Excellent platform for learning,Positive
7364,Karthik Das,22,Female,0.61,42.37,0.46,9,17,5,57.62,C,0,Nothing special,Neutral
7365,Priya Gupta,20,Male,0.86,19.54,0.72,8,10,2,63.18,C,0,Nothing special,Neutral
7366,Meena Kumar,18,Male,0.55,54.58,0.92,9,20,0,62.85,C,0,Average experience,Neutral
7367,Sneha Verma,21,Male,0.49,45.44,1,3,32,5,66.49,C,0,Okay course,Neutral
7368,Kavya Das,27,Female,0.87,50.81,0.71,7,20,1,67.51,C,0,Can be improved,Neutral
7369,Rahul Verma,27,Female,0.8,41.99,0.73,3,39,7,68.8,C,0,Nothing special,Neutral
7370,Meena Iyer,28,Female,0.59,38.73,1,7,25,6,65.98,C,0,Can be improved,Neutral
7371,Meena Das,25,Male,0.43,53.79,0.57,6,41,5,55.78,C,0,Nothing special,Neutral
7372,Vijay Patel,21,Female,0.43,43.75,0.69,3,44,6,55.55,C,0,Normal learning experience,Neutral
7373,Rahul Iyer,27,Male,0.68,55.74,0.76,6,29,5,60.75,C,0,Can be improved,Neutral
7374,Divya Reddy,23,Male,0.72,26.59,0.95,3,48,9,75.46,B,0,Very engaging and informative,Positive
7375,Suresh Patel,29,Male,0.84,10.57,0.29,8,20,2,49.72,D,0,Too difficult to follow,Negative
7376,Divya Reddy,24,Female,0.84,72.83,0.71,5,40,4,71.95,B,0,Helped me improve a lot,Positive
7377,Meena Iyer,24,Female,0.52,15.39,0.95,7,29,3,62.59,C,0,Average experience,Neutral
7378,Priya Patel,23,Female,0.59,51.02,0.96,6,35,4,67.96,C,0,Can be improved,Neutral
7379,Divya Kumar,25,Female,1,16.67,0.66,9,20,6,58.52,C,0,Okay course,Neutral
7380,Rahul Reddy,29,Male,0.75,41.75,0.54,7,23,9,63.66,C,0,Okay course,Neutral
7381,Divya Gupta,23,Male,0.57,34.32,1,4,14,9,59.77,C,0,Normal learning experience,Neutral
7382,Suresh Reddy,23,Female,0.57,35.3,0.7,9,45,9,76.12,B,0,Loved the teaching style,Positive
7383,Divya Nair,20,Female,0.71,38.32,0.57,9,46,2,68.02,C,0,Average experience,Neutral
7384,Suresh Singh,28,Male,0.59,53.25,0.77,3,19,3,49.33,D,0,Waste of time,Negative
7385,Divya Kumar,27,Male,1,45.07,0.66,6,43,5,77.89,B,0,Helped me improve a lot,Positive
7386,Suresh Reddy,25,Female,0.68,51.55,0.71,6,44,7,70.34,B,0,Helped me improve a lot,Positive
7387,Ravi Das,29,Female,0.51,38.38,0.81,7,6,2,61.69,C,0,Average experience,Neutral
7388,Divya Patel,20,Female,0.59,35.53,0.58,7,21,6,67.13,C,0,Nothing special,Neutral
7389,Arun Verma,25,Male,0.68,35.16,0.54,8,17,6,55.89,C,0,Can be improved,Neutral
7390,Kavya Reddy,22,Male,0.67,31.55,0.76,6,9,9,59.87,C,0,Average experience,Neutral
7391,Anjali Singh,30,Female,0.65,25.91,0.79,9,32,3,68.49,C,0,Can be improved,Neutral
7392,Karthik Singh,22,Male,0.8,64.85,0.58,9,6,3,72.86,B,0,Excellent platform for learning,Positive
7393,Divya Nair,28,Male,0.76,47.51,0.87,5,49,2,75.21,B,0,Great course and very helpful,Positive
7394,Ravi Patel,21,Male,0.58,20.34,0.42,4,44,2,46,D,0,Waste of time,Negative
7395,Anjali Singh,28,Female,0.79,37.77,0.96,7,2,1,69.83,C,0,Nothing special,Neutral
7396,Divya Kumar,25,Female,0.47,41.64,0.56,6,13,5,43.76,D,0,Too difficult to follow,Negative
7397,Karthik Gupta,22,Female,0.65,9.1,0.51,8,39,8,62.14,C,0,Can be improved,Neutral
7398,Ravi Singh,27,Male,0.83,44.68,0.57,9,33,1,64.17,C,0,Normal learning experience,Neutral
7399,Suresh Das,19,Female,0.76,63.1,0.81,6,44,6,77.39,B,0,Excellent platform for learning,Positive
7400,Rahul Kumar,30,Female,0.65,40.48,0.47,9,46,9,52.32,D,0,Too difficult to follow,Negative
7401,Kavya Nair,20,Male,0.92,32.78,0.78,6,23,3,75.16,B,0,Excellent platform for learning,Positive
7402,Karthik Nair,19,Female,0.7,54.82,1,4,37,8,66.82,C,0,Average experience,Neutral
7403,Priya Verma,29,Male,0.68,66.19,0.62,7,33,8,64.34,C,0,Normal learning experience,Neutral
7404,Vijay Kumar,19,Female,0.75,45.59,0.29,6,9,6,44.76,D,0,Not useful at all,Negative
7405,Karthik Patel,26,Female,0.78,9.69,0.78,6,15,4,58.42,C,0,Can be improved,Neutral
7406,Suresh Iyer,18,Female,0.34,31.77,0.85,3,13,8,48.52,D,0,Waste of time,Negative
7407,Ravi Patel,27,Female,0.59,26.65,0.89,8,22,6,61.35,C,0,Nothing special,Neutral
7408,Kavya Nair,22,Male,1,26.21,0.74,5,45,7,69.45,C,0,Normal learning experience,Neutral
7409,Karthik Verma,23,Female,0.94,57.73,0.73,7,20,1,71.71,B,0,Great course and very helpful,Positive
7410,Anjali Sharma,19,Female,0.58,29.14,0.62,4,37,8,59.02,C,0,Can be improved,Neutral
7411,Vijay Iyer,26,Male,0.72,28.89,0.69,4,42,5,68.18,C,0,Okay course,Neutral
7412,Arun Gupta,25,Male,0.61,54.1,0.65,4,4,8,58.89,C,0,Nothing special,Neutral
7413,Priya Kumar,24,Male,0.66,37.46,0.8,6,23,8,58.89,C,0,Nothing special,Neutral
7414,Priya Gupta,20,Female,0.65,41.08,0.61,8,28,2,50.7,D,0,Not useful at all,Negative
7415,Karthik Iyer,20,Female,0.62,49.22,0.83,8,41,7,76.23,B,0,Great course and very helpful,Positive
7416,Anjali Reddy,20,Female,0.45,28.97,0.46,5,19,2,40.8,D,0,Waste of time,Negative
7417,Divya Patel,30,Female,0.72,39.61,0.57,4,9,7,56.02,C,0,Can be improved,Neutral
7418,Karthik Das,30,Male,1,37.11,0.74,3,32,4,72.7,B,0,Helped me improve a lot,Positive
7419,Suresh Patel,25,Male,1,40.93,0.98,7,45,5,90.69,A,0,Helped me improve a lot,Positive
7420,Ravi Patel,18,Male,0.66,48.24,0.61,9,3,4,60.39,C,0,Can be improved,Neutral
7421,Sneha Das,28,Male,0.94,47.13,0.74,9,40,2,77.21,B,0,Excellent platform for learning,Positive
7422,Rahul Nair,26,Female,1,8.4,0.4,3,37,4,57,C,0,Can be improved,Neutral
7423,Kavya Patel,30,Female,0.83,13.82,0.33,8,15,7,58.91,C,0,Nothing special,Neutral
7424,Suresh Iyer,24,Female,0.71,28.29,0.61,3,43,7,55.29,C,0,Normal learning experience,Neutral
7425,Vijay Reddy,26,Male,1,48.51,0.52,9,35,8,75.45,B,0,Helped me improve a lot,Positive
7426,Ravi Patel,29,Female,0.9,29.47,0.72,3,24,3,65.19,C,0,Average experience,Neutral
7427,Suresh Nair,28,Male,1,50.1,0.7,8,23,1,66.71,C,0,Okay course,Neutral
7428,Karthik Patel,21,Male,1,24.96,0.3,9,36,7,63.4,C,0,Okay course,Neutral
7429,Divya Das,25,Male,0.78,39.28,0.84,7,46,0,71.65,B,0,Excellent platform for learning,Positive
7430,Meena Kumar,19,Female,0.33,48.2,0.48,7,30,1,51.86,D,0,Very confusing content,Negative
7431,Meena Nair,22,Male,0.46,39.07,1,4,7,8,59.93,C,0,Average experience,Neutral
7432,Meena Gupta,27,Male,0.76,31.16,0.91,3,31,4,59.38,C,0,Okay course,Neutral
7433,Arun Nair,25,Female,0.9,29.61,0.7,4,4,1,53.37,D,0,Waste of time,Negative
7434,Anjali Sharma,18,Male,0.63,54.35,0.58,6,39,5,62.58,C,0,Can be improved,Neutral
7435,Ravi Verma,27,Male,0.67,19.78,0.5,3,15,3,47.12,D,0,Not useful at all,Negative
7436,Divya Gupta,25,Female,1,14.92,1,8,19,8,80.68,B,0,Helped me improve a lot,Positive
7437,Arun Nair,24,Male,0.73,25.52,0.99,7,5,6,57.36,C,0,Normal learning experience,Neutral
7438,Rahul Patel,29,Male,0.63,64.2,0.82,9,47,7,73.51,B,0,Excellent platform for learning,Positive
7439,Anjali Verma,23,Female,0.29,37.69,0.69,3,35,0,56.43,C,0,Can be improved,Neutral
7440,Divya Das,26,Female,1,36.86,0.78,4,14,9,80.28,B,0,Great course and very helpful,Positive
7441,Rahul Patel,19,Male,0.86,28.92,0.67,9,37,9,61.42,C,0,Can be improved,Neutral
7442,Priya Iyer,30,Male,0.94,41.66,0.52,9,5,8,64.95,C,0,Can be improved,Neutral
7443,Suresh Reddy,22,Male,0.9,49.08,0.68,5,9,7,72.83,B,0,Excellent platform for learning,Positive
7444,Divya Reddy,27,Female,0.59,44.03,0.56,5,32,6,65.29,C,0,Okay course,Neutral
7445,Sneha Iyer,28,Male,0.76,36.28,0.94,9,35,1,77.15,B,0,Loved the teaching style,Positive
7446,Karthik Patel,24,Female,0.6,54.67,0.69,9,9,8,60.75,C,0,Normal learning experience,Neutral
7447,Kavya Verma,19,Male,1,31.12,0.63,4,40,2,66.55,C,0,Can be improved,Neutral
7448,Ravi Patel,22,Male,0.97,35.05,0.62,3,5,7,61.93,C,0,Nothing special,Neutral
7449,Kavya Patel,30,Male,0.99,46.2,1,3,40,9,78.43,B,0,Great course and very helpful,Positive
7450,Anjali Verma,26,Female,0.81,-8.33,0.7,4,16,2,54.77,D,0,Poor explanations,Negative
7451,Karthik Nair,27,Female,0.59,63.11,0.44,7,37,1,68.73,C,0,Average experience,Neutral
7452,Sneha Nair,23,Female,0.46,33.12,0.84,5,24,4,55.98,C,0,Okay course,Neutral
7453,Sneha Singh,19,Female,0.73,44.24,0.9,9,9,5,72.96,B,0,Very engaging and informative,Positive
7454,Anjali Das,23,Female,0.53,68.29,0.19,5,8,1,38.21,Fail,0,Too difficult to follow,Negative
7455,Divya Kumar,18,Female,0.6,45.74,0.93,8,46,3,70.88,B,0,Great course and very helpful,Positive
7456,Divya Iyer,18,Female,1,41.1,0.97,4,18,9,76.1,B,0,Helped me improve a lot,Positive
7457,Vijay Reddy,22,Male,0.48,42.68,0.74,8,19,9,56.1,C,0,Nothing special,Neutral
7458,Karthik Kumar,28,Female,0.8,25.31,0.48,9,32,2,54.83,D,0,Very confusing content,Negative
7459,Meena Patel,29,Female,0.7,21.15,0.59,6,37,4,51.76,D,0,Not useful at all,Negative
7460,Divya Singh,30,Female,0.89,38.23,0.63,3,37,9,57.64,C,0,Average experience,Neutral
7461,Sneha Iyer,20,Male,1,46.41,0.34,3,49,6,61.41,C,0,Okay course,Neutral
7462,Rahul Kumar,22,Female,0.84,8.89,0.72,4,42,0,52.74,D,0,Waste of time,Negative
7463,Suresh Iyer,24,Female,0.72,44.37,0.98,9,41,5,73.63,B,0,Helped me improve a lot,Positive
7464,Ravi Sharma,23,Female,0.81,38.93,0.53,7,31,4,59.15,C,0,Normal learning experience,Neutral
7465,Anjali Gupta,30,Female,0.63,35.75,0.59,6,10,8,46.2,D,0,Waste of time,Negative
7466,Meena Patel,20,Male,0.62,39.13,0.74,3,2,4,60.1,C,0,Average experience,Neutral
7467,Suresh Sharma,24,Male,0.38,44.57,0.55,5,11,0,40.31,D,0,Too difficult to follow,Negative
7468,Arun Sharma,22,Female,0.83,46.48,0.74,5,48,3,67.88,C,0,Okay course,Neutral
7469,Ravi Kumar,18,Male,0.7,39.84,0.8,3,22,4,66.54,C,0,Average experience,Neutral
7470,Anjali Singh,26,Male,1,41.13,0.89,5,46,3,76.98,B,0,Helped me improve a lot,Positive
7471,Suresh Das,24,Female,0.63,51.66,0.86,3,33,6,68.33,C,0,Average experience,Neutral
7472,Divya Verma,26,Female,1,57.46,0.58,5,36,1,72.12,B,0,Very engaging and informative,Positive
7473,Rahul Patel,19,Male,0.8,25.71,0.64,5,43,1,63.68,C,0,Average experience,Neutral
7474,Priya Iyer,25,Male,0.87,50.96,0.74,4,20,2,61.41,C,0,Okay course,Neutral
7475,Arun Nair,19,Male,0.89,30.75,0.55,9,18,0,65.18,C,0,Normal learning experience,Neutral
7476,Kavya Sharma,23,Female,0.6,32.77,0.3,6,46,0,56.88,C,0,Okay course,Neutral
7477,Arun Iyer,30,Female,1,61.48,0.88,7,13,0,70.56,B,0,Very engaging and informative,Positive
7478,Ravi Sharma,19,Female,0.38,43.85,0.79,8,33,5,54.48,D,0,Waste of time,Negative
7479,Meena Gupta,27,Male,0.74,7.62,0.36,3,43,3,34.7,Fail,0,Poor explanations,Negative
7480,Sneha Das,26,Male,0.93,20.81,0.52,8,2,7,49.55,D,0,Waste of time,Negative
7481,Priya Das,22,Female,0.98,29.8,0.72,9,20,4,66.24,C,0,Nothing special,Neutral
7482,Rahul Verma,19,Male,0.9,39.98,0.95,9,48,4,78.16,B,0,Helped me improve a lot,Positive
7483,Divya Sharma,19,Female,1,35.11,0.65,8,16,4,70.4,B,0,Great course and very helpful,Positive
7484,Priya Gupta,27,Female,0.75,7.89,0.72,4,5,5,47.61,D,0,Very confusing content,Negative
7485,Vijay Singh,25,Female,0.67,16.85,0.66,5,42,7,74.4,B,0,Excellent platform for learning,Positive
7486,Meena Nair,28,Female,0.83,30.97,0.27,8,49,0,50.79,D,0,Very confusing content,Negative
7487,Anjali Das,30,Female,0.51,61.44,0.47,9,6,3,55.93,C,0,Average experience,Neutral
7488,Sneha Verma,20,Male,0.53,86.02,0.74,5,7,0,67.69,C,0,Nothing special,Neutral
7489,Karthik Patel,23,Female,0.74,69.91,0.66,4,3,7,56.65,C,0,Average experience,Neutral
7490,Vijay Reddy,27,Male,0.87,57.16,0.55,6,13,9,55.01,C,0,Okay course,Neutral
7491,Karthik Kumar,27,Male,0.59,55.22,0.65,3,33,5,66.63,C,0,Nothing special,Neutral
7492,Vijay Kumar,22,Female,0.66,57.54,0.79,3,34,1,62.48,C,0,Average experience,Neutral
7493,Vijay Nair,18,Male,0.8,36.42,0.85,8,8,3,73.44,B,0,Loved the teaching style,Positive
7494,Divya Nair,22,Female,1,32.74,0.41,9,1,9,55.49,C,0,Okay course,Neutral
7495,Rahul Verma,26,Male,0.53,49.34,0.69,8,34,2,54.01,D,0,Not useful at all,Negative
7496,Suresh Patel,23,Female,0.71,52.77,0.58,8,27,6,65.64,C,0,Can be improved,Neutral
7497,Priya Reddy,18,Male,0.84,27.47,0.95,5,48,1,73.53,B,0,Excellent platform for learning,Positive
7498,Priya Sharma,18,Female,0.85,44.87,0.75,3,3,5,55.59,C,0,Can be improved,Neutral
7499,Vijay Verma,28,Male,0.65,41.19,0.66,5,23,0,48.98,D,0,Waste of time,Negative
7500,Arun Gupta,29,Female,0.87,27.49,0.69,9,13,8,64.93,C,0,Nothing special,Neutral
7501,Suresh Kumar,23,Female,1,58.31,0.85,9,11,4,84.3,B,0,Excellent platform for learning,Positive
7502,Priya Iyer,25,Male,0.76,38.45,0.81,4,3,3,59.26,C,0,Normal learning experience,Neutral
7503,Ravi Singh,27,Female,0.68,61.52,0.81,3,10,2,68.1,C,0,Average experience,Neutral
7504,Meena Singh,22,Male,0.63,27.75,0.6,8,25,3,58.02,C,0,Nothing special,Neutral
7505,Anjali Iyer,25,Male,0.58,58.77,0.73,4,32,7,62.14,C,0,Okay course,Neutral
7506,Ravi Gupta,30,Male,0.68,39.73,0.59,5,46,4,63.11,C,0,Normal learning experience,Neutral
7507,Anjali Gupta,21,Male,0.65,60.36,0.85,9,20,3,69.78,C,0,Okay course,Neutral
7508,Arun Gupta,25,Male,0.59,6.09,0.72,7,7,8,55.84,C,0,Okay course,Neutral
7509,Priya Gupta,30,Female,0.87,63.61,0.58,6,30,0,67.64,C,0,Can be improved,Neutral
7510,Suresh Singh,21,Male,0.99,24.31,0.99,8,0,6,81.82,B,0,Great course and very helpful,Positive
7511,Rahul Gupta,30,Female,0.72,34.53,1,4,42,0,79.42,B,0,Excellent platform for learning,Positive
7512,Divya Verma,22,Male,0.98,42.99,0.8,4,4,8,57.3,C,0,Okay course,Neutral
7513,Divya Sharma,18,Female,1,48.48,0.89,9,40,0,88.1,A,0,Loved the teaching style,Positive
7514,Kavya Das,21,Female,0.52,30.04,0.77,6,22,9,54.41,D,0,Not useful at all,Negative
7515,Priya Kumar,24,Male,1,56.05,0.71,6,24,7,74.99,B,0,Helped me improve a lot,Positive
7516,Karthik Patel,29,Female,0.5,46.42,0.82,5,14,2,63.73,C,0,Can be improved,Neutral
7517,Kavya Kumar,27,Male,0.94,57.44,0.77,6,47,9,78.43,B,0,Very engaging and informative,Positive
7518,Rahul Verma,21,Female,0.73,32.44,0.79,7,41,7,63.68,C,0,Can be improved,Neutral
7519,Anjali Singh,18,Female,0.68,34.72,0.61,4,25,9,53.66,D,0,Too difficult to follow,Negative
7520,Kavya Singh,21,Female,0.7,12.69,0.74,6,31,1,55.25,C,0,Nothing special,Neutral
7521,Meena Sharma,20,Female,0.88,57.46,0.63,6,29,8,75.65,B,0,Helped me improve a lot,Positive
7522,Divya Verma,23,Male,0.58,46.99,0.92,4,4,3,59.15,C,0,Okay course,Neutral
7523,Vijay Kumar,26,Male,0.86,44.67,0.59,9,7,7,70.62,B,0,Loved the teaching style,Positive
7524,Anjali Iyer,27,Female,0.94,50.75,0.8,8,12,2,76.41,B,0,Loved the teaching style,Positive
7525,Suresh Patel,30,Male,0.63,22.06,1,8,34,4,65.27,C,0,Normal learning experience,Neutral
7526,Vijay Reddy,23,Female,0.71,19.88,0.82,6,28,7,56.17,C,0,Nothing special,Neutral
7527,Kavya Sharma,29,Male,0.94,50.52,0.74,6,24,3,72.26,B,0,Helped me improve a lot,Positive
7528,Anjali Patel,30,Female,0.75,52.55,0.78,5,39,6,71.97,B,0,Helped me improve a lot,Positive
7529,Rahul Patel,18,Male,0.43,34.29,0.68,8,29,3,50.21,D,0,Very confusing content,Negative
7530,Divya Singh,20,Female,0.75,37.89,0.81,7,48,3,70.01,B,0,Helped me improve a lot,Positive
7531,Vijay Reddy,30,Male,1,49.67,0.82,3,0,3,62.65,C,0,Normal learning experience,Neutral
7532,Kavya Iyer,29,Female,0.75,57.87,0.55,5,25,9,52.47,D,0,Poor explanations,Negative
7533,Vijay Singh,20,Female,0.46,53.11,0.7,3,16,8,55.36,C,0,Okay course,Neutral
7534,Priya Kumar,28,Male,0.79,36.12,0.91,7,12,4,68.46,C,0,Nothing special,Neutral
7535,Vijay Verma,18,Male,0.69,36.69,0.62,7,13,5,49.57,D,0,Poor explanations,Negative
7536,Arun Das,18,Male,0.81,44.99,0.7,4,29,3,67.78,C,0,Average experience,Neutral
7537,Priya Kumar,24,Male,1,27.8,0.77,8,12,6,69.11,C,0,Okay course,Neutral
7538,Sneha Gupta,29,Female,0.51,31.7,0.74,8,19,4,58.33,C,0,Normal learning experience,Neutral
7539,Divya Das,29,Male,0.51,11.79,0.64,3,19,7,46.33,D,0,Waste of time,Negative
7540,Vijay Kumar,18,Female,0.7,55.65,0.63,9,5,2,64.66,C,0,Can be improved,Neutral
7541,Ravi Patel,27,Female,0.69,60.15,0.52,5,4,8,49.67,D,0,Too difficult to follow,Negative
7542,Karthik Singh,21,Female,0.75,58.74,0.96,5,44,8,74.68,B,0,Very engaging and informative,Positive
7543,Anjali Kumar,20,Female,0.62,43.46,0.78,7,23,0,57.05,C,0,Nothing special,Neutral
7544,Kavya Reddy,24,Male,0.76,42.94,0.35,8,11,6,58.71,C,0,Normal learning experience,Neutral
7545,Vijay Sharma,24,Female,0.85,57.48,0.82,3,48,0,70.5,B,0,Loved the teaching style,Positive
7546,Karthik Verma,19,Male,0.49,12.38,1,9,38,2,63.71,C,1,Nothing special,Neutral
7547,Arun Verma,30,Male,0.98,37.34,0.46,7,13,0,66.06,C,0,Okay course,Neutral
7548,Vijay Reddy,24,Male,1,21.89,0.84,4,28,7,74.43,B,0,Excellent platform for learning,Positive
7549,Anjali Nair,20,Male,0.67,51.15,0.67,7,39,4,51.62,D,0,Too difficult to follow,Negative
7550,Anjali Nair,19,Female,0.47,43.31,0.32,5,18,2,45.31,D,0,Too difficult to follow,Negative
7551,Meena Sharma,20,Male,0.8,31.48,0.62,5,27,8,51.8,D,0,Not useful at all,Negative
7552,Vijay Gupta,29,Male,0.66,61.31,0.63,4,10,6,50.7,D,0,Very confusing content,Negative
7553,Rahul Kumar,21,Male,0.63,59.51,0.33,9,25,6,59.96,C,0,Average experience,Neutral
7554,Ravi Kumar,27,Male,1,72.86,0.57,8,24,0,70.05,B,0,Great course and very helpful,Positive
7555,Anjali Gupta,22,Female,0.92,30.69,0.58,9,19,5,68.09,C,0,Okay course,Neutral
7556,Divya Reddy,29,Male,0.63,47.45,0.68,5,31,9,66.28,C,0,Normal learning experience,Neutral
7557,Divya Das,30,Female,0.93,69.34,0.38,7,8,9,61.17,C,0,Okay course,Neutral
7558,Sneha Iyer,28,Female,0.71,46.39,0.63,3,37,8,55.72,C,0,Nothing special,Neutral
7559,Ravi Das,24,Female,0.5,34.87,0.76,4,10,3,53.89,D,0,Waste of time,Negative
7560,Divya Sharma,27,Male,0.81,40.2,0.87,4,4,9,64.48,C,0,Normal learning experience,Neutral
7561,Divya Singh,21,Male,0.75,37.29,0.83,6,24,1,68.3,C,0,Average experience,Neutral
7562,Kavya Singh,25,Female,0.56,57.01,0.78,9,35,0,62.06,C,0,Average experience,Neutral
7563,Meena Gupta,30,Female,0.61,26.63,0.71,7,44,2,64.13,C,0,Normal learning experience,Neutral
7564,Sneha Kumar,18,Female,0.9,25.39,0.62,3,16,6,48.71,D,0,Very confusing content,Negative
7565,Karthik Nair,19,Female,0.69,37.27,0.8,6,13,2,52.45,D,0,Not useful at all,Negative
7566,Suresh Das,19,Female,0.7,26.85,0.74,9,46,5,65.66,C,0,Okay course,Neutral
7567,Divya Gupta,21,Male,0.86,39.68,0.6,9,29,6,60.84,C,0,Can be improved,Neutral
7568,Karthik Sharma,29,Female,0.66,49.99,0.67,9,30,7,65.03,C,0,Can be improved,Neutral
7569,Kavya Kumar,27,Female,0.6,41.66,0.77,5,35,2,61.2,C,0,Can be improved,Neutral
7570,Kavya Verma,26,Male,0.57,47.03,0.38,6,7,3,47.34,D,0,Poor explanations,Negative
7571,Sneha Das,19,Male,0.78,37.05,1,6,7,6,64.64,C,0,Normal learning experience,Neutral
7572,Priya Reddy,27,Female,0.5,40.75,0.81,3,1,1,50.49,D,0,Not useful at all,Negative
7573,Vijay Nair,26,Female,1,39.23,0.89,4,7,4,70.87,B,0,Great course and very helpful,Positive
7574,Ravi Reddy,19,Male,0.44,47.78,0.84,4,45,1,62.2,C,0,Average experience,Neutral
7575,Priya Das,20,Female,0.79,39.58,0.69,6,22,1,57.3,C,0,Average experience,Neutral
7576,Anjali Sharma,22,Male,0.84,18.83,0.63,7,2,5,53.84,D,0,Waste of time,Negative
7577,Kavya Sharma,20,Female,0.58,62.31,0.98,4,7,8,63.36,C,0,Average experience,Neutral
7578,Kavya Nair,19,Male,0.94,29.47,0.48,3,29,8,52.09,D,0,Poor explanations,Negative
7579,Meena Reddy,27,Female,0.84,-4.07,0.57,7,43,9,64.22,C,0,Nothing special,Neutral
7580,Ravi Iyer,25,Female,0.62,51.4,0.94,6,26,6,73.03,B,0,Great course and very helpful,Positive
7581,Karthik Das,29,Male,0.84,27.53,0.62,3,6,7,53.48,D,0,Too difficult to follow,Negative
7582,Anjali Patel,28,Male,1,16.04,0.66,5,29,4,61.65,C,0,Okay course,Neutral
7583,Ravi Sharma,25,Female,0.95,32.82,1,5,1,3,80.74,B,0,Excellent platform for learning,Positive
7584,Rahul Nair,30,Male,0.81,27.89,0.68,6,18,9,54.74,D,0,Poor explanations,Negative
7585,Anjali Das,26,Female,0.82,47.35,0.68,6,15,7,69.75,C,0,Average experience,Neutral
7586,Karthik Nair,21,Male,0.42,21.7,0.75,4,31,8,47.75,D,0,Too difficult to follow,Negative
7587,Priya Nair,26,Male,0.7,36.33,0.67,8,47,9,63.21,C,0,Average experience,Neutral
7588,Meena Patel,26,Male,0.93,58.41,0.65,7,37,9,75.83,B,0,Great course and very helpful,Positive
7589,Priya Gupta,22,Female,0.81,53.57,0.8,3,41,1,69.81,C,0,Normal learning experience,Neutral
7590,Meena Das,24,Male,0.87,67.78,0.73,8,9,4,71.66,B,0,Great course and very helpful,Positive
7591,Sneha Iyer,27,Male,0.32,38.96,0.81,8,26,4,46.63,D,0,Poor explanations,Negative
7592,Divya Verma,29,Female,0.98,18.63,0.54,7,19,9,61.89,C,0,Nothing special,Neutral
7593,Sneha Verma,21,Male,0.97,50.34,0.63,7,27,8,73.99,B,0,Helped me improve a lot,Positive
7594,Priya Nair,23,Female,0.74,42.34,0.81,4,18,5,71.5,B,0,Helped me improve a lot,Positive
7595,Rahul Das,25,Male,0.78,41.75,0.59,7,9,4,61.18,C,0,Nothing special,Neutral
7596,Vijay Singh,30,Male,0.96,48.64,0.95,9,31,5,93.49,A,0,Great course and very helpful,Positive
7597,Suresh Patel,29,Male,1,42.41,0.75,6,18,0,77.81,B,0,Loved the teaching style,Positive
7598,Rahul Das,27,Male,0.72,43.71,0.22,4,26,6,54.83,D,0,Very confusing content,Negative
7599,Karthik Singh,30,Male,0.96,48.9,0.87,5,25,5,75.16,B,0,Helped me improve a lot,Positive
7600,Kavya Nair,18,Female,1,30.87,0.86,3,16,3,65.33,C,0,Okay course,Neutral
7601,Arun Nair,28,Male,0.63,35.69,0.75,5,42,4,65.61,C,0,Okay course,Neutral
7602,Rahul Reddy,24,Female,0.81,26.01,0.91,7,38,4,81.49,B,0,Loved the teaching style,Positive
7603,Meena Singh,26,Female,0.67,22.65,0.43,5,17,9,42.25,D,0,Very confusing content,Negative
7604,Ravi Kumar,29,Female,0.81,13.87,0.77,8,38,1,73.21,B,0,Great course and very helpful,Positive
7605,Arun Kumar,23,Female,0.69,56.24,0.95,3,48,7,70.89,B,0,Helped me improve a lot,Positive
7606,Rahul Gupta,20,Male,0.73,14.13,0.52,6,45,7,61.05,C,0,Okay course,Neutral
7607,Sneha Gupta,19,Male,0.94,63.04,1,6,36,8,82.06,B,0,Loved the teaching style,Positive
7608,Suresh Kumar,19,Male,0.81,45.68,0.45,4,13,8,54.13,D,0,Very confusing content,Negative
7609,Suresh Reddy,29,Male,0.75,63.41,1,4,20,7,79.48,B,0,Great course and very helpful,Positive
7610,Ravi Das,19,Female,0.83,55.62,0.55,3,4,1,52.03,D,0,Too difficult to follow,Negative
7611,Rahul Kumar,19,Male,0.57,50.44,0.89,4,4,7,55.64,C,0,Can be improved,Neutral
7612,Priya Iyer,30,Male,0.27,41.68,0.72,9,6,1,52.9,D,0,Not useful at all,Negative
7613,Karthik Verma,23,Male,0.8,73.17,0.93,4,37,3,78.49,B,0,Loved the teaching style,Positive
7614,Karthik Kumar,19,Female,0.87,58.01,0.38,4,29,6,56.8,C,0,Nothing special,Neutral
7615,Sneha Sharma,19,Male,0.62,50.19,0.94,6,33,3,73.07,B,0,Excellent platform for learning,Positive
7616,Karthik Nair,29,Male,0.82,23.45,0.55,5,15,0,50.72,D,0,Poor explanations,Negative
7617,Rahul Das,30,Female,0.81,45.91,0.73,6,13,1,68.97,C,0,Normal learning experience,Neutral
7618,Priya Nair,24,Female,0.6,44.02,0.7,4,0,6,50.23,D,0,Not useful at all,Negative
7619,Kavya Sharma,19,Male,0.83,65.81,0.7,8,15,8,68.76,C,0,Average experience,Neutral
7620,Priya Kumar,25,Female,0.57,26.59,0.65,6,19,0,56.96,C,0,Can be improved,Neutral
7621,Rahul Reddy,29,Female,0.81,48.7,0.81,9,17,0,69.06,C,0,Normal learning experience,Neutral
7622,Kavya Das,29,Female,0.58,64.78,0.58,4,28,2,52.57,D,0,Too difficult to follow,Negative
7623,Priya Singh,21,Male,0.91,33.2,0.57,9,44,9,71.08,B,0,Excellent platform for learning,Positive
7624,Kavya Gupta,20,Female,0.79,30.91,0.73,9,49,7,70.57,B,0,Very engaging and informative,Positive
7625,Sneha Sharma,27,Male,0.59,36.55,0.65,5,45,8,63.32,C,0,Average experience,Neutral
7626,Rahul Gupta,24,Female,0.78,50.01,0.99,3,37,2,69.5,C,0,Nothing special,Neutral
7627,Priya Singh,30,Male,1,50.26,0.39,6,10,7,51.72,D,0,Waste of time,Negative
7628,Meena Patel,30,Male,0.81,28.59,0.85,8,25,9,58.84,C,0,Nothing special,Neutral
7629,Anjali Kumar,18,Female,1,25.36,0.93,4,8,4,66.72,C,0,Nothing special,Neutral
7630,Divya Verma,21,Male,0.42,59.82,0.85,5,23,5,64.46,C,0,Nothing special,Neutral
7631,Meena Sharma,29,Male,0.47,43.8,0.57,7,45,8,49.22,D,0,Waste of time,Negative
7632,Arun Verma,18,Female,0.63,48.92,0.95,6,14,0,65.13,C,0,Average experience,Neutral
7633,Anjali Reddy,30,Male,0.9,22.32,0.44,3,49,1,57,C,0,Average experience,Neutral
7634,Divya Gupta,20,Male,0.65,20.07,0.58,4,18,3,52.08,D,0,Waste of time,Negative
7635,Suresh Nair,21,Male,0.74,42.99,0.59,3,14,9,57.39,C,0,Can be improved,Neutral
7636,Suresh Sharma,23,Male,0.67,30.6,0.94,8,40,9,66.6,C,0,Can be improved,Neutral
7637,Divya Kumar,25,Female,0.8,33.85,1,5,33,9,69.22,C,0,Okay course,Neutral
7638,Meena Das,19,Male,0.69,20.16,0.52,9,22,6,43.95,D,0,Poor explanations,Negative
7639,Vijay Das,22,Female,0.7,33.78,0.64,6,0,5,50.43,D,0,Very confusing content,Negative
7640,Vijay Gupta,28,Male,0.82,26.78,0.78,5,8,6,57.25,C,0,Nothing special,Neutral
7641,Arun Sharma,19,Female,0.89,29.22,0.81,3,21,5,66.05,C,0,Can be improved,Neutral
7642,Karthik Gupta,24,Female,0.82,35.46,0.75,7,21,8,71.37,B,0,Excellent platform for learning,Positive
7643,Rahul Das,21,Male,0.65,50.63,0.58,4,8,6,61.04,C,0,Normal learning experience,Neutral
7644,Priya Sharma,24,Male,0.78,69.5,0.45,3,16,2,50.46,D,0,Waste of time,Negative
7645,Meena Verma,24,Male,0.87,45.44,0.12,7,2,6,41.18,D,0,Poor explanations,Negative
7646,Priya Iyer,23,Male,0.74,41.34,0.94,7,14,3,70.24,B,0,Great course and very helpful,Positive
7647,Ravi Das,25,Male,0.75,30.23,0.44,3,19,9,54.42,D,0,Waste of time,Negative
7648,Arun Patel,30,Male,0.35,50.94,0.78,3,23,7,54.77,D,0,Very confusing content,Negative
7649,Arun Das,18,Female,0.95,31.43,0.94,6,44,4,74.99,B,0,Excellent platform for learning,Positive
7650,Ravi Das,22,Female,0.58,12.35,0.5,5,1,4,43.1,D,0,Too difficult to follow,Negative
7651,Meena Gupta,28,Male,0.67,46.91,0.76,3,34,5,63.75,C,0,Okay course,Neutral
7652,Arun Patel,27,Female,0.46,39.48,0.98,7,47,0,72.09,B,0,Excellent platform for learning,Positive
7653,Anjali Patel,21,Female,0.8,42.07,0.72,6,33,6,68.15,C,0,Average experience,Neutral
7654,Meena Sharma,22,Male,0.78,37.65,0.93,7,38,3,80.53,B,0,Excellent platform for learning,Positive
7655,Rahul Patel,22,Female,0.86,31.66,0.76,3,43,6,72.84,B,0,Helped me improve a lot,Positive
7656,Rahul Singh,28,Male,0.74,46.2,0.99,4,40,0,74.45,B,0,Helped me improve a lot,Positive
7657,Rahul Verma,27,Male,0.69,29.93,0.22,6,12,2,43.63,D,0,Very confusing content,Negative
7658,Suresh Kumar,23,Male,1,45.21,0.45,5,2,5,51.93,D,0,Too difficult to follow,Negative
7659,Vijay Nair,22,Female,0.73,6.17,0.35,4,46,8,48.1,D,0,Waste of time,Negative
7660,Anjali Reddy,26,Male,0.59,33.7,0.59,6,43,1,53.59,D,0,Not useful at all,Negative
7661,Rahul Singh,22,Male,1,32.2,0.61,9,35,7,74.22,B,0,Helped me improve a lot,Positive
7662,Rahul Singh,29,Male,0.84,50.49,0.81,7,37,5,67.56,C,0,Can be improved,Neutral
7663,Vijay Kumar,25,Male,1,22.34,0.97,9,24,1,83.91,B,0,Very engaging and informative,Positive
7664,Divya Iyer,21,Male,0.75,35.45,0.45,5,21,8,41.22,D,0,Too difficult to follow,Negative
7665,Vijay Reddy,24,Female,0.58,70.47,0.94,6,48,2,74.51,B,0,Helped me improve a lot,Positive
7666,Ravi Iyer,22,Female,0.93,50.61,0.8,8,27,3,73.04,B,0,Very engaging and informative,Positive
7667,Meena Gupta,19,Male,0.66,42.82,0.55,9,16,9,56.6,C,0,Can be improved,Neutral
7668,Anjali Singh,23,Female,0.7,40.55,0.29,7,47,2,55.85,C,0,Nothing special,Neutral
7669,Karthik Singh,19,Male,0.9,53.14,0.54,3,44,5,57.94,C,0,Nothing special,Neutral
7670,Meena Sharma,24,Female,0.81,53.87,0.38,4,38,2,58.42,C,0,Normal learning experience,Neutral
7671,Rahul Gupta,27,Female,0.53,55.28,0.62,3,13,4,57.02,C,0,Can be improved,Neutral
7672,Anjali Reddy,26,Male,0.48,32.34,0.83,5,43,8,58.96,C,0,Nothing special,Neutral
7673,Suresh Verma,20,Male,0.61,8.34,0.49,4,31,0,45.54,D,0,Waste of time,Negative
7674,Divya Singh,28,Female,0.33,31.2,0.45,9,1,3,37.56,Fail,0,Not useful at all,Negative
7675,Kavya Das,25,Female,0.96,45.04,0.5,9,40,0,73.28,B,0,Excellent platform for learning,Positive
7676,Rahul Iyer,27,Female,1,46.92,0.56,8,37,4,65.91,C,0,Okay course,Neutral
7677,Meena Iyer,19,Female,0.87,53.08,0.82,3,12,9,62,C,0,Can be improved,Neutral
7678,Priya Gupta,26,Male,0.96,60.24,0.87,3,22,6,73.27,B,0,Great course and very helpful,Positive
7679,Rahul Singh,30,Female,0.74,45.93,0.59,5,40,2,56.08,C,0,Okay course,Neutral
7680,Divya Kumar,22,Male,1,40.2,0.81,5,42,5,72.2,B,0,Great course and very helpful,Positive
7681,Suresh Sharma,18,Male,0.61,43.74,0.79,6,44,7,64.56,C,0,Can be improved,Neutral
7682,Vijay Das,25,Male,0.74,46.64,0.65,4,16,5,61.74,C,0,Can be improved,Neutral
7683,Rahul Iyer,20,Male,0.79,21.71,0.67,4,45,8,67.46,C,0,Okay course,Neutral
7684,Divya Sharma,26,Female,0.44,55.91,0.91,8,3,3,67.1,C,0,Okay course,Neutral
7685,Priya Patel,18,Female,0.93,35.77,0.57,3,17,6,53.4,D,0,Not useful at all,Negative
7686,Meena Das,18,Female,0.68,22.2,0.99,7,35,7,64.24,C,0,Normal learning experience,Neutral
7687,Arun Sharma,19,Male,1,53.9,0.62,8,3,7,76.44,B,0,Great course and very helpful,Positive
7688,Arun Verma,28,Female,0.84,59.02,1,3,18,3,76.4,B,0,Great course and very helpful,Positive
7689,Meena Sharma,26,Female,0.7,21.94,0.83,9,14,5,57.56,C,0,Can be improved,Neutral
7690,Sneha Patel,27,Female,0.68,46.71,0.81,9,45,5,74.69,B,0,Helped me improve a lot,Positive
7691,Karthik Iyer,27,Male,0.56,15.35,1,4,8,0,54.23,D,0,Not useful at all,Negative
7692,Ravi Verma,30,Male,0.71,56.02,0.87,8,45,2,72.74,B,0,Loved the teaching style,Positive
7693,Suresh Verma,29,Male,0.55,40.99,0.64,9,15,1,56.61,C,0,Nothing special,Neutral
7694,Rahul Kumar,28,Female,0.85,64.19,0.68,3,19,8,57.49,C,0,Can be improved,Neutral
7695,Priya Nair,25,Female,0.57,61.79,0.48,5,46,0,54.22,D,0,Too difficult to follow,Negative
7696,Priya Das,19,Female,0.66,31.76,0.93,6,15,7,72.38,B,0,Loved the teaching style,Positive
7697,Suresh Gupta,24,Female,1,62.33,0.63,9,20,4,71.89,B,0,Helped me improve a lot,Positive
7698,Anjali Iyer,27,Female,0.88,23.4,0.73,4,43,5,63.22,C,0,Can be improved,Neutral
7699,Meena Iyer,25,Male,0.89,58.14,0.67,4,37,0,71.1,B,0,Loved the teaching style,Positive
7700,Kavya Verma,19,Male,0.67,52.32,0.81,3,1,7,51.67,D,0,Too difficult to follow,Negative
7701,Arun Nair,19,Male,0.75,25.01,0.67,6,20,2,57.66,C,0,Nothing special,Neutral
7702,Kavya Iyer,27,Female,0.51,49.83,0.74,8,2,3,62.16,C,0,Average experience,Neutral
7703,Divya Das,22,Female,0.88,66.46,0.6,8,10,7,69.47,C,0,Normal learning experience,Neutral
7704,Arun Verma,25,Male,0.62,29.15,0.72,9,29,6,59.52,C,0,Can be improved,Neutral
7705,Karthik Nair,20,Female,0.71,42.44,0.84,8,17,5,66.33,C,0,Nothing special,Neutral
7706,Anjali Iyer,25,Female,0.79,47.77,0.62,6,8,1,44.46,D,0,Too difficult to follow,Negative
7707,Suresh Gupta,21,Male,1,42.6,0.68,6,32,0,78.16,B,0,Very engaging and informative,Positive
7708,Sneha Iyer,23,Female,0.73,40.6,0.48,8,32,4,52.57,D,0,Waste of time,Negative
7709,Ravi Patel,29,Male,0.98,16.53,0.71,6,28,3,66.93,C,0,Okay course,Neutral
7710,Suresh Das,22,Female,0.75,55.67,0.64,6,10,1,59.38,C,0,Normal learning experience,Neutral
7711,Sneha Verma,20,Male,0.55,39.15,0.54,7,0,2,49.06,D,0,Too difficult to follow,Negative
7712,Anjali Singh,18,Female,0.79,36.67,0.5,7,2,3,55.21,C,0,Okay course,Neutral
7713,Rahul Kumar,18,Female,0.92,59.06,0.52,6,43,2,76.5,B,0,Excellent platform for learning,Positive
7714,Divya Verma,30,Female,0.58,52.74,0.57,3,5,0,49,D,0,Poor explanations,Negative
7715,Priya Nair,28,Male,0.94,26.83,0.83,3,8,9,63.35,C,0,Can be improved,Neutral
7716,Rahul Sharma,30,Female,0.93,45.45,0.88,3,2,3,71.62,B,0,Very engaging and informative,Positive
7717,Vijay Nair,24,Male,0.9,48.12,0.64,8,39,5,77.45,B,0,Great course and very helpful,Positive
7718,Ravi Kumar,18,Female,0.44,50.53,0.93,3,21,7,63.43,C,0,Average experience,Neutral
7719,Sneha Verma,26,Female,0.74,45.75,0.46,6,34,3,46.84,D,0,Poor explanations,Negative
7720,Arun Singh,24,Female,0.95,37.31,0.53,6,43,8,75.12,B,0,Excellent platform for learning,Positive
7721,Ravi Verma,26,Male,0.72,18.59,0.81,3,24,6,59.52,C,0,Normal learning experience,Neutral
7722,Kavya Das,22,Male,0.93,27.82,0.38,6,44,9,62.52,C,0,Average experience,Neutral
7723,Suresh Sharma,27,Male,0.47,31.74,0.4,9,7,4,40.88,D,0,Too difficult to follow,Negative
7724,Suresh Gupta,25,Female,0.6,17.22,0.76,4,30,0,45.27,D,0,Not useful at all,Negative
7725,Anjali Das,22,Female,0.71,25.02,0.56,6,33,6,60.65,C,0,Okay course,Neutral
7726,Divya Sharma,30,Female,0.84,32.01,0.61,8,35,7,72.34,B,0,Excellent platform for learning,Positive
7727,Suresh Reddy,19,Male,0.78,40.74,0.6,8,48,6,73.2,B,0,Excellent platform for learning,Positive
7728,Arun Reddy,22,Female,0.88,39.15,0.66,4,4,8,56.32,C,0,Average experience,Neutral
7729,Anjali Sharma,19,Male,0.53,50.63,0.89,4,33,1,62.73,C,0,Nothing special,Neutral
7730,Kavya Sharma,23,Male,0.65,61.92,0.28,3,44,9,50.15,D,0,Waste of time,Negative
7731,Karthik Nair,24,Female,0.75,24.12,0.69,5,15,6,65.94,C,0,Normal learning experience,Neutral
7732,Vijay Singh,24,Female,0.74,35.86,0.38,5,28,3,53.2,D,0,Waste of time,Negative
7733,Rahul Reddy,29,Male,0.68,45.61,0.74,8,23,2,62.19,C,0,Okay course,Neutral
7734,Arun Singh,21,Female,0.63,24.86,0.8,9,12,7,56.3,C,0,Average experience,Neutral
7735,Sneha Verma,28,Female,0.86,34.62,0.38,9,20,5,70.64,B,0,Loved the teaching style,Positive
7736,Arun Singh,18,Male,0.96,56.79,0.86,6,17,3,75.5,B,0,Great course and very helpful,Positive
7737,Sneha Nair,19,Female,0.84,47.68,0.73,6,13,4,59.67,C,0,Can be improved,Neutral
7738,Vijay Das,19,Female,1,48.51,0.9,3,16,4,77.57,B,0,Very engaging and informative,Positive
7739,Priya Singh,25,Male,0.8,58.45,0.76,3,16,2,68.98,C,0,Normal learning experience,Neutral
7740,Rahul Reddy,26,Male,0.67,46.51,0.67,5,48,1,59.22,C,0,Can be improved,Neutral
7741,Rahul Iyer,19,Female,0.4,63.19,0.63,3,17,6,52.33,D,0,Waste of time,Negative
7742,Meena Kumar,20,Male,0.89,61.01,0.63,6,4,8,60.79,C,0,Okay course,Neutral
7743,Sneha Iyer,23,Female,0.34,16.35,0.68,5,32,9,33.29,Fail,1,Waste of time,Negative
7744,Rahul Kumar,20,Male,0.88,49.55,0.47,6,26,3,61.36,C,0,Normal learning experience,Neutral
7745,Anjali Gupta,20,Female,0.63,33.71,0.8,9,45,1,63.29,C,0,Nothing special,Neutral
7746,Rahul Sharma,20,Female,0.99,30.22,1,6,2,0,76.21,B,0,Loved the teaching style,Positive
7747,Sneha Kumar,18,Female,1,35.44,0.48,7,47,8,71.14,B,0,Great course and very helpful,Positive
7748,Sneha Sharma,18,Male,0.86,52.32,0.49,7,0,2,66.11,C,0,Normal learning experience,Neutral
7749,Meena Kumar,29,Male,0.9,37.41,0.91,9,28,6,77.59,B,0,Helped me improve a lot,Positive
7750,Anjali Das,20,Male,0.85,48.32,0.74,3,30,3,56.77,C,0,Average experience,Neutral
7751,Ravi Das,29,Male,0.84,22.3,0.33,3,25,9,43.95,D,0,Very confusing content,Negative
7752,Karthik Kumar,23,Female,0.92,70.18,0.72,5,15,8,71.4,B,0,Excellent platform for learning,Positive
7753,Kavya Singh,26,Female,0.44,42.87,1,5,39,4,65.39,C,0,Average experience,Neutral
7754,Meena Reddy,21,Female,0.42,30.59,0.66,3,5,1,35.64,Fail,0,Poor explanations,Negative
7755,Kavya Patel,26,Male,0.28,22.3,0.79,4,12,1,47.62,D,0,Very confusing content,Negative
7756,Kavya Reddy,20,Male,0.55,22.08,0.59,7,15,4,44.39,D,0,Not useful at all,Negative
7757,Suresh Iyer,21,Female,0.33,50.5,0.51,4,32,0,32.92,Fail,0,Waste of time,Negative
7758,Kavya Reddy,20,Female,0.9,56.13,0.52,9,4,7,62.33,C,0,Normal learning experience,Neutral
7759,Vijay Kumar,30,Female,0.99,59.97,0.67,4,34,1,75.09,B,0,Loved the teaching style,Positive
7760,Vijay Nair,18,Male,0.71,24.92,0.52,3,32,7,51.76,D,0,Too difficult to follow,Negative
7761,Vijay Kumar,28,Female,0.77,50.46,0.69,4,17,2,61.54,C,0,Nothing special,Neutral
7762,Meena Nair,18,Female,0.64,15.37,0.78,7,9,7,66.76,C,0,Okay course,Neutral
7763,Kavya Das,20,Male,0.7,32.69,0.7,6,21,2,58.36,C,0,Okay course,Neutral
7764,Meena Iyer,19,Female,1,41.91,0.54,3,31,8,61.83,C,0,Okay course,Neutral
7765,Vijay Iyer,24,Male,1,42.31,0.58,7,14,0,75.32,B,0,Loved the teaching style,Positive
7766,Vijay Verma,23,Male,0.82,17.75,0.74,8,17,1,58.78,C,0,Average experience,Neutral
7767,Priya Nair,28,Female,0.88,19.95,0.56,5,19,8,58.23,C,0,Normal learning experience,Neutral
7768,Sneha Das,20,Male,0.92,42.16,0.9,5,10,3,73.12,B,0,Loved the teaching style,Positive
7769,Anjali Sharma,23,Female,0.77,43.69,0.3,6,42,7,52.8,D,0,Too difficult to follow,Negative
7770,Arun Singh,28,Male,0.73,6.43,0.99,7,31,2,69.32,C,0,Can be improved,Neutral
7771,Kavya Das,22,Male,0.21,65.29,0.72,9,1,0,49.29,D,0,Too difficult to follow,Negative
7772,Karthik Kumar,26,Female,1,55.2,0.56,3,43,1,79,B,0,Very engaging and informative,Positive
7773,Vijay Patel,28,Male,0.34,14.3,0.89,3,44,0,48.1,D,1,Very confusing content,Negative
7774,Ravi Nair,18,Female,0.73,21.76,0.63,9,6,8,63.09,C,0,Average experience,Neutral
7775,Rahul Iyer,25,Male,0.96,37.58,0.97,9,17,6,78.9,B,0,Loved the teaching style,Positive
7776,Arun Gupta,26,Male,0.88,57.98,0.52,9,20,7,66.68,C,0,Okay course,Neutral
7777,Priya Das,19,Male,0.74,51.17,0.59,5,5,0,41.85,D,0,Very confusing content,Negative
7778,Kavya Singh,24,Female,0.77,41.93,0.68,5,34,1,62.93,C,0,Nothing special,Neutral
7779,Arun Iyer,28,Female,0.72,51.31,1,7,19,6,85.4,A,0,Great course and very helpful,Positive
7780,Kavya Iyer,24,Female,0.31,61.76,0.74,7,11,9,50.43,D,0,Waste of time,Negative
7781,Divya Reddy,23,Female,0.64,46.52,0.39,4,2,4,53.74,D,0,Poor explanations,Negative
7782,Suresh Reddy,23,Female,0.92,65.66,0.7,4,12,1,75.74,B,0,Helped me improve a lot,Positive
7783,Anjali Verma,24,Female,0.52,43.9,0.57,7,5,4,45.91,D,0,Waste of time,Negative
7784,Divya Sharma,18,Male,1,52.27,0.69,4,25,5,70.57,B,0,Great course and very helpful,Positive
7785,Priya Sharma,24,Male,0.22,76.72,0.69,5,35,3,54.9,D,0,Poor explanations,Negative
7786,Anjali Patel,20,Male,0.45,37.98,0.47,6,16,9,43.93,D,0,Poor explanations,Negative
7787,Suresh Gupta,18,Male,1,32.59,0.49,3,1,9,47.02,D,0,Poor explanations,Negative
7788,Ravi Sharma,19,Male,0.77,58.17,0.62,8,7,6,55.6,C,0,Average experience,Neutral
7789,Divya Sharma,30,Male,0.98,52.35,0.72,8,13,2,67.15,C,0,Can be improved,Neutral
7790,Suresh Verma,24,Female,0.86,54.82,0.53,3,28,9,55.56,C,0,Average experience,Neutral
7791,Vijay Kumar,27,Female,0.68,47.87,1,9,25,5,72.64,B,0,Loved the teaching style,Positive
7792,Rahul Sharma,26,Female,1,40.95,0.85,3,34,8,73.71,B,0,Loved the teaching style,Positive
7793,Karthik Kumar,20,Female,0.87,40.24,0.71,4,19,5,64.21,C,0,Nothing special,Neutral
7794,Ravi Nair,21,Female,0.77,42.41,0.95,6,18,2,65.27,C,0,Can be improved,Neutral
7795,Vijay Nair,23,Female,0.72,42.18,0.69,9,46,6,67.9,C,0,Average experience,Neutral
7796,Meena Kumar,26,Female,1,40.84,0.76,6,39,5,85.06,A,0,Loved the teaching style,Positive
7797,Suresh Nair,18,Male,0.68,40.45,0.87,5,4,9,64.21,C,0,Normal learning experience,Neutral
7798,Priya Gupta,30,Male,0.69,20.13,0.87,7,12,9,68.19,C,0,Normal learning experience,Neutral
7799,Suresh Nair,23,Male,0.9,59.06,0.77,6,3,1,71.51,B,0,Excellent platform for learning,Positive
7800,Vijay Singh,21,Female,0.98,58.76,0.66,4,40,1,70.66,B,0,Very engaging and informative,Positive
7801,Rahul Iyer,23,Male,0.97,32.78,0.65,4,43,4,69.25,C,0,Average experience,Neutral
7802,Karthik Sharma,27,Female,0.68,37.89,0.44,9,9,7,54.33,D,0,Not useful at all,Negative
7803,Priya Sharma,28,Female,0.85,20.97,0.67,7,33,5,69.75,C,0,Normal learning experience,Neutral
7804,Anjali Iyer,23,Male,0.82,49.87,0.61,9,43,3,67.48,C,0,Can be improved,Neutral
7805,Kavya Verma,24,Female,0.64,38.19,0.85,3,23,6,57.8,C,0,Nothing special,Neutral
7806,Divya Reddy,23,Female,0.69,54.9,0.67,9,29,1,65.56,C,0,Nothing special,Neutral
7807,Karthik Reddy,18,Male,1,18.75,0.94,9,34,6,82.68,B,0,Helped me improve a lot,Positive
7808,Arun Nair,22,Male,0.62,37.91,0.74,8,7,6,56.92,C,0,Okay course,Neutral
7809,Kavya Patel,21,Female,0.54,9.12,0.96,5,43,7,53.97,D,0,Waste of time,Negative
7810,Arun Verma,19,Female,0.56,53.4,0.73,9,39,3,67.25,C,0,Normal learning experience,Neutral
7811,Rahul Das,20,Female,1,42.91,0.61,4,34,6,67.5,C,0,Can be improved,Neutral
7812,Arun Sharma,20,Female,0.87,27.46,0.63,6,42,7,67.73,C,0,Average experience,Neutral
7813,Arun Iyer,18,Female,0.47,17.64,0.48,6,5,8,41.37,D,1,Poor explanations,Negative
7814,Karthik Verma,30,Male,0.76,54.78,0.8,6,6,7,61.56,C,0,Okay course,Neutral
7815,Suresh Kumar,20,Male,0,11.38,0.85,6,23,4,42.29,D,1,Poor explanations,Negative
7816,Anjali Sharma,22,Male,0.74,42.54,0.63,6,47,5,69.08,C,0,Okay course,Neutral
7817,Meena Reddy,25,Female,1,45.71,0.9,3,15,1,76.23,B,0,Very engaging and informative,Positive
7818,Meena Iyer,19,Female,0.77,54.24,0.91,9,13,1,72.6,B,0,Loved the teaching style,Positive
7819,Karthik Verma,19,Female,0.72,37.5,0.96,5,18,5,66.05,C,0,Nothing special,Neutral
7820,Karthik Kumar,21,Female,0.8,33.54,0.74,4,46,1,66.7,C,0,Okay course,Neutral
7821,Ravi Nair,24,Male,0.83,32.32,0.77,3,29,7,64.15,C,0,Nothing special,Neutral
7822,Vijay Kumar,30,Female,0.94,43.08,0.72,4,38,6,73.75,B,0,Very engaging and informative,Positive
7823,Meena Singh,26,Female,0.7,21.13,0.89,4,33,1,70.44,B,0,Loved the teaching style,Positive
7824,Rahul Singh,24,Male,0.75,21.8,0.51,8,46,3,60.24,C,0,Okay course,Neutral
7825,Rahul Reddy,22,Female,0.89,34.69,0.96,7,16,4,72.85,B,0,Excellent platform for learning,Positive
7826,Suresh Reddy,24,Female,0.9,33.62,0.73,5,22,3,66.78,C,0,Nothing special,Neutral
7827,Ravi Singh,25,Female,1,37.95,0.3,5,38,1,56.82,C,0,Normal learning experience,Neutral
7828,Karthik Verma,23,Female,0.66,42.04,0.55,9,4,7,55.8,C,0,Nothing special,Neutral
7829,Arun Nair,21,Female,0.96,28.08,0.49,6,36,5,62.4,C,0,Nothing special,Neutral
7830,Rahul Gupta,21,Male,0.73,27.6,1,7,35,4,70.47,B,0,Loved the teaching style,Positive
7831,Rahul Verma,29,Male,0.8,42.06,0.75,6,19,4,68.67,C,0,Can be improved,Neutral
7832,Meena Das,26,Male,0.39,25.56,0.63,8,35,9,45.69,D,0,Too difficult to follow,Negative
7833,Anjali Iyer,23,Male,0.62,35.79,0.97,4,46,6,68.7,C,0,Average experience,Neutral
7834,Meena Sharma,28,Female,0.36,49.81,0.76,9,27,5,62.8,C,0,Normal learning experience,Neutral
7835,Suresh Das,27,Female,0.68,28.48,0.59,4,34,8,54.2,D,0,Waste of time,Negative
7836,Rahul Sharma,26,Male,0.93,22.48,0.72,6,15,4,56.25,C,0,Can be improved,Neutral
7837,Kavya Singh,21,Female,0.9,42.93,0.65,6,48,5,71.03,B,0,Great course and very helpful,Positive
7838,Ravi Das,21,Male,0.24,28.2,0.46,5,42,1,44.88,D,0,Too difficult to follow,Negative
7839,Karthik Das,27,Female,0.76,40.13,0.73,5,48,1,74.73,B,0,Great course and very helpful,Positive
7840,Divya Nair,18,Male,0.96,37.55,0.69,4,5,1,60.12,C,0,Average experience,Neutral
7841,Rahul Singh,18,Male,0.51,48.1,0.57,3,31,8,48.92,D,0,Waste of time,Negative
7842,Sneha Nair,20,Female,0.71,60.79,0.65,4,22,0,68.37,C,0,Okay course,Neutral
7843,Divya Iyer,21,Male,0.98,61.99,0.89,7,38,7,86.9,A,0,Loved the teaching style,Positive
7844,Karthik Singh,29,Female,0.9,35.13,0.61,8,17,4,61.13,C,0,Nothing special,Neutral
7845,Rahul Gupta,27,Male,0.41,53.2,0.46,7,26,7,51.66,D,0,Not useful at all,Negative
7846,Arun Gupta,25,Male,0.8,61.27,0.66,3,36,2,63.44,C,0,Okay course,Neutral
7847,Ravi Kumar,27,Male,0.58,64.85,0.7,3,18,2,58.55,C,0,Nothing special,Neutral
7848,Arun Verma,27,Male,0.91,30.65,0.53,7,22,1,64.99,C,0,Okay course,Neutral
7849,Arun Gupta,30,Male,1,35.15,0.61,6,22,7,68.42,C,0,Can be improved,Neutral
7850,Meena Patel,20,Female,0.79,56.7,0.95,4,40,9,78.34,B,0,Excellent platform for learning,Positive
7851,Divya Verma,25,Female,0.55,-8.69,0.61,4,46,6,42.21,D,0,Very confusing content,Negative
7852,Meena Gupta,21,Female,0.66,27.89,0.8,5,5,6,58.22,C,0,Normal learning experience,Neutral
7853,Karthik Verma,25,Female,1,19.93,0.62,9,43,0,73.86,B,0,Loved the teaching style,Positive
7854,Rahul Singh,20,Female,0.66,50.98,0.76,3,24,7,64.73,C,0,Can be improved,Neutral
7855,Arun Nair,27,Male,0.9,49.73,0.65,8,4,8,72.51,B,0,Very engaging and informative,Positive
7856,Divya Gupta,28,Female,0.73,36.12,0.79,5,1,0,54.8,D,0,Very confusing content,Negative
7857,Arun Das,30,Male,0.46,63.84,0.39,5,37,1,54.81,D,0,Very confusing content,Negative
7858,Anjali Gupta,23,Female,0.72,40.31,0.53,6,7,6,50.53,D,0,Waste of time,Negative
7859,Divya Reddy,20,Female,0.91,23.37,0.6,5,21,8,64.46,C,0,Can be improved,Neutral
7860,Rahul Nair,19,Female,0.77,26.94,0.78,8,38,9,67.12,C,0,Normal learning experience,Neutral
7861,Sneha Gupta,26,Female,1,29.96,0.59,9,35,3,66.65,C,0,Nothing special,Neutral
7862,Ravi Iyer,19,Male,0.49,28.87,1,6,11,8,56.49,C,0,Can be improved,Neutral
7863,Karthik Patel,18,Female,0.77,43.96,0.7,9,20,8,67.5,C,0,Average experience,Neutral
7864,Meena Reddy,18,Female,1,41.3,0.82,8,1,3,80.85,B,0,Loved the teaching style,Positive
7865,Priya Sharma,25,Female,0.94,38.73,0.76,4,0,5,66.64,C,0,Normal learning experience,Neutral
7866,Vijay Nair,19,Female,0.68,41.49,0.68,6,46,8,65.38,C,0,Okay course,Neutral
7867,Karthik Kumar,26,Female,1,31.14,0.81,5,33,5,71.94,B,0,Loved the teaching style,Positive
7868,Ravi Nair,21,Female,0.53,52.58,0.88,7,41,9,68.16,C,0,Nothing special,Neutral
7869,Priya Kumar,25,Female,1,38.22,0.63,9,9,9,69,C,0,Nothing special,Neutral
7870,Anjali Verma,29,Female,0.59,54.56,0.88,5,38,7,63.81,C,0,Nothing special,Neutral
7871,Suresh Patel,25,Female,0.49,42.45,0.6,9,12,5,53.02,D,0,Very confusing content,Negative
7872,Sneha Verma,24,Female,0.57,62.07,0.54,7,28,6,57.26,C,0,Can be improved,Neutral
7873,Karthik Sharma,26,Male,1,59.5,0.71,5,16,3,78.86,B,0,Very engaging and informative,Positive
7874,Anjali Reddy,28,Male,0.79,39.37,1,7,10,5,65.83,C,0,Nothing special,Neutral
7875,Meena Nair,29,Male,0.44,8.25,0.83,9,39,8,60.22,C,1,Average experience,Neutral
7876,Ravi Patel,28,Male,0.51,35.7,0.97,6,40,6,66.27,C,0,Okay course,Neutral
7877,Suresh Singh,28,Female,0.9,35.71,1,9,24,3,81.81,B,0,Excellent platform for learning,Positive
7878,Rahul Verma,18,Female,0.55,40.88,0.82,3,33,8,62.03,C,0,Average experience,Neutral
7879,Divya Nair,22,Male,1,53.96,0.82,4,43,1,84.95,B,0,Helped me improve a lot,Positive
7880,Anjali Reddy,24,Male,0.64,23.73,0.7,9,21,7,57.56,C,0,Normal learning experience,Neutral
7881,Sneha Patel,22,Female,0.68,43.04,0.39,3,3,6,49.83,D,0,Too difficult to follow,Negative
7882,Karthik Kumar,23,Female,0.77,25.09,1,5,18,3,65.4,C,0,Average experience,Neutral
7883,Ravi Iyer,22,Male,0.94,58.3,0.52,4,18,0,65.61,C,0,Okay course,Neutral
7884,Karthik Gupta,26,Female,0.84,33.78,0.89,5,11,8,66.88,C,0,Nothing special,Neutral
7885,Ravi Reddy,21,Female,1,63.24,0.89,4,20,7,86.69,A,0,Helped me improve a lot,Positive
7886,Sneha Das,24,Male,0.66,61.4,0.6,9,13,7,68.18,C,0,Nothing special,Neutral
7887,Sneha Nair,24,Female,0.66,12.46,0.66,5,15,3,42.97,D,0,Waste of time,Negative
7888,Ravi Nair,30,Female,0.75,46.51,0.8,9,27,8,75.15,B,0,Very engaging and informative,Positive
7889,Arun Reddy,25,Male,1,50.69,0.69,6,42,6,74.7,B,0,Great course and very helpful,Positive
7890,Meena Iyer,21,Female,0.48,42.23,0.74,8,32,5,57.8,C,0,Nothing special,Neutral
7891,Kavya Patel,23,Female,0.6,51.29,0.82,8,6,5,63.56,C,0,Okay course,Neutral
7892,Arun Singh,21,Male,0.8,30.16,0.72,4,18,8,53.15,D,0,Too difficult to follow,Negative
7893,Sneha Gupta,28,Male,0.78,35.61,0.44,8,15,1,54.73,D,0,Too difficult to follow,Negative
7894,Anjali Singh,25,Male,0.6,19.04,0.85,5,1,9,55.9,C,0,Can be improved,Neutral
7895,Vijay Singh,23,Female,0.91,58.31,0.74,4,2,4,70.66,B,0,Great course and very helpful,Positive
7896,Karthik Nair,23,Male,0.57,44.97,0.88,8,23,5,59.57,C,0,Can be improved,Neutral
7897,Ravi Sharma,26,Female,1,74.85,0.91,9,15,3,87.79,A,0,Excellent platform for learning,Positive
7898,Karthik Verma,28,Female,0.91,56.56,0.77,8,39,9,70.85,B,0,Excellent platform for learning,Positive
7899,Meena Iyer,23,Male,0.8,30.35,0.91,5,29,1,71.12,B,0,Very engaging and informative,Positive
7900,Karthik Reddy,19,Female,0.49,32.47,0.62,5,36,0,57.77,C,0,Normal learning experience,Neutral
7901,Vijay Kumar,28,Female,0.66,39.96,0.71,4,33,7,63.08,C,0,Okay course,Neutral
7902,Rahul Kumar,27,Male,0.95,31.93,0.45,3,8,2,48.6,D,0,Not useful at all,Negative
7903,Sneha Sharma,28,Female,0.95,30.77,0.51,9,47,2,65.55,C,0,Normal learning experience,Neutral
7904,Karthik Nair,22,Female,1,51.68,0.52,6,2,8,58.82,C,0,Normal learning experience,Neutral
7905,Divya Kumar,29,Male,0.71,50.37,0.7,8,33,3,66.64,C,0,Can be improved,Neutral
7906,Kavya Gupta,23,Male,0.44,25.73,1,8,22,4,63.13,C,0,Normal learning experience,Neutral
7907,Priya Reddy,20,Male,0.81,43.35,0.5,5,16,0,52.78,D,0,Not useful at all,Negative
7908,Arun Kumar,24,Female,0.68,48.35,1,6,11,2,70.29,B,0,Great course and very helpful,Positive
7909,Meena Iyer,19,Male,0.69,34.17,0.78,3,45,1,71.08,B,0,Great course and very helpful,Positive
7910,Arun Patel,19,Male,0.73,19.32,0.67,7,7,6,46.04,D,0,Too difficult to follow,Negative
7911,Ravi Reddy,20,Female,0.63,43.71,0.79,7,13,7,60.45,C,0,Okay course,Neutral
7912,Suresh Das,25,Female,0.79,25,0.63,8,29,5,62.32,C,0,Nothing special,Neutral
7913,Karthik Kumar,24,Female,0.77,37.5,0.6,7,0,8,58.74,C,0,Average experience,Neutral
7914,Suresh Patel,28,Female,0.63,36.72,0.27,8,29,7,42.86,D,0,Poor explanations,Negative
7915,Meena Gupta,21,Female,1,38.67,0.93,7,31,7,77.57,B,0,Great course and very helpful,Positive
7916,Karthik Das,29,Male,0.4,55.1,0.84,4,0,3,52.13,D,0,Not useful at all,Negative
7917,Kavya Reddy,21,Female,0.66,21.54,0.59,9,41,6,58.84,C,0,Average experience,Neutral
7918,Karthik Patel,24,Male,0.57,26.95,0.69,6,26,8,52.68,D,0,Very confusing content,Negative
7919,Anjali Nair,28,Female,0.83,47.22,0.75,7,22,8,68.03,C,0,Okay course,Neutral
7920,Ravi Sharma,30,Female,0.69,29.45,0.65,3,28,7,69.49,C,0,Nothing special,Neutral
7921,Karthik Kumar,25,Female,0.86,41.73,0.78,7,34,9,67.93,C,0,Average experience,Neutral
7922,Rahul Nair,27,Female,0.81,62.97,0.64,9,18,6,64.1,C,0,Normal learning experience,Neutral
7923,Divya Sharma,20,Female,0.76,47.5,0.81,3,4,6,63.65,C,0,Normal learning experience,Neutral
7924,Arun Sharma,22,Male,1,55.82,0.69,8,29,5,70.25,B,0,Great course and very helpful,Positive
7925,Ravi Sharma,29,Male,0.37,35.77,0.83,3,5,6,46.55,D,0,Very confusing content,Negative
7926,Kavya Singh,19,Female,0.72,33.64,0.34,4,31,8,52.6,D,0,Very confusing content,Negative
7927,Meena Reddy,20,Female,0.87,59.33,0.62,4,39,5,76.25,B,0,Loved the teaching style,Positive
7928,Suresh Sharma,18,Male,0.85,62.17,0.55,8,3,1,58.47,C,0,Average experience,Neutral
7929,Rahul Patel,26,Female,1,24.09,0.85,8,21,6,64.83,C,0,Normal learning experience,Neutral
7930,Rahul Sharma,23,Female,0.33,10.67,0.41,8,8,9,27.91,Fail,1,Waste of time,Negative
7931,Vijay Verma,19,Male,0.74,57.13,0.86,7,31,7,67.67,C,0,Can be improved,Neutral
7932,Anjali Das,20,Female,0.24,41.64,0.81,3,4,4,49.2,D,0,Poor explanations,Negative
7933,Sneha Sharma,18,Female,1,60.52,0.83,9,36,8,78.15,B,0,Very engaging and informative,Positive
7934,Sneha Kumar,29,Male,0.69,50.48,0.69,6,34,6,61.46,C,0,Can be improved,Neutral
7935,Kavya Iyer,18,Male,0.63,57.86,0.99,4,1,6,61.83,C,0,Okay course,Neutral
7936,Anjali Gupta,23,Male,0.57,68.28,0.5,4,35,6,66.39,C,0,Okay course,Neutral
7937,Divya Kumar,30,Male,0.96,50.41,0.7,8,4,9,69.16,C,0,Can be improved,Neutral
7938,Karthik Gupta,21,Female,0.92,40.62,0.63,7,45,2,69.97,C,0,Nothing special,Neutral
7939,Meena Verma,28,Male,0.66,9.4,0.61,4,47,9,53.34,D,0,Poor explanations,Negative
7940,Arun Verma,27,Male,0.76,60.52,0.83,8,14,1,66.23,C,0,Nothing special,Neutral
7941,Meena Kumar,22,Male,0.66,27.99,0.37,4,34,0,45.42,D,0,Poor explanations,Negative
7942,Suresh Patel,24,Male,0.87,31.21,0.52,8,28,4,60.27,C,0,Average experience,Neutral
7943,Arun Singh,24,Male,0.86,59.77,0.86,4,16,7,69.54,C,0,Average experience,Neutral
7944,Ravi Das,22,Male,0.89,48.85,0.63,4,6,3,67.2,C,0,Nothing special,Neutral
7945,Kavya Nair,19,Male,0.9,18.47,0.63,4,0,4,54.66,D,0,Too difficult to follow,Negative
7946,Vijay Nair,27,Male,0.99,25.61,0.86,9,22,7,73.46,B,0,Very engaging and informative,Positive
7947,Priya Patel,21,Female,1,39.61,0.04,6,37,9,53.92,D,0,Not useful at all,Negative
7948,Suresh Gupta,25,Male,0.91,33.11,1,5,46,5,82.53,B,0,Loved the teaching style,Positive
7949,Priya Das,20,Female,0.85,50.72,0.48,7,31,8,59.31,C,0,Can be improved,Neutral
7950,Karthik Singh,19,Male,1,38.28,0.89,6,48,1,80.09,B,0,Very engaging and informative,Positive
7951,Sneha Nair,19,Male,0.74,22.26,0.57,7,37,8,53.13,D,0,Not useful at all,Negative
7952,Divya Nair,24,Male,0.73,35.79,0.66,9,2,0,60.64,C,0,Normal learning experience,Neutral
7953,Rahul Reddy,29,Female,1,25.24,0.6,7,35,0,77.38,B,0,Loved the teaching style,Positive
7954,Meena Nair,18,Male,0.52,67.9,0.56,8,7,8,58.62,C,0,Can be improved,Neutral
7955,Kavya Iyer,25,Male,0.63,54.84,0.64,6,17,9,65.67,C,0,Okay course,Neutral
7956,Divya Verma,29,Female,1,41,1,6,2,5,78.56,B,0,Excellent platform for learning,Positive
7957,Sneha Verma,30,Female,0.65,23.59,0.64,3,11,3,52.57,D,0,Not useful at all,Negative
7958,Vijay Verma,29,Female,0.63,60.27,0.66,6,12,7,57.55,C,0,Normal learning experience,Neutral
7959,Ravi Patel,21,Female,0.77,54.44,0.62,9,48,1,80.06,B,0,Excellent platform for learning,Positive
7960,Karthik Gupta,19,Male,0.74,28.48,1,8,25,5,71.72,B,0,Helped me improve a lot,Positive
7961,Sneha Iyer,23,Male,0.86,49.4,0.15,4,2,4,47.78,D,0,Very confusing content,Negative
7962,Sneha Gupta,19,Male,0.56,21.45,0.53,4,30,3,49.67,D,0,Not useful at all,Negative
7963,Kavya Reddy,18,Female,0.7,79.43,0.21,6,44,6,52.95,D,0,Very confusing content,Negative
7964,Suresh Singh,21,Male,0.69,40.66,0.64,5,28,8,51.74,D,0,Waste of time,Negative
7965,Anjali Patel,23,Female,0.92,61.87,0.75,5,11,2,69,C,0,Okay course,Neutral
7966,Arun Patel,18,Male,0.91,39.75,0.33,3,45,6,44.98,D,0,Waste of time,Negative
7967,Kavya Iyer,28,Male,0.8,22.28,0.59,6,35,6,58.02,C,0,Normal learning experience,Neutral
7968,Ravi Verma,18,Male,0.89,47.57,0.22,8,25,1,53.82,D,0,Waste of time,Negative
7969,Karthik Patel,29,Female,0.66,58.76,1,7,25,8,75.34,B,0,Helped me improve a lot,Positive
7970,Rahul Nair,18,Male,0.8,45.71,0.92,3,40,7,63.49,C,0,Okay course,Neutral
7971,Anjali Nair,27,Female,1,39.68,0.71,6,35,4,73.33,B,0,Loved the teaching style,Positive
7972,Arun Gupta,29,Female,0.64,37.24,0.93,7,1,8,63.06,C,0,Okay course,Neutral
7973,Sneha Gupta,28,Female,1,22.08,0.69,6,34,2,70.42,B,0,Very engaging and informative,Positive
7974,Rahul Das,26,Male,0.66,45.05,0.31,6,34,9,52.63,D,0,Very confusing content,Negative
7975,Arun Sharma,30,Female,0.8,41.91,0.38,8,12,9,49.35,D,0,Too difficult to follow,Negative
7976,Divya Singh,30,Male,0.52,41.45,0.61,8,34,2,49.84,D,0,Waste of time,Negative
7977,Priya Kumar,28,Female,1,37.64,0.69,9,4,0,65.52,C,0,Okay course,Neutral
7978,Sneha Kumar,24,Female,0.28,55.3,0.77,5,47,8,57.87,C,0,Normal learning experience,Neutral
7979,Anjali Sharma,30,Male,0.76,32.86,0.85,3,26,3,71.73,B,0,Loved the teaching style,Positive
7980,Divya Kumar,23,Female,0.69,16.38,0.65,6,19,0,63.99,C,0,Can be improved,Neutral
7981,Rahul Iyer,26,Male,0.86,61.13,0.56,8,13,3,73.86,B,0,Very engaging and informative,Positive
7982,Divya Gupta,30,Male,0.8,47.93,0.97,5,45,2,77.96,B,0,Great course and very helpful,Positive
7983,Ravi Verma,28,Male,0.75,41.15,1,7,11,8,72.05,B,0,Excellent platform for learning,Positive
7984,Anjali Das,23,Female,0.58,30.24,0.71,5,1,9,52.17,D,0,Waste of time,Negative
7985,Ravi Iyer,25,Female,0.44,38.06,0.69,9,10,7,52.07,D,0,Too difficult to follow,Negative
7986,Priya Reddy,26,Male,0.79,33.61,0.88,8,42,5,76.58,B,0,Loved the teaching style,Positive
7987,Kavya Nair,25,Male,0.75,41.88,0.5,9,21,0,55.93,C,0,Average experience,Neutral
7988,Divya Nair,20,Female,0.93,5.01,0.58,6,14,3,46.43,D,0,Not useful at all,Negative
7989,Anjali Patel,24,Female,0.63,36.12,0.77,6,44,9,70.97,B,0,Helped me improve a lot,Positive
7990,Ravi Nair,25,Female,0.67,23.15,0.68,7,15,4,51.23,D,0,Very confusing content,Negative
7991,Suresh Sharma,28,Male,0.64,47.34,0.97,6,39,6,73.11,B,0,Very engaging and informative,Positive
7992,Vijay Sharma,20,Male,0.51,23.82,0.77,9,9,0,55.8,C,0,Nothing special,Neutral
7993,Divya Gupta,23,Female,0.61,44.97,0.63,8,47,5,56.89,C,0,Average experience,Neutral
7994,Sneha Patel,23,Female,0.45,56.75,0.93,8,1,8,55.23,C,0,Normal learning experience,Neutral
7995,Kavya Iyer,29,Female,0.89,13.87,0.66,9,33,3,67.11,C,0,Can be improved,Neutral
7996,Kavya Reddy,18,Female,1,42.11,0.59,7,8,0,65.83,C,0,Nothing special,Neutral
7997,Priya Das,19,Male,0.62,41.91,0.79,7,36,0,62.12,C,0,Can be improved,Neutral
7998,Rahul Sharma,23,Male,0.52,62.58,0.89,5,10,0,63.04,C,0,Nothing special,Neutral
7999,Priya Gupta,27,Male,0.87,14.83,0.62,9,48,1,69.7,C,0,Nothing special,Neutral
8000,Anjali Gupta,19,Female,0.49,65.87,0.73,6,6,6,59.82,C,0,Can be improved,Neutral
8001,Anjali Patel,26,Male,1,63.42,0.79,5,47,3,88.33,A,0,Loved the teaching style,Positive
8002,Vijay Reddy,20,Male,0.84,42.3,0.62,5,21,1,57.09,C,0,Normal learning experience,Neutral
8003,Meena Verma,19,Male,0.79,48.71,0.6,6,6,5,63.4,C,0,Nothing special,Neutral
8004,Kavya Patel,27,Male,1,35.39,0.83,8,7,2,69.62,C,0,Normal learning experience,Neutral
8005,Kavya Patel,20,Female,0.89,6.48,0.55,7,45,0,64.47,C,0,Okay course,Neutral
8006,Suresh Patel,18,Female,0.62,21.83,0.56,4,6,8,47.2,D,0,Too difficult to follow,Negative
8007,Priya Iyer,30,Female,0.83,38.71,0.56,4,1,5,55.12,C,0,Average experience,Neutral
8008,Suresh Das,18,Male,0.5,41.42,0.44,5,16,3,50.53,D,0,Waste of time,Negative
8009,Meena Das,18,Male,0.64,53.78,0.51,6,16,8,53.07,D,0,Not useful at all,Negative
8010,Arun Gupta,27,Female,0.49,39.48,0.63,5,39,3,47.35,D,0,Waste of time,Negative
8011,Karthik Reddy,29,Female,0.32,23.89,0.72,7,4,7,42.27,D,0,Very confusing content,Negative
8012,Sneha Das,24,Female,0.45,57.65,1,5,31,3,59.44,C,0,Average experience,Neutral
8013,Anjali Reddy,23,Male,1,37.72,0.73,7,45,5,69.52,C,0,Nothing special,Neutral
8014,Ravi Singh,19,Male,1,54.98,0.75,3,14,0,73.37,B,0,Very engaging and informative,Positive
8015,Suresh Iyer,25,Female,0.88,59.05,0.56,5,16,5,55.54,C,0,Okay course,Neutral
8016,Ravi Iyer,24,Female,1,45.79,0.65,6,42,6,76.08,B,0,Loved the teaching style,Positive
8017,Vijay Kumar,19,Female,0.75,40.81,0.85,4,18,8,66.15,C,0,Can be improved,Neutral
8018,Rahul Singh,19,Male,1,35.8,0.7,7,0,9,69.15,C,0,Can be improved,Neutral
8019,Vijay Iyer,28,Female,0.84,28.61,0.93,5,44,3,74.52,B,0,Excellent platform for learning,Positive
8020,Divya Singh,19,Male,0.85,53.33,0.62,9,33,4,70.23,B,0,Loved the teaching style,Positive
8021,Ravi Nair,28,Male,0.56,34.11,0.72,8,40,2,60.51,C,0,Can be improved,Neutral
8022,Divya Nair,18,Female,0.73,26.51,0.9,3,41,1,61.79,C,0,Can be improved,Neutral
8023,Anjali Verma,20,Male,0.63,58.86,0.54,9,16,2,68.73,C,0,Average experience,Neutral
8024,Karthik Singh,25,Female,0.61,55.67,0.56,6,2,5,48.18,D,0,Waste of time,Negative
8025,Karthik Kumar,20,Female,0.64,66.95,0.6,4,15,4,49.62,D,0,Too difficult to follow,Negative
8026,Suresh Gupta,24,Female,0.52,21.93,0.62,3,8,3,50.34,D,0,Not useful at all,Negative
8027,Ravi Singh,21,Female,0.87,49.61,1,3,46,5,81.56,B,0,Excellent platform for learning,Positive
8028,Arun Gupta,30,Female,0.7,37.72,0.75,7,1,2,47.64,D,0,Poor explanations,Negative
8029,Ravi Singh,26,Male,0.97,32.75,0.45,7,15,0,54.26,D,0,Very confusing content,Negative
8030,Divya Verma,20,Female,1,33.63,0.72,7,3,4,55.5,C,0,Normal learning experience,Neutral
8031,Anjali Patel,29,Male,0.58,59.24,0.51,5,1,9,49.57,D,0,Waste of time,Negative
8032,Anjali Iyer,27,Female,0.86,52.33,0.58,6,47,7,63.07,C,0,Okay course,Neutral
8033,Rahul Singh,30,Female,0.57,51.37,0.8,5,47,1,67.98,C,0,Okay course,Neutral
8034,Ravi Gupta,22,Female,1,26.8,0.57,7,46,5,69.16,C,0,Average experience,Neutral
8035,Vijay Gupta,25,Male,0.88,39.64,0.43,7,19,3,55.35,C,0,Okay course,Neutral
8036,Kavya Iyer,30,Male,0.93,27.83,0.39,6,41,3,57.85,C,0,Normal learning experience,Neutral
8037,Anjali Das,21,Female,0.61,23.58,0.54,3,37,4,55.79,C,0,Okay course,Neutral
8038,Sneha Singh,30,Female,0.58,34.25,0.76,6,13,5,56.78,C,0,Nothing special,Neutral
8039,Anjali Patel,19,Female,0.88,36.33,0.14,8,1,7,49.96,D,0,Waste of time,Negative
8040,Kavya Das,25,Male,0.48,33.49,0.22,5,41,2,44.38,D,0,Too difficult to follow,Negative
8041,Suresh Iyer,27,Female,0.78,41.16,0.56,9,33,0,63.54,C,0,Normal learning experience,Neutral
8042,Vijay Singh,23,Female,0.89,34.82,0.82,8,47,1,75.74,B,0,Loved the teaching style,Positive
8043,Arun Nair,23,Male,0.68,33.12,0.48,8,31,8,58.04,C,0,Okay course,Neutral
8044,Meena Reddy,21,Female,1,45.65,0.75,5,46,4,79.11,B,0,Very engaging and informative,Positive
8045,Karthik Kumar,23,Male,0.95,33.18,0.81,9,11,0,75.87,B,0,Helped me improve a lot,Positive
8046,Rahul Iyer,20,Male,0.89,20.12,0.57,4,35,0,60.14,C,0,Okay course,Neutral
8047,Divya Verma,27,Female,0.94,48.85,0.87,4,31,3,71.23,B,0,Excellent platform for learning,Positive
8048,Divya Nair,27,Male,0.71,24.72,1,7,20,8,68.05,C,0,Nothing special,Neutral
8049,Ravi Kumar,24,Female,0.69,58.75,0.54,3,14,9,40.16,D,0,Too difficult to follow,Negative
8050,Suresh Das,18,Male,0.56,20.5,0.46,7,1,2,44.98,D,0,Very confusing content,Negative
8051,Sneha Sharma,29,Male,0.63,33.26,0.65,3,2,7,59.24,C,0,Average experience,Neutral
8052,Ravi Verma,29,Male,0.77,43.47,0.71,6,22,6,61.66,C,0,Nothing special,Neutral
8053,Vijay Iyer,25,Female,0.9,47.06,0.74,7,7,6,76.04,B,0,Loved the teaching style,Positive
8054,Vijay Sharma,22,Female,0.74,24.22,0.91,7,11,8,59.64,C,0,Average experience,Neutral
8055,Suresh Kumar,26,Male,1,58.26,0.83,9,34,7,83.61,B,0,Very engaging and informative,Positive
8056,Karthik Patel,24,Male,0.73,48.57,0.61,9,37,7,64.45,C,0,Okay course,Neutral
8057,Vijay Nair,27,Female,1,28.27,0.66,4,14,3,59.7,C,0,Average experience,Neutral
8058,Vijay Patel,25,Female,0.74,28.69,0.8,6,34,9,65.28,C,0,Okay course,Neutral
8059,Vijay Sharma,27,Male,0.77,5.56,0.78,8,39,9,46.88,D,0,Poor explanations,Negative
8060,Rahul Nair,22,Female,0.98,29.73,0.61,7,17,6,69.12,C,0,Nothing special,Neutral
8061,Rahul Das,24,Female,0.98,29.4,0.69,4,9,4,62.84,C,0,Okay course,Neutral
8062,Vijay Nair,24,Male,0.7,35.07,1,4,2,5,59.03,C,0,Normal learning experience,Neutral
8063,Karthik Gupta,19,Male,0.84,41.2,0.37,3,11,2,54.35,D,0,Very confusing content,Negative
8064,Divya Kumar,18,Male,0.61,52.29,0.67,8,33,8,56.13,C,0,Normal learning experience,Neutral
8065,Vijay Kumar,22,Female,0.84,80.32,0.78,9,7,7,78.12,B,0,Excellent platform for learning,Positive
8066,Suresh Nair,20,Male,0.95,30.91,0.65,9,19,7,75.95,B,0,Helped me improve a lot,Positive
8067,Karthik Kumar,19,Female,0.98,44.75,0.44,8,31,0,66.23,C,0,Okay course,Neutral
8068,Ravi Das,21,Male,0.98,54.09,0.91,3,28,7,78.75,B,0,Excellent platform for learning,Positive
8069,Meena Patel,26,Male,1,77.13,0.66,3,17,9,73.09,B,0,Very engaging and informative,Positive
8070,Vijay Reddy,28,Female,0.61,66.55,0.79,8,43,7,74.84,B,0,Excellent platform for learning,Positive
8071,Rahul Nair,26,Male,0.57,31.55,0.79,8,20,5,66.29,C,0,Can be improved,Neutral
8072,Kavya Nair,19,Female,0.7,13.3,0.7,6,48,0,60.36,C,0,Can be improved,Neutral
8073,Priya Gupta,21,Female,0.85,56.55,0.81,9,9,8,75.03,B,0,Helped me improve a lot,Positive
8074,Rahul Gupta,22,Male,0.79,43.06,1,9,10,1,74.81,B,0,Excellent platform for learning,Positive
8075,Priya Patel,29,Female,0.72,14.63,0.39,7,49,5,52.07,D,0,Too difficult to follow,Negative
8076,Rahul Das,20,Female,1,26.17,0.9,8,34,0,72.07,B,0,Great course and very helpful,Positive
8077,Kavya Patel,27,Male,0.51,33.86,0.58,9,46,1,55.42,C,0,Okay course,Neutral
8078,Priya Iyer,29,Male,0.9,60.81,0.63,8,1,7,67.61,C,0,Normal learning experience,Neutral
8079,Suresh Nair,19,Female,0.93,54.21,0.64,8,24,8,76.18,B,0,Helped me improve a lot,Positive
8080,Rahul Singh,19,Male,1,62.73,0.71,3,28,1,70.28,B,0,Loved the teaching style,Positive
8081,Kavya Iyer,27,Male,0.89,20.59,0.7,8,44,6,76.04,B,0,Helped me improve a lot,Positive
8082,Rahul Gupta,19,Male,0.85,-2.24,1,9,24,1,65.13,C,0,Can be improved,Neutral
8083,Vijay Das,21,Male,0.77,44.75,0.69,7,42,6,70.52,B,0,Loved the teaching style,Positive
8084,Arun Singh,26,Male,0.67,60.65,0.8,3,12,0,60.87,C,0,Okay course,Neutral
8085,Meena Verma,25,Female,0.95,24.34,0.65,5,32,0,61.11,C,0,Average experience,Neutral
8086,Ravi Iyer,25,Male,0.95,14.85,0.84,8,25,9,76.25,B,0,Excellent platform for learning,Positive
8087,Divya Sharma,24,Female,0.91,7.81,0.67,4,24,0,51.27,D,0,Not useful at all,Negative
8088,Priya Nair,23,Male,0.89,39.8,0.54,4,13,3,55.51,C,0,Average experience,Neutral
8089,Priya Verma,29,Female,0.46,39.79,0.69,5,3,5,45.56,D,0,Too difficult to follow,Negative
8090,Karthik Nair,30,Female,0.63,18.38,0.68,5,10,6,52.61,D,0,Very confusing content,Negative
8091,Ravi Verma,27,Male,0.98,26.59,0.58,7,2,7,69.02,C,0,Average experience,Neutral
8092,Suresh Das,22,Male,0.9,48.58,0.65,5,20,5,65.19,C,0,Nothing special,Neutral
8093,Ravi Gupta,25,Male,1,46.4,1,4,24,3,80.73,B,0,Excellent platform for learning,Positive
8094,Kavya Sharma,25,Female,0.66,47.78,0.44,9,23,3,46.5,D,0,Very confusing content,Negative
8095,Anjali Sharma,29,Male,0.76,67.38,0.42,9,23,1,58.06,C,0,Normal learning experience,Neutral
8096,Vijay Patel,29,Male,0.76,14.72,0.47,9,19,6,47.63,D,0,Waste of time,Negative
8097,Rahul Reddy,30,Male,0.76,37.53,1,6,0,1,67.93,C,0,Nothing special,Neutral
8098,Vijay Iyer,22,Male,1,50.26,0.31,3,24,6,59.56,C,0,Normal learning experience,Neutral
8099,Anjali Nair,28,Male,0.86,13.94,0.56,6,44,0,57.95,C,0,Okay course,Neutral
8100,Sneha Kumar,29,Female,1,64.97,0.76,6,49,9,76.57,B,0,Loved the teaching style,Positive
8101,Anjali Patel,26,Male,0.44,80.49,0.64,7,22,4,58.42,C,0,Average experience,Neutral
8102,Suresh Gupta,19,Male,0.68,41.62,0.52,5,35,4,54.28,D,0,Waste of time,Negative
8103,Vijay Nair,25,Female,0.54,65.11,0.57,7,24,5,65.83,C,0,Average experience,Neutral
8104,Ravi Iyer,28,Male,0.64,30.19,0.69,7,34,0,59.9,C,0,Normal learning experience,Neutral
8105,Kavya Nair,27,Female,0.85,35.2,0.55,7,36,0,58.62,C,0,Can be improved,Neutral
8106,Suresh Singh,25,Female,0.39,35.49,0.61,7,6,5,51.21,D,0,Waste of time,Negative
8107,Ravi Das,18,Female,0.92,54.42,0.55,5,3,0,57.81,C,0,Nothing special,Neutral
8108,Divya Reddy,25,Male,0.82,38.84,0.66,6,42,0,66.92,C,0,Can be improved,Neutral
8109,Divya Gupta,24,Male,0.7,28.34,0.86,5,14,7,58.43,C,0,Okay course,Neutral
8110,Meena Iyer,24,Female,0.73,17.55,0.84,3,1,0,53.4,D,0,Too difficult to follow,Negative
8111,Sneha Das,18,Female,1,48.6,0.82,9,6,5,74.51,B,0,Very engaging and informative,Positive
8112,Sneha Kumar,29,Female,0.68,51.36,0.55,8,44,7,62.57,C,0,Okay course,Neutral
8113,Priya Verma,24,Male,0.71,27.55,1,7,2,0,64.62,C,0,Can be improved,Neutral
8114,Ravi Reddy,18,Male,1,47.74,0.82,7,49,0,81.23,B,0,Loved the teaching style,Positive
8115,Divya Iyer,22,Male,0.99,34.24,0.84,3,45,5,66.83,C,0,Nothing special,Neutral
8116,Anjali Kumar,25,Female,0.97,44.12,0.9,3,17,9,72.04,B,0,Very engaging and informative,Positive
8117,Ravi Patel,26,Male,0.66,37.38,1,6,14,1,66.87,C,0,Normal learning experience,Neutral
8118,Arun Verma,29,Female,0.77,37.41,0.72,8,37,7,65.97,C,0,Normal learning experience,Neutral
8119,Rahul Gupta,25,Female,0.82,40.92,0.85,8,37,8,72.66,B,0,Loved the teaching style,Positive
8120,Divya Das,22,Female,0.84,25.28,0.73,5,14,5,63.67,C,0,Okay course,Neutral
8121,Suresh Verma,23,Female,0.66,47.77,0.71,4,31,0,61.1,C,0,Normal learning experience,Neutral
8122,Kavya Reddy,18,Male,0.8,54.07,0.77,5,16,7,60.64,C,0,Average experience,Neutral
8123,Ravi Kumar,22,Male,0.88,0.06,0.81,6,39,8,66.08,C,0,Can be improved,Neutral
8124,Karthik Das,28,Female,0.85,11.07,0.76,8,14,5,58.6,C,0,Average experience,Neutral
8125,Anjali Reddy,19,Male,0.63,52.17,0.93,3,45,6,70.14,B,0,Excellent platform for learning,Positive
8126,Karthik Iyer,28,Male,0.48,34.02,0.64,9,39,8,46.42,D,0,Very confusing content,Negative
8127,Arun Verma,29,Male,0.91,36.15,0.5,9,44,9,69.97,C,0,Normal learning experience,Neutral
8128,Meena Das,18,Female,0.85,43.24,0.57,6,1,9,48.93,D,0,Poor explanations,Negative
8129,Ravi Gupta,26,Male,0.75,61.68,1,5,31,9,75.44,B,0,Loved the teaching style,Positive
8130,Rahul Iyer,26,Female,0.62,46.94,0.63,7,32,4,60.04,C,0,Average experience,Neutral
8131,Divya Reddy,26,Female,1,52.72,0.91,3,46,0,76.33,B,0,Great course and very helpful,Positive
8132,Divya Sharma,23,Female,0.7,42.5,0.73,4,5,9,55.46,C,0,Average experience,Neutral
8133,Sneha Reddy,24,Male,0.58,33.12,0.41,4,35,9,42.73,D,0,Waste of time,Negative
8134,Rahul Patel,30,Female,0.92,52.85,0.97,7,39,1,77.1,B,0,Helped me improve a lot,Positive
8135,Arun Sharma,18,Male,1,48.37,0.88,5,42,2,73.71,B,0,Excellent platform for learning,Positive
8136,Divya Verma,18,Male,0.68,53.45,0.65,7,41,5,71.72,B,0,Very engaging and informative,Positive
8137,Priya Das,25,Male,0.58,28.55,0.72,6,31,7,59.22,C,0,Okay course,Neutral
8138,Meena Kumar,30,Female,0.6,59.52,0.73,7,8,5,64.3,C,0,Can be improved,Neutral
8139,Divya Kumar,19,Male,0.91,52.24,0.84,5,2,9,71.88,B,0,Very engaging and informative,Positive
8140,Anjali Verma,30,Female,1,38.31,0.36,5,48,2,69.27,C,0,Average experience,Neutral
8141,Priya Singh,27,Female,0.39,20.81,0.67,8,24,2,44.6,D,0,Waste of time,Negative
8142,Karthik Iyer,23,Male,0.76,29.9,1,5,17,2,66.21,C,0,Nothing special,Neutral
8143,Divya Kumar,23,Female,1,42.68,0.88,7,5,9,76.54,B,0,Great course and very helpful,Positive
8144,Arun Das,30,Male,0.77,40.42,0.18,8,29,2,47.91,D,0,Too difficult to follow,Negative
8145,Kavya Gupta,27,Female,0.82,36.82,0.61,9,43,0,68.64,C,0,Normal learning experience,Neutral
8146,Vijay Sharma,29,Female,0.92,35.36,0.79,6,15,9,77.91,B,0,Very engaging and informative,Positive
8147,Rahul Kumar,25,Female,0.79,32.71,0.65,8,20,9,62.17,C,0,Normal learning experience,Neutral
8148,Meena Das,22,Male,0.79,40.1,1,6,14,0,59.32,C,0,Nothing special,Neutral
8149,Priya Kumar,28,Male,0.64,19.25,0.92,4,30,7,60.05,C,0,Average experience,Neutral
8150,Priya Singh,29,Male,0.69,23,0.64,8,24,6,51.1,D,0,Too difficult to follow,Negative
8151,Rahul Nair,19,Female,0.83,41.62,0.99,8,34,1,70.44,B,0,Excellent platform for learning,Positive
8152,Kavya Reddy,30,Male,0.43,63.55,1,7,44,8,73.06,B,0,Great course and very helpful,Positive
8153,Kavya Nair,20,Female,0.55,51.2,0.89,9,39,3,74.09,B,0,Excellent platform for learning,Positive
8154,Rahul Singh,28,Male,0.71,43.84,0.73,4,31,2,57.26,C,0,Normal learning experience,Neutral
8155,Vijay Nair,28,Male,0.31,21.22,0.62,6,40,1,47.19,D,0,Not useful at all,Negative
8156,Divya Gupta,28,Female,1,51.25,0.69,7,25,3,65.13,C,0,Normal learning experience,Neutral
8157,Anjali Sharma,20,Female,0.55,35.8,0.86,4,8,2,56.56,C,0,Average experience,Neutral
8158,Ravi Sharma,23,Male,0.46,46.02,0.46,7,18,2,49.17,D,0,Not useful at all,Negative
8159,Suresh Reddy,22,Female,1,51.55,0.69,4,37,2,72.35,B,0,Very engaging and informative,Positive
8160,Karthik Iyer,26,Male,0.7,25.13,1,6,1,9,59.48,C,0,Nothing special,Neutral
8161,Rahul Reddy,30,Male,0.85,18.22,0.69,7,15,4,61.11,C,0,Nothing special,Neutral
8162,Vijay Reddy,18,Male,0.83,36.6,0.66,8,46,4,72.11,B,0,Very engaging and informative,Positive
8163,Ravi Nair,26,Male,0.79,9.85,0.36,8,16,8,56.7,C,0,Normal learning experience,Neutral
8164,Karthik Verma,20,Female,0.5,23.85,0.48,4,3,3,39.42,Fail,0,Very confusing content,Negative
8165,Karthik Patel,20,Male,0.57,53.94,0.86,6,34,3,78.5,B,0,Loved the teaching style,Positive
8166,Arun Nair,18,Male,0.76,45.36,0.82,6,11,0,55.37,C,0,Normal learning experience,Neutral
8167,Anjali Iyer,29,Male,0.6,26.4,0.93,9,23,6,63.72,C,0,Can be improved,Neutral
8168,Rahul Verma,27,Female,0.67,37.64,0.6,3,5,0,48.62,D,0,Not useful at all,Negative
8169,Rahul Sharma,20,Male,0.69,24.43,0.73,5,3,5,51.66,D,0,Waste of time,Negative
8170,Suresh Singh,20,Female,0.8,21.07,0.97,9,24,9,66.98,C,0,Nothing special,Neutral
8171,Rahul Nair,21,Male,0.95,42.64,0.81,6,29,3,78.08,B,0,Loved the teaching style,Positive
8172,Rahul Reddy,18,Female,0.84,19.77,0.22,6,17,5,44.5,D,0,Waste of time,Negative
8173,Anjali Nair,19,Female,0.61,29.83,0.68,9,23,8,61.58,C,0,Okay course,Neutral
8174,Priya Sharma,26,Male,0.76,40.56,1,8,46,0,79,B,0,Great course and very helpful,Positive
8175,Sneha Reddy,28,Female,0.32,21.12,0.8,5,0,9,38.54,Fail,0,Very confusing content,Negative
8176,Priya Patel,26,Female,0.64,16.89,0.73,3,2,1,52.97,D,0,Not useful at all,Negative
8177,Vijay Verma,23,Male,0.63,32.47,0.75,9,9,8,57.04,C,0,Okay course,Neutral
8178,Karthik Reddy,24,Male,1,36.16,0.66,9,37,9,67.85,C,0,Normal learning experience,Neutral
8179,Ravi Nair,21,Female,0.61,28.85,0.68,5,33,0,57.35,C,0,Can be improved,Neutral
8180,Vijay Patel,18,Male,0.89,35.84,1,3,5,1,77.64,B,0,Helped me improve a lot,Positive
8181,Suresh Patel,26,Male,0.67,20.24,0.59,7,19,8,54.6,D,0,Very confusing content,Negative
8182,Ravi Nair,30,Female,0.78,33.53,0.79,7,45,7,73.15,B,0,Loved the teaching style,Positive
8183,Kavya Nair,26,Male,0.82,30.34,0.64,7,4,1,62.09,C,0,Average experience,Neutral
8184,Arun Reddy,19,Male,0.64,52.5,0.44,3,47,1,51.96,D,0,Not useful at all,Negative
8185,Karthik Reddy,18,Male,0.78,56.54,0.55,5,40,2,66.27,C,0,Okay course,Neutral
8186,Ravi Nair,29,Male,0.55,44.71,0.68,5,47,3,63.39,C,0,Average experience,Neutral
8187,Anjali Das,21,Male,0.47,53.45,0.84,5,25,2,50.34,D,0,Poor explanations,Negative
8188,Vijay Sharma,29,Male,0.96,19.6,1,4,4,3,59.12,C,0,Can be improved,Neutral
8189,Arun Gupta,18,Female,1,14.8,0.69,3,27,5,58.97,C,0,Normal learning experience,Neutral
8190,Karthik Iyer,24,Male,0.57,27.23,0.61,6,7,4,40.28,D,0,Waste of time,Negative
8191,Divya Sharma,24,Male,0.59,35.25,0.48,4,46,0,53.1,D,0,Waste of time,Negative
8192,Anjali Verma,24,Male,0.68,7.27,0.83,6,35,4,65.57,C,0,Normal learning experience,Neutral
8193,Ravi Iyer,26,Female,0.82,45.27,0.83,7,27,0,73.72,B,0,Excellent platform for learning,Positive
8194,Sneha Gupta,26,Male,0.45,8.07,0.69,7,2,8,51.75,D,1,Too difficult to follow,Negative
8195,Priya Patel,29,Male,0.75,36.64,0.49,9,7,7,56.9,C,0,Average experience,Neutral
8196,Karthik Kumar,25,Male,0.36,48.26,0.63,3,10,1,47.77,D,0,Poor explanations,Negative
8197,Anjali Reddy,18,Male,0.74,36.85,1,9,20,0,73.37,B,0,Loved the teaching style,Positive
8198,Divya Patel,26,Male,0.68,48.02,0.53,3,27,4,53.73,D,0,Too difficult to follow,Negative
8199,Karthik Das,18,Female,0.58,53.82,0.63,9,43,7,62.75,C,0,Can be improved,Neutral
8200,Suresh Nair,26,Male,0.55,47.17,0.5,6,33,0,51.67,D,0,Too difficult to follow,Negative
8201,Suresh Das,21,Male,0.97,30.89,0.92,9,22,2,83.59,B,0,Great course and very helpful,Positive
8202,Vijay Sharma,19,Male,0.57,49.57,0.92,4,34,3,63.25,C,0,Normal learning experience,Neutral
8203,Ravi Singh,30,Female,1,28.83,0.64,5,44,3,68.1,C,0,Average experience,Neutral
8204,Divya Verma,28,Female,1,50.76,0.77,6,20,7,82.5,B,0,Excellent platform for learning,Positive
8205,Anjali Iyer,19,Male,1,60.45,0.7,4,38,4,74.35,B,0,Loved the teaching style,Positive
8206,Meena Kumar,25,Male,0.54,37.75,0.26,4,22,0,34.73,Fail,0,Very confusing content,Negative
8207,Rahul Verma,27,Male,0.77,48.8,0.9,8,16,5,71.45,B,0,Great course and very helpful,Positive
8208,Meena Singh,30,Female,0.78,18.44,0.6,4,36,0,50.5,D,0,Too difficult to follow,Negative
8209,Karthik Das,27,Male,0.44,38.13,0.93,9,34,6,56.73,C,0,Can be improved,Neutral
8210,Rahul Patel,30,Female,0.96,48.17,0.85,7,6,9,75.15,B,0,Loved the teaching style,Positive
8211,Rahul Iyer,22,Male,0.72,52.62,0.21,8,13,4,36.06,Fail,0,Too difficult to follow,Negative
8212,Sneha Reddy,27,Male,0.5,18.42,0.63,7,26,7,48.65,D,0,Not useful at all,Negative
8213,Sneha Singh,22,Female,0.85,49.21,0.73,8,28,0,78.75,B,0,Loved the teaching style,Positive
8214,Anjali Iyer,23,Female,0.78,46.23,0.88,7,23,3,75.25,B,0,Helped me improve a lot,Positive
8215,Kavya Nair,25,Female,0.82,58.91,0.76,8,49,5,73.07,B,0,Excellent platform for learning,Positive
8216,Anjali Gupta,29,Male,0.64,53.83,1,5,8,8,61.94,C,0,Nothing special,Neutral
8217,Suresh Singh,21,Female,0.84,36.18,0.76,5,6,8,65.16,C,0,Normal learning experience,Neutral
8218,Anjali Nair,27,Female,0.77,29.21,0.76,6,8,3,57.9,C,0,Can be improved,Neutral
8219,Meena Singh,29,Male,0.79,47.83,0.74,8,22,3,64.39,C,0,Normal learning experience,Neutral
8220,Sneha Reddy,30,Male,0.92,26.59,0.76,9,21,7,80.16,B,0,Excellent platform for learning,Positive
8221,Anjali Sharma,30,Male,0.63,34.5,0.86,7,39,3,62.89,C,0,Normal learning experience,Neutral
8222,Ravi Sharma,30,Male,0.66,28.09,0.54,5,49,2,60.39,C,0,Normal learning experience,Neutral
8223,Suresh Nair,21,Male,0.66,43.38,0.68,7,7,3,54.16,D,0,Not useful at all,Negative
8224,Anjali Kumar,30,Male,0.71,31.89,0.88,4,13,5,56.34,C,0,Nothing special,Neutral
8225,Vijay Sharma,28,Male,1,33.67,0.44,3,24,2,54.39,D,0,Too difficult to follow,Negative
8226,Sneha Sharma,28,Male,0.62,39.58,1,4,1,8,60.45,C,0,Average experience,Neutral
8227,Ravi Sharma,23,Male,0.83,43.84,0.58,8,6,8,64.63,C,0,Normal learning experience,Neutral
8228,Divya Das,18,Female,0.6,35.81,0.22,5,20,9,40.41,D,0,Not useful at all,Negative
8229,Meena Das,24,Female,0.72,27.37,0.92,8,7,4,69.11,C,0,Nothing special,Neutral
8230,Anjali Sharma,19,Female,0.74,31.66,0.56,4,7,7,50.34,D,0,Not useful at all,Negative
8231,Kavya Kumar,30,Female,0.94,19.3,0.49,7,15,8,63.13,C,0,Can be improved,Neutral
8232,Sneha Nair,29,Female,0.52,41.11,0.85,7,2,7,52.19,D,0,Waste of time,Negative
8233,Sneha Sharma,30,Male,0.88,29.93,0.66,3,9,1,55.24,C,0,Okay course,Neutral
8234,Arun Singh,25,Female,0.81,62.32,0.41,6,20,0,62.02,C,0,Okay course,Neutral
8235,Arun Iyer,26,Male,0.51,44.76,0.63,7,8,7,54.64,D,0,Poor explanations,Negative
8236,Karthik Patel,25,Male,0.57,40.15,0.73,6,19,1,57.87,C,0,Okay course,Neutral
8237,Suresh Verma,29,Male,0.92,72.92,1,3,6,0,75.39,B,0,Excellent platform for learning,Positive
8238,Ravi Reddy,27,Female,0.58,37.22,0.98,5,43,0,65.79,C,0,Can be improved,Neutral
8239,Arun Reddy,18,Female,0.79,21.15,0.47,7,48,0,50.67,D,0,Too difficult to follow,Negative
8240,Ravi Sharma,28,Female,1,28.36,0.39,7,42,4,52.86,D,0,Very confusing content,Negative
8241,Sneha Reddy,25,Male,0.63,57.58,0.57,4,32,3,51.71,D,0,Waste of time,Negative
8242,Sneha Patel,30,Male,0.92,37.49,0.65,6,47,4,67.16,C,0,Can be improved,Neutral
8243,Kavya Verma,23,Male,0.67,42.64,0.81,7,16,6,57.35,C,0,Okay course,Neutral
8244,Karthik Kumar,18,Male,0.95,32.25,0.69,5,14,5,64.3,C,0,Can be improved,Neutral
8245,Sneha Singh,19,Female,0.64,38.08,1,7,30,2,69.36,C,0,Nothing special,Neutral
8246,Vijay Das,20,Female,0.69,39.64,0.85,3,15,8,59.86,C,0,Can be improved,Neutral
8247,Anjali Gupta,23,Female,0.95,28.39,0.97,6,31,9,73.64,B,0,Very engaging and informative,Positive
8248,Karthik Das,21,Male,1,45.62,0.88,3,13,3,77.45,B,0,Loved the teaching style,Positive
8249,Suresh Reddy,19,Male,1,25.35,0.89,6,24,0,68.86,C,0,Okay course,Neutral
8250,Suresh Kumar,29,Male,0.81,49.87,0.37,8,39,7,59.12,C,0,Okay course,Neutral
8251,Kavya Singh,18,Male,0.82,44.77,0.43,3,22,8,47.53,D,0,Very confusing content,Negative
8252,Meena Sharma,28,Female,0.68,41.07,0.47,9,2,8,51.2,D,0,Not useful at all,Negative
8253,Rahul Nair,20,Male,0.93,30.46,0.92,7,34,5,71.91,B,0,Loved the teaching style,Positive
8254,Anjali Nair,29,Male,0.45,66.43,0.59,9,38,8,57.41,C,0,Can be improved,Neutral
8255,Arun Sharma,25,Male,0.36,29.1,0.93,6,33,4,55.83,C,0,Normal learning experience,Neutral
8256,Sneha Sharma,30,Male,0.99,40.37,0.58,6,19,1,66.57,C,0,Average experience,Neutral
8257,Suresh Reddy,28,Female,0.51,26.17,0.75,5,39,4,53.13,D,0,Waste of time,Negative
8258,Vijay Gupta,25,Female,0.79,23.67,0.73,8,32,3,66.9,C,0,Okay course,Neutral
8259,Karthik Gupta,23,Male,0.7,39.4,1,3,18,7,63.11,C,0,Okay course,Neutral
8260,Rahul Kumar,18,Male,0.95,32.47,0.78,4,22,9,66.36,C,0,Average experience,Neutral
8261,Sneha Gupta,25,Male,0.75,35.58,0.73,3,47,0,62.36,C,0,Average experience,Neutral
8262,Karthik Iyer,18,Female,0.98,45.4,0.76,4,35,5,66.28,C,0,Can be improved,Neutral
8263,Karthik Sharma,23,Female,0.76,34.85,0.58,4,44,2,60.11,C,0,Average experience,Neutral
8264,Meena Verma,27,Male,0.86,74.17,0.74,9,33,8,87.35,A,0,Very engaging and informative,Positive
8265,Ravi Sharma,28,Male,0.75,34.49,0.81,3,40,7,67.61,C,0,Nothing special,Neutral
8266,Kavya Sharma,26,Male,0.46,14.17,0.52,7,5,2,38.12,Fail,1,Very confusing content,Negative
8267,Sneha Kumar,22,Female,0.33,49.28,0.63,5,24,2,50.2,D,0,Poor explanations,Negative
8268,Karthik Iyer,28,Male,0.55,56.61,0.49,4,29,2,46.46,D,0,Poor explanations,Negative
8269,Suresh Verma,24,Female,0.79,39.3,0.73,6,5,1,63.15,C,0,Okay course,Neutral
8270,Meena Singh,26,Male,1,53.34,0.77,8,29,9,78.11,B,0,Helped me improve a lot,Positive
8271,Suresh Sharma,18,Male,1,40.7,0.91,9,4,3,78.84,B,0,Great course and very helpful,Positive
8272,Rahul Kumar,20,Male,0.49,69.25,1,6,27,4,64.99,C,0,Can be improved,Neutral
8273,Arun Reddy,27,Female,0.69,36.33,0.9,4,9,6,54.9,D,0,Waste of time,Negative
8274,Suresh Nair,26,Female,0.89,48.66,0.44,5,44,8,57.6,C,0,Average experience,Neutral
8275,Arun Singh,18,Male,0.71,29.75,1,3,29,1,68.94,C,0,Can be improved,Neutral
8276,Divya Singh,19,Female,0.47,45.27,0.84,6,32,3,64.35,C,0,Average experience,Neutral
8277,Ravi Reddy,27,Male,0.67,30.5,0.86,8,29,6,62.27,C,0,Normal learning experience,Neutral
8278,Divya Kumar,20,Male,0.69,39.69,0.48,7,6,4,51.32,D,0,Too difficult to follow,Negative
8279,Kavya Sharma,19,Female,0.64,50.51,0.59,3,14,6,49.64,D,0,Poor explanations,Negative
8280,Priya Sharma,29,Female,1,51.09,0.79,5,34,9,78.94,B,0,Excellent platform for learning,Positive
8281,Priya Sharma,22,Male,0.58,15.27,0.46,7,37,6,54.09,D,0,Very confusing content,Negative
8282,Vijay Iyer,30,Female,0.55,58.49,0.62,5,49,9,55.91,C,0,Normal learning experience,Neutral
8283,Sneha Verma,23,Female,0.92,27.76,0.29,8,43,0,55.82,C,0,Normal learning experience,Neutral
8284,Sneha Singh,26,Male,0.96,31.28,1,8,31,7,75.04,B,0,Great course and very helpful,Positive
8285,Arun Sharma,25,Female,0.77,33.57,0.4,8,3,0,40.83,D,0,Waste of time,Negative
8286,Anjali Patel,25,Male,0.61,45.17,0.86,9,1,7,56.08,C,0,Normal learning experience,Neutral
8287,Priya Reddy,19,Female,0.93,77.96,0.63,9,15,9,84.38,B,0,Excellent platform for learning,Positive
8288,Kavya Patel,19,Male,0.23,16.18,0.63,3,8,9,35.59,Fail,1,Not useful at all,Negative
8289,Suresh Nair,22,Male,0.8,51.54,0.77,4,11,9,67.49,C,0,Can be improved,Neutral
8290,Priya Reddy,30,Female,0.78,62.42,0.44,3,8,8,46.21,D,0,Very confusing content,Negative
8291,Sneha Nair,24,Female,0.89,62.13,0.86,6,25,7,68.99,C,0,Normal learning experience,Neutral
8292,Rahul Patel,30,Male,0.83,49.35,0.56,8,23,2,64.44,C,0,Okay course,Neutral
8293,Divya Kumar,28,Male,0.78,29.66,0.87,8,33,6,66.4,C,0,Okay course,Neutral
8294,Priya Singh,30,Male,0.54,40.74,0.73,4,34,3,58.82,C,0,Normal learning experience,Neutral
8295,Vijay Sharma,28,Female,0.7,54.99,0.43,4,48,7,58.81,C,0,Normal learning experience,Neutral
8296,Suresh Gupta,20,Male,0.47,52.53,0.65,7,33,3,60.67,C,0,Can be improved,Neutral
8297,Ravi Nair,21,Female,1,32.78,0.59,9,19,6,73.24,B,0,Excellent platform for learning,Positive
8298,Divya Sharma,26,Female,0.83,37.54,0.64,3,47,4,60.54,C,0,Nothing special,Neutral
8299,Karthik Kumar,30,Female,1,37.74,0.59,6,4,6,60.56,C,0,Normal learning experience,Neutral
8300,Vijay Iyer,24,Male,0.76,48.55,0.58,3,8,0,61.9,C,0,Can be improved,Neutral
8301,Meena Reddy,18,Female,0.84,37.02,0.41,7,30,4,57.66,C,0,Can be improved,Neutral
8302,Anjali Patel,28,Male,1,40.56,0.84,5,19,0,74.23,B,0,Very engaging and informative,Positive
8303,Rahul Sharma,28,Female,0.99,46.93,0.98,9,12,2,81.65,B,0,Helped me improve a lot,Positive
8304,Rahul Gupta,20,Male,0.76,44.28,0.8,3,0,2,58.56,C,0,Normal learning experience,Neutral
8305,Sneha Das,23,Female,1,30.37,0.64,4,40,5,69.59,C,0,Can be improved,Neutral
8306,Meena Iyer,25,Female,0.63,30.79,0.84,6,31,7,70.84,B,0,Great course and very helpful,Positive
8307,Karthik Sharma,18,Male,0.62,58.74,0.8,9,9,6,72.26,B,0,Very engaging and informative,Positive
8308,Karthik Nair,30,Male,0.62,28.07,0.69,5,15,3,48.67,D,0,Waste of time,Negative
8309,Anjali Nair,19,Female,0.72,32.29,0.48,3,0,9,36.81,Fail,0,Waste of time,Negative
8310,Arun Iyer,21,Female,0.8,28.03,0.61,8,23,9,62.63,C,0,Can be improved,Neutral
8311,Vijay Verma,26,Female,0.95,25.28,0.6,6,43,4,68.55,C,0,Average experience,Neutral
8312,Vijay Kumar,28,Male,0.76,38.8,0.95,9,48,7,85.13,A,0,Helped me improve a lot,Positive
8313,Meena Singh,25,Female,0.62,16.63,0.75,6,5,1,54.18,D,0,Poor explanations,Negative
8314,Priya Reddy,27,Female,0.74,67.13,0.85,3,47,0,73.21,B,0,Loved the teaching style,Positive
8315,Kavya Nair,23,Female,0.45,48.24,0.68,6,3,8,60.15,C,0,Can be improved,Neutral
8316,Arun Reddy,22,Male,0.95,49.95,1,4,23,9,72.05,B,0,Excellent platform for learning,Positive
8317,Ravi Sharma,19,Male,0.81,42.04,0.77,9,8,7,69.46,C,0,Nothing special,Neutral
8318,Divya Sharma,26,Female,0.37,56.16,0.81,9,11,7,56.87,C,0,Nothing special,Neutral
8319,Karthik Sharma,20,Female,0.8,28.91,0.75,5,42,1,61.64,C,0,Average experience,Neutral
8320,Rahul Gupta,29,Male,0.56,34.11,0.85,4,11,9,49.87,D,0,Waste of time,Negative
8321,Divya Singh,22,Male,0.28,52.93,1,9,48,3,73.91,B,0,Loved the teaching style,Positive
8322,Sneha Nair,29,Male,1,20.67,0.82,9,30,4,71.57,B,0,Excellent platform for learning,Positive
8323,Arun Gupta,25,Male,0.72,35.67,0.92,9,17,1,69.71,C,0,Can be improved,Neutral
8324,Divya Reddy,21,Female,0.81,55.78,0.77,9,18,8,63.62,C,0,Okay course,Neutral
8325,Priya Das,26,Male,0.83,52.49,0.56,3,11,3,47.15,D,0,Too difficult to follow,Negative
8326,Kavya Singh,25,Male,1,48.21,0.83,5,32,4,77.01,B,0,Great course and very helpful,Positive
8327,Sneha Singh,19,Female,0.69,37.01,0.99,4,42,5,73.99,B,0,Excellent platform for learning,Positive
8328,Vijay Nair,23,Female,0.65,71.75,0.54,7,36,6,64.64,C,0,Average experience,Neutral
8329,Arun Kumar,22,Male,0.98,54.14,0.54,5,15,3,66.01,C,0,Normal learning experience,Neutral
8330,Kavya Nair,30,Female,0.6,68.06,0.86,7,13,1,66.79,C,0,Normal learning experience,Neutral
8331,Suresh Patel,26,Male,1,24.43,0.04,5,33,1,43.79,D,0,Too difficult to follow,Negative
8332,Suresh Sharma,23,Male,1,52.6,0.94,8,4,2,80.98,B,0,Very engaging and informative,Positive
8333,Meena Singh,28,Female,0.52,39.8,0.75,7,11,7,56.06,C,0,Normal learning experience,Neutral
8334,Sneha Iyer,21,Male,0.79,29.06,1,4,17,7,61.79,C,0,Average experience,Neutral
8335,Priya Sharma,23,Male,0.64,35.99,0.52,5,32,6,46.41,D,0,Waste of time,Negative
8336,Vijay Gupta,21,Female,0.43,28.9,0.43,5,12,8,35.03,Fail,0,Very confusing content,Negative
8337,Priya Gupta,19,Male,0.69,42.38,0.98,9,34,0,79.03,B,0,Very engaging and informative,Positive
8338,Vijay Patel,24,Female,0.93,76.01,0.7,9,21,8,79.22,B,0,Loved the teaching style,Positive
8339,Sneha Das,23,Male,0.37,57.26,0.58,9,33,8,58.82,C,0,Can be improved,Neutral
8340,Divya Gupta,21,Female,1,46.06,1,3,17,3,77,B,0,Great course and very helpful,Positive
8341,Anjali Gupta,22,Female,0.76,28.27,0.31,6,39,5,51.06,D,0,Waste of time,Negative
8342,Karthik Kumar,19,Female,0.96,17.79,0.35,5,28,9,46.33,D,0,Poor explanations,Negative
8343,Suresh Kumar,21,Female,0.84,64.86,1,6,29,5,86.84,A,0,Excellent platform for learning,Positive
8344,Divya Reddy,26,Male,0.85,57.31,0.39,5,5,7,53.81,D,0,Not useful at all,Negative
8345,Divya Patel,24,Male,0.69,52.22,0.43,8,3,6,50.27,D,0,Very confusing content,Negative
8346,Arun Das,28,Male,0.51,56.96,0.94,3,28,6,60.93,C,0,Average experience,Neutral
8347,Vijay Kumar,21,Female,0.62,64.6,0.71,6,23,8,72.53,B,0,Loved the teaching style,Positive
8348,Anjali Kumar,25,Male,0.7,22.6,0.68,6,43,3,61.78,C,0,Can be improved,Neutral
8349,Suresh Kumar,19,Male,0.89,25.65,0.52,5,49,3,59.62,C,0,Okay course,Neutral
8350,Sneha Kumar,28,Female,0.89,45.14,0.92,7,10,4,69.17,C,0,Average experience,Neutral
8351,Ravi Nair,29,Male,0.98,32.33,0.46,4,37,3,57.92,C,0,Okay course,Neutral
8352,Ravi Sharma,18,Male,0.61,53.35,0.66,8,24,5,62.07,C,0,Okay course,Neutral
8353,Kavya Kumar,18,Male,0.86,38.77,0.51,7,46,8,63.23,C,0,Normal learning experience,Neutral
8354,Vijay Verma,18,Female,0.59,50.55,0.53,6,20,7,52.02,D,0,Poor explanations,Negative
8355,Suresh Singh,18,Male,0.71,18.23,0.6,8,2,0,56.73,C,0,Okay course,Neutral
8356,Rahul Reddy,29,Female,0.64,48.83,0.61,8,16,6,62.56,C,0,Can be improved,Neutral
8357,Sneha Patel,20,Male,1,25.07,0.35,8,44,3,67.02,C,0,Okay course,Neutral
8358,Vijay Sharma,18,Female,0.27,38.33,0.93,6,17,9,49.93,D,0,Not useful at all,Negative
8359,Priya Das,27,Female,0.9,35.4,0.64,9,45,5,69.58,C,0,Can be improved,Neutral
8360,Karthik Sharma,18,Female,0.17,53.65,0.41,4,45,0,40.04,D,0,Not useful at all,Negative
8361,Arun Das,27,Male,0.93,29.93,0.58,5,2,3,62.4,C,0,Normal learning experience,Neutral
8362,Karthik Sharma,27,Male,1,46.24,0.29,8,48,0,63.42,C,0,Can be improved,Neutral
8363,Rahul Patel,20,Male,0.77,54.7,0.89,6,42,6,74.51,B,0,Very engaging and informative,Positive
8364,Kavya Patel,28,Male,0.6,40.22,0.61,4,21,8,48.71,D,0,Waste of time,Negative
8365,Sneha Reddy,19,Male,1,32.41,0.91,6,34,8,82.87,B,0,Helped me improve a lot,Positive
8366,Arun Sharma,25,Female,0.85,29.72,0.89,9,9,5,72.22,B,0,Helped me improve a lot,Positive
8367,Meena Iyer,27,Male,0.44,39.94,0.58,9,10,1,45.27,D,0,Very confusing content,Negative
8368,Anjali Verma,18,Male,0.99,21.48,0.63,6,12,1,59.93,C,0,Can be improved,Neutral
8369,Vijay Verma,29,Female,0.65,47.25,0.84,7,32,2,62.67,C,0,Nothing special,Neutral
8370,Vijay Sharma,23,Male,0.53,28.94,0.77,8,20,3,51.41,D,0,Poor explanations,Negative
8371,Karthik Gupta,24,Male,0.69,51.27,1,7,26,7,65.02,C,0,Normal learning experience,Neutral
8372,Suresh Nair,24,Female,0.94,48.93,0.34,8,38,6,69.98,C,0,Nothing special,Neutral
8373,Divya Kumar,18,Male,0.52,33.42,0.38,8,43,0,45.02,D,0,Very confusing content,Negative
8374,Suresh Iyer,29,Male,0.7,56.26,0.83,9,13,0,73.7,B,0,Very engaging and informative,Positive
8375,Kavya Patel,30,Female,1,51.13,1,4,26,8,87.8,A,0,Excellent platform for learning,Positive
8376,Vijay Das,30,Female,0.73,32.66,0.25,6,36,8,49.96,D,0,Very confusing content,Negative
8377,Karthik Sharma,22,Male,0.7,46.84,0.8,9,11,5,69.02,C,0,Okay course,Neutral
8378,Rahul Singh,27,Male,1,20.98,0.54,6,29,8,62.72,C,0,Can be improved,Neutral
8379,Anjali Patel,29,Male,0.49,27.06,0.81,8,22,4,62.51,C,0,Average experience,Neutral
8380,Sneha Gupta,26,Female,0.7,56.24,0.59,3,30,7,59.48,C,0,Average experience,Neutral
8381,Divya Kumar,22,Female,0.8,29.99,0.6,6,11,4,61.76,C,0,Nothing special,Neutral
8382,Divya Sharma,21,Female,0.7,23.95,1,8,32,5,70.44,B,0,Very engaging and informative,Positive
8383,Suresh Kumar,22,Male,0.81,33.5,1,9,8,0,81.84,B,0,Excellent platform for learning,Positive
8384,Suresh Singh,18,Male,0.6,60.92,0.88,3,20,8,67.3,C,0,Average experience,Neutral
8385,Arun Nair,23,Male,0.89,49.21,0.65,4,24,4,68.49,C,0,Okay course,Neutral
8386,Arun Patel,18,Male,0.44,45.26,0.9,6,33,6,66.25,C,0,Average experience,Neutral
8387,Arun Singh,29,Male,0.89,17.39,0.66,5,21,8,53.52,D,0,Too difficult to follow,Negative
8388,Kavya Sharma,20,Female,0.97,52,0.68,3,47,5,72.52,B,0,Helped me improve a lot,Positive
8389,Kavya Sharma,28,Male,0.54,24.55,0.52,9,46,3,56.47,C,0,Average experience,Neutral
8390,Arun Singh,24,Male,0.63,28.71,0.49,4,35,6,55.19,C,0,Okay course,Neutral
8391,Rahul Kumar,23,Male,0.73,26.67,0.6,9,21,5,58.91,C,0,Can be improved,Neutral
8392,Vijay Iyer,27,Female,0.2,9.55,0.55,5,49,7,40.36,D,1,Poor explanations,Negative
8393,Priya Patel,25,Female,0.23,35.58,0.87,9,4,4,46.84,D,0,Not useful at all,Negative
8394,Priya Patel,26,Male,0.74,32.93,0.86,9,31,3,73.78,B,0,Very engaging and informative,Positive
8395,Suresh Nair,19,Male,0.76,44.7,0.69,5,26,5,65.76,C,0,Normal learning experience,Neutral
8396,Priya Nair,18,Male,0.83,1.6,0.76,4,11,4,54.09,D,0,Poor explanations,Negative
8397,Anjali Kumar,22,Male,0.52,32.35,0.43,5,37,7,45.93,D,0,Poor explanations,Negative
8398,Meena Gupta,29,Female,0.79,43.08,0.76,8,27,2,74.66,B,0,Great course and very helpful,Positive
8399,Karthik Iyer,22,Male,0.71,60.05,0.45,6,19,8,46.84,D,0,Waste of time,Negative
8400,Suresh Das,18,Female,0.73,16.02,0.72,8,20,2,57.08,C,0,Nothing special,Neutral
8401,Ravi Sharma,19,Male,0.8,31.15,0.56,6,4,6,54.28,D,0,Very confusing content,Negative
8402,Priya Das,27,Female,0.75,7.52,1,7,14,0,71.86,B,0,Very engaging and informative,Positive
8403,Priya Das,27,Female,0.71,38.3,0.99,9,29,6,69.93,C,0,Can be improved,Neutral
8404,Ravi Gupta,28,Female,0.77,71.16,1,7,34,7,90.93,A,0,Very engaging and informative,Positive
8405,Ravi Singh,22,Male,0.78,43.23,0.59,6,49,8,62.58,C,0,Normal learning experience,Neutral
8406,Meena Sharma,22,Male,0.87,29.42,0.61,9,16,2,59.69,C,0,Normal learning experience,Neutral
8407,Arun Patel,22,Male,0.76,70.45,0.34,8,41,1,64.92,C,0,Okay course,Neutral
8408,Sneha Iyer,22,Female,0.49,45.6,0.65,5,32,3,52.27,D,0,Very confusing content,Negative
8409,Sneha Nair,18,Female,0.63,46.41,0.8,5,7,8,60.84,C,0,Okay course,Neutral
8410,Meena Verma,25,Male,0.58,65.03,0.71,7,19,0,67.47,C,0,Normal learning experience,Neutral
8411,Suresh Iyer,28,Female,1,36.45,0.63,4,2,6,56.55,C,0,Normal learning experience,Neutral
8412,Karthik Kumar,21,Female,1,32.07,0.75,9,46,5,79.03,B,0,Excellent platform for learning,Positive
8413,Priya Das,26,Female,0.77,37.08,0.81,5,13,9,63.15,C,0,Okay course,Neutral
8414,Rahul Sharma,25,Female,0.69,35.14,0.68,7,22,2,59.39,C,0,Okay course,Neutral
8415,Priya Patel,30,Male,0.92,56.31,0.78,5,43,7,84.88,B,0,Helped me improve a lot,Positive
8416,Sneha Reddy,26,Female,0.62,30.22,0.66,8,35,3,59.26,C,0,Average experience,Neutral
8417,Karthik Nair,21,Male,0.9,58.06,0.58,6,34,3,74.52,B,0,Loved the teaching style,Positive
8418,Kavya Patel,19,Male,0.57,25.32,0.81,4,37,4,65.81,C,0,Normal learning experience,Neutral
8419,Kavya Patel,30,Male,0.44,33.51,0.58,5,24,9,51.07,D,0,Very confusing content,Negative
8420,Suresh Nair,23,Male,0.68,53.9,0.74,8,23,8,68.46,C,0,Okay course,Neutral
8421,Sneha Das,28,Male,1,36.03,0.89,3,45,2,74.79,B,0,Excellent platform for learning,Positive
8422,Anjali Singh,18,Male,0.95,36.34,1,6,14,8,73.8,B,0,Loved the teaching style,Positive
8423,Meena Nair,21,Male,0.94,32.79,0.94,5,46,4,69.58,C,0,Average experience,Neutral
8424,Suresh Das,19,Female,0.53,48.91,0.52,5,36,5,47.95,D,0,Not useful at all,Negative
8425,Kavya Verma,30,Male,1,40.81,0.63,4,14,0,73.32,B,0,Excellent platform for learning,Positive
8426,Karthik Nair,25,Male,0.5,34.08,0.57,9,16,9,51.55,D,0,Too difficult to follow,Negative
8427,Anjali Sharma,25,Male,0.96,35.83,0.92,9,42,1,82.02,B,0,Very engaging and informative,Positive
8428,Meena Sharma,20,Female,0.67,40.41,0.61,8,12,7,62.37,C,0,Average experience,Neutral
8429,Arun Sharma,24,Female,0.94,28.39,0.73,3,48,7,63.14,C,0,Okay course,Neutral
8430,Sneha Reddy,22,Male,0.49,18.33,0.76,7,36,5,65.07,C,1,Normal learning experience,Neutral
8431,Suresh Iyer,18,Male,0.95,29.79,0.74,4,11,4,66.28,C,0,Nothing special,Neutral
8432,Suresh Das,21,Female,1,60.63,0.46,8,38,5,73.02,B,0,Very engaging and informative,Positive
8433,Priya Iyer,19,Male,0.52,26.33,0.95,4,29,0,61.73,C,0,Normal learning experience,Neutral
8434,Suresh Sharma,20,Male,0.87,44.13,0.54,4,4,9,49.26,D,0,Waste of time,Negative
8435,Priya Singh,21,Female,0.53,23.21,0.68,3,33,3,53.68,D,0,Too difficult to follow,Negative
8436,Rahul Reddy,20,Female,0.8,35.22,0.57,7,24,8,62.5,C,0,Nothing special,Neutral
8437,Sneha Verma,26,Male,0.65,54.04,0.87,3,49,1,72.7,B,0,Very engaging and informative,Positive
8438,Karthik Verma,21,Male,0.58,40.06,0.59,8,14,2,60.11,C,0,Average experience,Neutral
8439,Divya Verma,19,Female,0.9,67.56,0.57,3,47,8,66.93,C,0,Can be improved,Neutral
8440,Ravi Sharma,28,Male,1,50.86,0.74,7,3,0,67.03,C,0,Normal learning experience,Neutral
8441,Divya Gupta,21,Male,0.76,38.8,0.61,9,37,6,71.69,B,0,Helped me improve a lot,Positive
8442,Sneha Gupta,22,Female,0.85,36.49,0.81,4,1,3,54.68,D,0,Very confusing content,Negative
8443,Ravi Sharma,18,Female,0.73,15.95,0.6,3,28,7,54.88,D,0,Poor explanations,Negative
8444,Rahul Patel,19,Male,0.59,44.07,0.48,4,2,7,47.58,D,0,Waste of time,Negative
8445,Meena Gupta,28,Female,0.9,55.36,0.35,8,42,1,61.31,C,0,Average experience,Neutral
8446,Meena Patel,29,Female,0.7,43.96,0.78,7,20,8,69.51,C,0,Can be improved,Neutral
8447,Meena Das,23,Male,0.64,35.89,0.27,6,29,6,38.18,Fail,0,Waste of time,Negative
8448,Ravi Verma,25,Male,0.9,30,0.31,6,47,4,54.58,D,0,Very confusing content,Negative
8449,Priya Gupta,19,Male,0.96,31.74,0.62,4,35,7,60.87,C,0,Average experience,Neutral
8450,Sneha Iyer,24,Male,0.87,52.22,0.82,8,3,2,70.56,B,0,Loved the teaching style,Positive
8451,Kavya Sharma,18,Male,0.73,55.43,0.5,9,1,8,51.37,D,0,Not useful at all,Negative
8452,Sneha Singh,27,Female,0.66,25.97,0.71,3,14,9,53.07,D,0,Waste of time,Negative
8453,Anjali Kumar,25,Male,1,29.17,0.69,3,35,1,63.17,C,0,Can be improved,Neutral
8454,Meena Sharma,22,Female,0.49,37.95,0.71,7,38,1,49.67,D,0,Very confusing content,Negative
8455,Vijay Kumar,29,Male,0.59,17.95,0.48,8,27,3,47.58,D,0,Poor explanations,Negative
8456,Kavya Reddy,27,Female,0.97,31.98,0.65,9,48,5,72.38,B,0,Very engaging and informative,Positive
8457,Karthik Sharma,19,Female,0.45,37.34,0.69,5,27,8,55.49,C,0,Nothing special,Neutral
8458,Ravi Sharma,24,Male,0.57,10.5,0.69,9,17,9,57.61,C,0,Can be improved,Neutral
8459,Rahul Reddy,27,Female,0.75,48.15,0.72,3,7,9,54.66,D,0,Waste of time,Negative
8460,Rahul Sharma,19,Male,0.61,27.1,0.72,8,36,8,55.09,C,0,Nothing special,Neutral
8461,Rahul Das,20,Female,0.77,48.01,0.4,6,2,3,55.93,C,0,Average experience,Neutral
8462,Meena Singh,26,Male,0.54,17.75,0.61,7,48,2,53.3,D,0,Waste of time,Negative
8463,Suresh Gupta,26,Male,0.52,29.02,0.84,7,44,3,60.28,C,0,Nothing special,Neutral
8464,Priya Patel,22,Male,0.59,47.17,0.77,7,3,8,52.1,D,0,Not useful at all,Negative
8465,Rahul Gupta,19,Female,0.22,45.71,0.18,3,31,2,35.54,Fail,0,Not useful at all,Negative
8466,Ravi Gupta,23,Male,0.47,11.78,0.61,6,45,3,44.53,D,1,Very confusing content,Negative
8467,Kavya Nair,19,Male,0.79,40.99,0.45,5,43,8,60.41,C,0,Okay course,Neutral
8468,Meena Gupta,27,Male,0.52,36.94,0.58,5,13,5,57.47,C,0,Normal learning experience,Neutral
8469,Anjali Das,30,Male,0.67,24.87,0.66,4,31,7,56.11,C,0,Normal learning experience,Neutral
8470,Vijay Reddy,22,Male,0.69,16.17,0.87,7,7,9,53.38,D,0,Not useful at all,Negative
8471,Karthik Das,20,Male,0.37,24.48,0.56,4,19,7,36.54,Fail,0,Poor explanations,Negative
8472,Kavya Sharma,19,Female,0.55,82.68,0.74,5,7,0,51.53,D,0,Poor explanations,Negative
8473,Karthik Sharma,19,Male,0.46,42.62,0.46,9,13,1,45.11,D,0,Too difficult to follow,Negative
8474,Sneha Sharma,20,Female,0.47,63.42,0.71,3,8,4,60.53,C,0,Can be improved,Neutral
8475,Vijay Sharma,29,Male,0.95,61.29,1,5,46,6,77.97,B,0,Helped me improve a lot,Positive
8476,Priya Iyer,23,Male,0.78,30.5,0.62,4,7,3,58.86,C,0,Okay course,Neutral
8477,Priya Verma,20,Male,0.94,51.93,0.96,5,8,4,82.97,B,0,Great course and very helpful,Positive
8478,Anjali Iyer,27,Female,0.55,40.49,0.85,9,27,2,61.92,C,0,Okay course,Neutral
8479,Anjali Verma,21,Female,0.92,33.1,0.88,4,15,3,65.41,C,0,Nothing special,Neutral
8480,Meena Das,27,Female,0.9,39.73,0.34,6,44,0,56.26,C,0,Average experience,Neutral
8481,Divya Reddy,27,Female,0.7,10.74,0.75,7,12,7,53.62,D,0,Not useful at all,Negative
8482,Karthik Das,21,Female,0.67,40.25,0.75,4,23,7,58.65,C,0,Normal learning experience,Neutral
8483,Divya Reddy,19,Female,0.76,28.89,0.66,8,29,4,66.19,C,0,Can be improved,Neutral
8484,Sneha Patel,23,Male,0.73,15.3,0.56,8,38,2,57.02,C,0,Nothing special,Neutral
8485,Sneha Sharma,28,Female,0.78,31.14,0.82,8,41,8,65.06,C,0,Normal learning experience,Neutral
8486,Priya Das,28,Male,0.54,35.64,0.78,6,35,7,56.2,C,0,Nothing special,Neutral
8487,Sneha Sharma,30,Female,0.57,49.41,0.67,3,8,5,53.91,D,0,Not useful at all,Negative
8488,Karthik Nair,30,Male,0.45,38.07,0.55,9,42,9,59.97,C,0,Okay course,Neutral
8489,Meena Das,21,Male,0.83,26.21,0.59,8,47,9,60.2,C,0,Normal learning experience,Neutral
8490,Anjali Singh,24,Female,0.51,34.88,0.55,4,45,8,58.21,C,0,Normal learning experience,Neutral
8491,Arun Singh,25,Male,1,30.51,0.72,7,21,7,72.98,B,0,Very engaging and informative,Positive
8492,Arun Reddy,28,Female,0.55,27.48,0.82,5,10,4,54,D,0,Not useful at all,Negative
8493,Suresh Gupta,26,Male,0.59,23.42,1,9,31,6,67.15,C,0,Can be improved,Neutral
8494,Karthik Gupta,29,Male,0.77,41.66,0.33,7,1,2,52.79,D,0,Too difficult to follow,Negative
8495,Suresh Kumar,20,Male,0.76,48.71,0.56,5,39,2,58.91,C,0,Can be improved,Neutral
8496,Rahul Gupta,30,Male,0.92,57.16,0.89,8,1,5,83.31,B,0,Loved the teaching style,Positive
8497,Kavya Verma,18,Male,1,29.76,0.83,6,30,1,68.65,C,0,Okay course,Neutral
8498,Vijay Verma,26,Male,1,45.83,0.43,4,15,4,48.44,D,0,Waste of time,Negative
8499,Sneha Iyer,24,Female,0.66,59.4,0.5,9,45,0,68.49,C,0,Can be improved,Neutral
8500,Anjali Iyer,20,Male,0.69,50.91,0.54,8,26,5,57.39,C,0,Normal learning experience,Neutral
8501,Rahul Kumar,24,Male,0.47,57.51,0.6,8,4,9,49.97,D,0,Not useful at all,Negative
8502,Suresh Nair,26,Female,0.65,48.17,0.25,8,12,4,40.63,D,0,Very confusing content,Negative
8503,Ravi Patel,19,Female,1,43.47,0.58,8,46,1,77.71,B,0,Very engaging and informative,Positive
8504,Suresh Reddy,21,Male,0.79,60.28,0.58,5,16,3,57.36,C,0,Can be improved,Neutral
8505,Suresh Patel,25,Male,0.61,55.37,0.6,7,2,2,54.06,D,0,Not useful at all,Negative
8506,Suresh Das,23,Male,0.73,41.65,0.67,5,10,1,50.37,D,0,Waste of time,Negative
8507,Vijay Das,27,Male,1,26.17,0.67,3,8,3,62.39,C,0,Normal learning experience,Neutral
8508,Suresh Kumar,19,Male,1,27.55,0.78,9,7,2,64.97,C,0,Can be improved,Neutral
8509,Vijay Singh,27,Female,0.45,34.97,0.74,8,11,7,56.99,C,0,Nothing special,Neutral
8510,Meena Das,19,Female,0.71,15.04,0.64,9,41,5,63.8,C,0,Okay course,Neutral
8511,Anjali Verma,21,Male,0.94,21.02,0.76,4,25,6,67.9,C,0,Average experience,Neutral
8512,Kavya Das,26,Male,0.57,45.51,0.38,7,33,9,63.87,C,0,Normal learning experience,Neutral
8513,Vijay Gupta,21,Female,1,16.04,1,7,4,3,68.53,C,0,Nothing special,Neutral
8514,Sneha Das,19,Female,0.76,25.04,0.57,3,4,1,52.1,D,0,Not useful at all,Negative
8515,Vijay Singh,26,Female,0.28,34.23,0.89,6,29,6,55.63,C,0,Average experience,Neutral
8516,Anjali Sharma,24,Male,0.59,46.87,0.95,6,1,9,67.21,C,0,Nothing special,Neutral
8517,Sneha Verma,24,Male,0.58,60.96,0.87,6,1,7,66.05,C,0,Average experience,Neutral
8518,Priya Kumar,18,Male,0.65,39.73,0.74,6,28,9,58.51,C,0,Can be improved,Neutral
8519,Priya Nair,19,Female,0.7,33.01,0.61,9,11,6,57.2,C,0,Normal learning experience,Neutral
8520,Sneha Sharma,27,Male,1,44.76,0.7,6,41,5,72.73,B,0,Excellent platform for learning,Positive
8521,Karthik Nair,23,Female,0.28,21.98,0.57,8,10,8,43.22,D,0,Very confusing content,Negative
8522,Arun Reddy,20,Female,1,48,0.96,9,36,9,85.38,A,0,Loved the teaching style,Positive
8523,Karthik Patel,21,Female,0.8,40.68,1,4,49,2,80.26,B,0,Helped me improve a lot,Positive
8524,Anjali Iyer,26,Female,0.55,44.58,1,9,46,4,70.42,B,0,Great course and very helpful,Positive
8525,Priya Patel,24,Male,0.89,39.81,0.86,6,48,5,70.77,B,0,Excellent platform for learning,Positive
8526,Sneha Nair,26,Female,0.78,40.11,0.85,7,35,7,67.48,C,0,Normal learning experience,Neutral
8527,Rahul Patel,20,Female,0.88,14.51,0.52,9,24,6,48.66,D,0,Very confusing content,Negative
8528,Divya Das,30,Male,0.81,41.42,0.66,6,44,7,61.93,C,0,Average experience,Neutral
8529,Anjali Das,30,Male,0.76,45.47,0.65,9,16,4,58.01,C,0,Normal learning experience,Neutral
8530,Sneha Nair,30,Male,0.62,29.72,0.4,9,23,4,49.46,D,0,Poor explanations,Negative
8531,Rahul Sharma,20,Female,0.88,37.6,0.64,9,33,7,71.14,B,0,Helped me improve a lot,Positive
8532,Priya Sharma,30,Male,0.55,63.21,0.4,3,1,3,41.06,D,0,Poor explanations,Negative
8533,Vijay Das,26,Male,0.89,21.5,0.62,7,36,8,69.39,C,0,Nothing special,Neutral
8534,Anjali Singh,25,Female,0.88,44.11,0.68,9,39,9,68.71,C,0,Normal learning experience,Neutral
8535,Kavya Patel,29,Female,0.59,32.73,0.65,9,34,1,58.19,C,0,Okay course,Neutral
8536,Ravi Sharma,30,Female,0.8,26.97,0.65,5,33,7,54.2,D,0,Waste of time,Negative
8537,Kavya Verma,20,Female,1,56.82,0.7,3,24,4,73.41,B,0,Great course and very helpful,Positive
8538,Karthik Patel,27,Male,1,21.11,0.84,4,16,0,72.55,B,0,Excellent platform for learning,Positive
8539,Priya Verma,29,Male,0.59,21.73,0.32,3,8,0,45.59,D,0,Not useful at all,Negative
8540,Sneha Sharma,19,Female,0.27,49.44,0.74,6,36,0,55.04,C,0,Nothing special,Neutral
8541,Suresh Singh,20,Female,0.54,41.16,0.45,8,48,9,60.64,C,0,Okay course,Neutral
8542,Kavya Sharma,24,Female,0.57,21.41,0.21,6,13,3,33.97,Fail,0,Poor explanations,Negative
8543,Kavya Patel,19,Female,0.65,62.05,0.83,7,45,8,71.02,B,0,Excellent platform for learning,Positive
8544,Priya Das,24,Male,0.69,45.72,0.7,3,16,7,66.7,C,0,Average experience,Neutral
8545,Divya Singh,29,Male,0.63,44.55,0.6,4,31,2,53.61,D,0,Poor explanations,Negative
8546,Ravi Das,29,Male,0.58,49.74,0.75,5,25,4,56.53,C,0,Average experience,Neutral
8547,Arun Iyer,27,Male,0.86,60.59,0.7,8,22,8,77.85,B,0,Great course and very helpful,Positive
8548,Arun Patel,22,Male,0.68,54.95,0.78,8,31,2,66.2,C,0,Normal learning experience,Neutral
8549,Priya Verma,20,Male,0.68,61.63,0.86,3,9,5,67.36,C,0,Okay course,Neutral
8550,Anjali Singh,28,Male,1,44.22,0.78,4,17,1,69.03,C,0,Okay course,Neutral
8551,Suresh Patel,24,Male,0.57,33.05,0.68,9,24,1,57.79,C,0,Can be improved,Neutral
8552,Rahul Singh,27,Female,0.91,32.13,0.98,7,20,8,71.25,B,0,Very engaging and informative,Positive
8553,Kavya Verma,24,Female,0.52,33.07,0.48,5,1,1,41.65,D,0,Very confusing content,Negative
8554,Divya Verma,29,Male,1,36.68,0.69,5,44,6,73.26,B,0,Loved the teaching style,Positive
8555,Anjali Reddy,25,Male,0.63,26.9,0.63,7,15,8,46.11,D,0,Too difficult to follow,Negative
8556,Suresh Iyer,19,Male,0.81,28.62,0.81,3,11,8,60.53,C,0,Nothing special,Neutral
8557,Ravi Nair,24,Female,0.88,30.73,0.46,4,23,4,46.29,D,0,Not useful at all,Negative
8558,Rahul Das,28,Male,1,32.45,0.79,6,29,3,78.45,B,0,Great course and very helpful,Positive
8559,Priya Nair,27,Male,0.94,26.06,0.42,8,23,7,65.98,C,0,Nothing special,Neutral
8560,Sneha Gupta,29,Male,0.83,32.49,0.81,9,46,1,76.44,B,0,Excellent platform for learning,Positive
8561,Karthik Das,18,Female,0.6,33.71,1,6,28,7,70.45,B,0,Loved the teaching style,Positive
8562,Sneha Iyer,18,Male,0.68,42.67,0.62,3,14,8,46.91,D,0,Poor explanations,Negative
8563,Vijay Gupta,26,Male,0.91,20.48,0.78,9,29,7,63.39,C,0,Can be improved,Neutral
8564,Divya Verma,21,Male,0.83,13.17,0.4,3,11,4,40.87,D,0,Waste of time,Negative
8565,Suresh Gupta,21,Male,0.97,17.35,0.8,7,33,3,67.37,C,0,Average experience,Neutral
8566,Rahul Gupta,19,Male,0.71,46.08,0.89,6,33,5,61.09,C,0,Normal learning experience,Neutral
8567,Arun Sharma,23,Female,0.89,36.79,0.82,5,48,4,81.8,B,0,Excellent platform for learning,Positive
8568,Rahul Singh,22,Male,0.65,38.96,0.86,3,9,4,64.32,C,0,Nothing special,Neutral
8569,Priya Patel,25,Female,0.71,45.86,0.97,7,28,2,69.62,C,0,Can be improved,Neutral
8570,Sneha Sharma,21,Male,0.68,53.55,0.99,7,3,4,72.25,B,0,Helped me improve a lot,Positive
8571,Suresh Verma,23,Male,0.71,32,0.62,3,10,2,52.11,D,0,Very confusing content,Negative
8572,Suresh Sharma,23,Male,0.58,37.09,0.74,5,47,0,61.98,C,0,Nothing special,Neutral
8573,Meena Verma,21,Male,0.76,49.19,0.68,4,35,9,57.12,C,0,Can be improved,Neutral
8574,Priya Patel,19,Male,0.87,45.13,0.88,6,41,4,75.29,B,0,Loved the teaching style,Positive
8575,Anjali Gupta,21,Female,1,74.38,0.54,7,46,4,93.27,A,0,Helped me improve a lot,Positive
8576,Anjali Kumar,27,Female,0.22,12.93,0.92,6,37,6,48.89,D,1,Waste of time,Negative
8577,Sneha Das,29,Male,0.57,39.4,0.84,6,9,0,53.13,D,0,Poor explanations,Negative
8578,Anjali Sharma,23,Male,0.73,49.93,0.81,8,10,5,56.59,C,0,Nothing special,Neutral
8579,Priya Verma,23,Female,0.45,40.84,0.71,8,9,6,53.49,D,0,Not useful at all,Negative
8580,Meena Verma,30,Male,0.83,35.99,0.66,5,1,3,57.27,C,0,Normal learning experience,Neutral
8581,Meena Kumar,27,Female,0.28,35.33,0.64,8,34,5,44.13,D,0,Very confusing content,Negative
8582,Vijay Iyer,24,Male,0.9,22.15,0.79,5,46,0,68.37,C,0,Normal learning experience,Neutral
8583,Arun Singh,26,Male,0.6,38.5,0.83,9,42,8,68.77,C,0,Okay course,Neutral
8584,Kavya Verma,22,Male,0.72,37.9,0.44,5,6,5,48.07,D,0,Very confusing content,Negative
8585,Kavya Gupta,26,Male,0.45,21.82,0.49,8,2,9,47.52,D,0,Too difficult to follow,Negative
8586,Rahul Reddy,20,Male,0.63,30.43,0.53,6,32,5,54.52,D,0,Too difficult to follow,Negative
8587,Vijay Sharma,27,Female,0.91,28.33,0.59,4,18,0,68.78,C,0,Average experience,Neutral
8588,Suresh Patel,25,Male,0.29,33.12,0.43,6,17,6,33.31,Fail,0,Waste of time,Negative
8589,Rahul Verma,28,Female,0.76,29.03,0.44,6,16,2,50.11,D,0,Very confusing content,Negative
8590,Divya Sharma,23,Female,0.72,62.07,0.52,6,11,0,50.35,D,0,Not useful at all,Negative
8591,Meena Das,19,Female,0.5,37.02,0.65,3,44,9,55.48,C,0,Normal learning experience,Neutral
8592,Vijay Kumar,22,Male,0.59,52.7,0.62,3,15,8,44.13,D,0,Poor explanations,Negative
8593,Suresh Reddy,19,Female,0.77,50.35,0.83,8,9,7,70.17,B,0,Great course and very helpful,Positive
8594,Arun Patel,23,Female,0.82,17.9,0.6,4,14,9,46.91,D,0,Waste of time,Negative
8595,Ravi Gupta,27,Male,0.68,37.23,0.82,9,33,2,70.19,B,0,Excellent platform for learning,Positive
8596,Arun Gupta,19,Male,0.79,53.49,0.87,9,5,7,70.17,B,0,Excellent platform for learning,Positive
8597,Meena Sharma,23,Male,1,32.79,0.7,3,0,4,62.71,C,0,Average experience,Neutral
8598,Anjali Singh,21,Female,0.42,22.02,0.85,7,35,2,47.27,D,0,Too difficult to follow,Negative
8599,Anjali Iyer,29,Female,0.64,27.69,0.86,3,16,0,54.23,D,0,Not useful at all,Negative
8600,Arun Patel,25,Female,0.82,55.93,0.6,9,13,1,64.99,C,0,Normal learning experience,Neutral
8601,Divya Singh,25,Female,0.07,40.72,0.44,4,10,4,33.27,Fail,0,Not useful at all,Negative
8602,Suresh Gupta,26,Male,0.51,48.81,0.76,5,37,9,55.59,C,0,Normal learning experience,Neutral
8603,Divya Singh,23,Male,0.96,23.36,0.56,9,7,9,69.14,C,0,Normal learning experience,Neutral
8604,Divya Patel,27,Female,0.88,44.04,0.74,9,10,5,73.97,B,0,Great course and very helpful,Positive
8605,Divya Das,18,Female,0.59,23.36,0.91,3,37,5,57.97,C,0,Nothing special,Neutral
8606,Karthik Iyer,24,Female,0.84,37.03,0.62,5,48,8,62.23,C,0,Nothing special,Neutral
8607,Rahul Iyer,21,Female,0.79,52.83,0.72,6,0,6,62.93,C,0,Okay course,Neutral
8608,Meena Gupta,20,Male,0.61,44.35,0.25,8,33,0,57.06,C,0,Okay course,Neutral
8609,Anjali Das,26,Male,0.06,43.64,0.51,6,36,6,40.54,D,0,Very confusing content,Negative
8610,Divya Verma,22,Female,0.56,32.52,0.74,8,36,7,60.35,C,0,Normal learning experience,Neutral
8611,Sneha Sharma,19,Male,0.77,27.8,1,6,31,8,70.17,B,0,Very engaging and informative,Positive
8612,Priya Gupta,30,Male,0.85,53.57,0.45,9,28,6,60.65,C,0,Nothing special,Neutral
8613,Priya Patel,23,Female,0.71,37.23,1,6,19,5,70.87,B,0,Loved the teaching style,Positive
8614,Vijay Reddy,18,Female,0.8,36.06,1,9,36,9,81.63,B,0,Great course and very helpful,Positive
8615,Sneha Patel,30,Female,0.73,47.23,0.86,8,47,9,68.89,C,0,Average experience,Neutral
8616,Kavya Gupta,28,Male,0.87,32.59,0.71,9,17,3,59.91,C,0,Normal learning experience,Neutral
8617,Ravi Reddy,21,Male,0.58,13.09,0.61,5,46,1,47.65,D,0,Very confusing content,Negative
8618,Priya Reddy,27,Female,0.92,50.41,0.55,3,20,9,62.9,C,0,Normal learning experience,Neutral
8619,Ravi Verma,22,Male,0.96,53.77,1,5,11,3,77.28,B,0,Great course and very helpful,Positive
8620,Sneha Singh,30,Female,0.81,64.06,0.63,8,1,1,62.85,C,0,Normal learning experience,Neutral
8621,Priya Iyer,20,Male,0.61,37.39,0.58,3,28,9,54.69,D,0,Waste of time,Negative
8622,Kavya Verma,28,Male,0.77,64.12,0.51,3,8,1,50.19,D,0,Very confusing content,Negative
8623,Kavya Iyer,22,Female,0.58,61.94,0.49,9,49,4,72.88,B,0,Helped me improve a lot,Positive
8624,Arun Sharma,20,Female,0.64,51.5,0.59,4,21,2,53.81,D,0,Too difficult to follow,Negative
8625,Sneha Patel,26,Female,0.59,38.28,1,9,28,8,82.41,B,0,Helped me improve a lot,Positive
8626,Meena Das,29,Female,0.62,40.95,0.91,4,6,5,62.45,C,0,Average experience,Neutral
8627,Karthik Reddy,21,Female,0.68,27.47,0.86,3,36,9,67.43,C,0,Okay course,Neutral
8628,Vijay Kumar,24,Female,0.82,53.12,1,7,13,3,65.51,C,0,Nothing special,Neutral
8629,Anjali Gupta,22,Female,0.8,36.46,0.94,5,10,6,71.45,B,0,Excellent platform for learning,Positive
8630,Suresh Patel,28,Male,0.95,50.82,1,3,42,9,81.41,B,0,Very engaging and informative,Positive
8631,Kavya Gupta,25,Female,0.76,26.87,0.43,5,13,3,51.57,D,0,Too difficult to follow,Negative
8632,Priya Singh,20,Female,0.94,19.43,0.33,5,0,6,38.46,Fail,0,Very confusing content,Negative
8633,Anjali Sharma,30,Male,0.87,27.64,0.67,5,12,0,65.78,C,0,Nothing special,Neutral
8634,Arun Verma,22,Female,1,58.59,0.74,8,46,3,80.66,B,0,Excellent platform for learning,Positive
8635,Meena Singh,28,Male,0.82,37.45,0.79,4,48,0,71.68,B,0,Helped me improve a lot,Positive
8636,Anjali Singh,19,Female,0.62,48.02,0.49,5,17,8,51.11,D,0,Very confusing content,Negative
8637,Suresh Patel,21,Female,1,43.61,1,6,39,4,86.88,A,0,Helped me improve a lot,Positive
8638,Arun Patel,26,Male,0.81,29.82,0.41,9,2,6,47.9,D,0,Not useful at all,Negative
8639,Rahul Nair,21,Female,0.77,7.37,0.63,7,2,4,52.18,D,0,Poor explanations,Negative
8640,Meena Singh,21,Female,0.96,51.35,0.61,7,4,8,67.71,C,0,Nothing special,Neutral
8641,Sneha Nair,25,Female,0.72,33.97,0.91,3,42,5,62.16,C,0,Average experience,Neutral
8642,Sneha Das,25,Male,0.6,41.82,0.52,9,48,3,62.67,C,0,Nothing special,Neutral
8643,Vijay Das,20,Female,0.73,43.29,0.64,6,27,1,53.96,D,0,Not useful at all,Negative
8644,Priya Das,28,Male,0.77,37.16,0.83,3,41,6,71.4,B,0,Very engaging and informative,Positive
8645,Sneha Gupta,22,Male,1,37.49,0.61,8,41,9,75.75,B,0,Loved the teaching style,Positive
8646,Divya Das,27,Female,0.58,28.13,0.59,5,4,8,50.05,D,0,Not useful at all,Negative
8647,Rahul Verma,28,Female,0.57,49.85,0.2,4,31,9,48.62,D,0,Not useful at all,Negative
8648,Vijay Gupta,28,Female,0.87,18.05,0.71,6,30,0,68.49,C,0,Average experience,Neutral
8649,Divya Iyer,22,Female,0.67,49.64,0.61,4,32,0,59.16,C,0,Average experience,Neutral
8650,Vijay Sharma,28,Female,1,23.29,0.78,9,13,4,71.14,B,0,Great course and very helpful,Positive
8651,Ravi Nair,30,Male,0.7,11.59,0.91,9,40,2,63.45,C,0,Average experience,Neutral
8652,Suresh Kumar,23,Female,0.6,37.91,0.66,4,4,7,41.07,D,0,Very confusing content,Negative
8653,Kavya Das,24,Female,0.89,55.59,0.83,3,25,6,71.3,B,0,Very engaging and informative,Positive
8654,Meena Iyer,27,Male,0.7,25.71,0.32,8,45,8,47.68,D,0,Waste of time,Negative
8655,Anjali Verma,28,Male,0.61,46.72,0.64,8,9,8,58.86,C,0,Nothing special,Neutral
8656,Divya Patel,19,Male,0.86,60.91,0.44,8,32,7,69.61,C,0,Okay course,Neutral
8657,Suresh Kumar,19,Female,0.83,41.56,0.58,9,5,6,70.13,B,0,Helped me improve a lot,Positive
8658,Divya Iyer,23,Female,0.88,30.43,0.55,8,4,9,59.05,C,0,Average experience,Neutral
8659,Anjali Patel,18,Female,0.61,35.97,0.42,8,18,9,44.13,D,0,Very confusing content,Negative
8660,Ravi Gupta,19,Female,0.83,26.18,0.66,6,27,7,54.77,D,0,Poor explanations,Negative
8661,Kavya Sharma,18,Male,0.81,57.67,0.48,6,31,0,58.29,C,0,Can be improved,Neutral
8662,Rahul Verma,30,Male,0.87,33.3,0.41,3,15,0,55.76,C,0,Average experience,Neutral
8663,Divya Reddy,26,Male,0.95,18.13,0.57,6,1,6,50.8,D,0,Poor explanations,Negative
8664,Karthik Iyer,29,Male,0.65,43.93,0.77,5,1,9,62.31,C,0,Can be improved,Neutral
8665,Divya Iyer,21,Male,0.88,63.19,0.88,8,21,6,77.79,B,0,Excellent platform for learning,Positive
8666,Rahul Reddy,18,Male,0.56,39.75,0.47,4,24,2,53.5,D,0,Not useful at all,Negative
8667,Suresh Gupta,22,Male,0.67,38.35,0.95,5,16,6,62.54,C,0,Can be improved,Neutral
8668,Suresh Sharma,27,Female,0.63,24.85,1,7,24,4,68.14,C,0,Can be improved,Neutral
8669,Arun Singh,19,Male,0.67,29.15,0.48,4,41,2,45.87,D,0,Waste of time,Negative
8670,Karthik Sharma,19,Female,0.62,60.67,0.59,5,35,7,63.36,C,0,Can be improved,Neutral
8671,Sneha Nair,22,Female,1,69.42,0.5,7,36,7,74.09,B,0,Excellent platform for learning,Positive
8672,Suresh Reddy,28,Female,0.68,36.61,0.53,9,12,7,55.76,C,0,Normal learning experience,Neutral
8673,Vijay Sharma,29,Female,1,32.8,0.59,7,44,2,72.89,B,0,Great course and very helpful,Positive
8674,Anjali Singh,22,Female,0.98,56.28,0.59,7,16,3,70.03,B,0,Helped me improve a lot,Positive
8675,Suresh Verma,23,Female,0.9,31.34,0.41,5,10,9,46.14,D,0,Very confusing content,Negative
8676,Divya Patel,28,Male,0.73,26.26,1,6,14,6,74.92,B,0,Very engaging and informative,Positive
8677,Rahul Nair,29,Female,0.52,10.46,0.56,4,29,9,43.7,D,0,Very confusing content,Negative
8678,Sneha Das,23,Female,0.75,60.06,0.63,9,35,7,68.34,C,0,Average experience,Neutral
8679,Suresh Reddy,19,Female,0.76,6.83,0.78,5,42,1,57.1,C,0,Okay course,Neutral
8680,Anjali Gupta,21,Female,0.51,27.41,0.89,3,1,3,51.43,D,0,Very confusing content,Negative
8681,Sneha Patel,19,Female,0.54,53.1,0.83,9,3,9,59.51,C,0,Can be improved,Neutral
8682,Priya Reddy,20,Female,0.68,32.16,1,5,24,3,61.83,C,0,Nothing special,Neutral
8683,Vijay Gupta,24,Male,0.57,30.03,0.95,9,28,4,62.8,C,0,Average experience,Neutral
8684,Anjali Reddy,26,Male,0.92,47.84,0.4,5,33,8,52.78,D,0,Too difficult to follow,Negative
8685,Sneha Sharma,20,Female,0.36,37.88,0.81,9,46,0,60.41,C,0,Okay course,Neutral
8686,Kavya Patel,21,Male,0.59,71.98,0.67,3,18,2,61.27,C,0,Normal learning experience,Neutral
8687,Ravi Singh,20,Male,0.7,29.35,0.17,8,13,4,41.39,D,0,Waste of time,Negative
8688,Anjali Das,30,Male,0.63,63.17,0.46,9,8,9,57.1,C,0,Okay course,Neutral
8689,Kavya Iyer,19,Female,0.98,39.76,0.66,7,43,8,72.3,B,0,Great course and very helpful,Positive
8690,Rahul Patel,21,Female,0.37,48.87,0.34,5,28,6,45.24,D,0,Waste of time,Negative
8691,Meena Iyer,24,Male,0.66,51.03,0.86,5,21,8,61.86,C,0,Can be improved,Neutral
8692,Suresh Patel,26,Female,0.61,29.01,0.79,3,38,7,64.8,C,0,Okay course,Neutral
8693,Divya Gupta,21,Male,0.7,50.14,0.79,7,46,8,72.47,B,0,Helped me improve a lot,Positive
8694,Kavya Patel,22,Female,0.73,35.83,0.84,6,40,0,59.05,C,0,Can be improved,Neutral
8695,Kavya Verma,26,Female,0.77,32.15,1,6,13,5,61.7,C,0,Average experience,Neutral
8696,Divya Kumar,19,Male,0.91,27.92,0.8,3,21,3,66.03,C,0,Normal learning experience,Neutral
8697,Sneha Reddy,19,Male,0.59,33.88,0.61,6,12,8,51.68,D,0,Poor explanations,Negative
8698,Ravi Reddy,20,Male,0.74,45.7,0.74,6,47,9,71.19,B,0,Loved the teaching style,Positive
8699,Kavya Singh,27,Male,1,28.31,0.88,4,7,3,69.38,C,0,Normal learning experience,Neutral
8700,Sneha Iyer,20,Female,0.62,15.41,0.36,9,12,1,43.94,D,0,Very confusing content,Negative
8701,Karthik Das,20,Female,0.86,61.15,0.9,7,30,9,82.62,B,0,Helped me improve a lot,Positive
8702,Suresh Kumar,21,Female,0.57,42.8,0.79,4,43,7,66.1,C,0,Average experience,Neutral
8703,Meena Gupta,26,Male,0.99,44.55,0.66,7,32,5,63.13,C,0,Can be improved,Neutral
8704,Rahul Sharma,28,Male,1,58.3,0.61,6,25,8,68.72,C,0,Okay course,Neutral
8705,Divya Reddy,24,Female,0.93,54.44,0.73,3,39,1,60.93,C,0,Can be improved,Neutral
8706,Rahul Patel,21,Female,0.91,31.33,0.86,4,34,1,65.92,C,0,Normal learning experience,Neutral
8707,Vijay Nair,18,Male,0.85,72.5,0.69,8,49,3,82.7,B,0,Helped me improve a lot,Positive
8708,Suresh Iyer,24,Female,0.63,26.58,0.97,4,26,2,62.57,C,0,Nothing special,Neutral
8709,Karthik Singh,22,Female,0.59,43.63,0.35,4,18,1,40.01,D,0,Very confusing content,Negative
8710,Ravi Verma,19,Male,0.75,37.32,0.8,8,13,3,65.06,C,0,Nothing special,Neutral
8711,Anjali Reddy,19,Female,0.56,41.47,0.49,3,2,7,42.14,D,0,Poor explanations,Negative
8712,Anjali Iyer,26,Female,0.45,9.82,0.71,6,40,1,54,D,1,Not useful at all,Negative
8713,Rahul Nair,23,Female,0.71,44.5,0.86,4,3,7,51.28,D,0,Poor explanations,Negative
8714,Anjali Verma,28,Female,1,28.46,0.62,5,45,2,66.54,C,0,Average experience,Neutral
8715,Karthik Verma,21,Female,0.92,33.29,0.8,6,0,2,70.55,B,0,Loved the teaching style,Positive
8716,Kavya Sharma,24,Female,1,48.18,0.39,8,32,1,61.58,C,0,Nothing special,Neutral
8717,Meena Reddy,22,Male,0.62,51.52,0.79,6,28,1,56.22,C,0,Normal learning experience,Neutral
8718,Priya Iyer,24,Male,0.73,43.73,0.88,3,21,1,59.06,C,0,Okay course,Neutral
8719,Rahul Iyer,30,Female,0.65,44.21,0.64,4,28,2,51.27,D,0,Waste of time,Negative
8720,Suresh Iyer,28,Female,0.75,29.9,0.66,8,0,8,67.75,C,0,Nothing special,Neutral
8721,Rahul Sharma,29,Male,0.81,23.37,0.95,6,20,9,74.19,B,0,Loved the teaching style,Positive
8722,Vijay Singh,18,Male,1,32.85,0.68,9,0,8,59.66,C,0,Nothing special,Neutral
8723,Suresh Singh,19,Male,0.93,35.02,0.77,3,48,0,60.44,C,0,Average experience,Neutral
8724,Anjali Singh,22,Female,0.59,34.38,0.87,4,2,6,62.51,C,0,Can be improved,Neutral
8725,Arun Verma,26,Male,1,54.91,1,4,5,1,86.14,A,0,Great course and very helpful,Positive
8726,Arun Patel,20,Female,0.78,61.46,0.78,9,33,7,73.61,B,0,Great course and very helpful,Positive
8727,Priya Reddy,24,Female,0.74,55.19,0.99,6,46,5,81.04,B,0,Helped me improve a lot,Positive
8728,Suresh Iyer,26,Female,0.92,53.08,0.55,8,10,8,63.19,C,0,Average experience,Neutral
8729,Suresh Iyer,22,Female,0.81,24.33,0.79,7,2,7,62.55,C,0,Normal learning experience,Neutral
8730,Suresh Gupta,19,Female,0.38,46.27,0.76,8,24,5,54.53,D,0,Too difficult to follow,Negative
8731,Rahul Kumar,19,Female,1,52.58,0.65,6,17,1,66.2,C,0,Can be improved,Neutral
8732,Anjali Iyer,30,Male,0.63,29.44,0.74,4,9,4,51.85,D,0,Not useful at all,Negative
8733,Sneha Gupta,24,Female,0.87,42.42,0.59,8,37,5,69.6,C,0,Okay course,Neutral
8734,Vijay Gupta,19,Female,0.56,39.61,0.69,4,10,5,48.88,D,0,Very confusing content,Negative
8735,Meena Patel,23,Male,0.71,15.33,0.44,3,46,4,44.46,D,0,Not useful at all,Negative
8736,Meena Gupta,18,Female,0.87,46.11,0.81,4,31,5,60.18,C,0,Nothing special,Neutral
8737,Divya Sharma,27,Female,0.77,50.48,0.46,6,34,3,66.41,C,0,Okay course,Neutral
8738,Priya Iyer,22,Female,0.67,48.2,0.41,4,5,2,51.4,D,0,Too difficult to follow,Negative
8739,Suresh Nair,19,Female,0.69,26.59,0.36,9,15,5,35.44,Fail,0,Not useful at all,Negative
8740,Arun Verma,18,Female,0.63,43.19,0.9,3,31,9,65.09,C,0,Nothing special,Neutral
8741,Karthik Reddy,24,Male,0.62,18.86,0.72,7,6,4,50.89,D,0,Poor explanations,Negative
8742,Kavya Reddy,29,Female,0.77,42.67,0.49,9,41,2,66.09,C,0,Okay course,Neutral
8743,Arun Kumar,29,Female,0.87,58.32,0.54,5,8,3,70.43,B,0,Helped me improve a lot,Positive
8744,Suresh Nair,26,Male,0.79,48.36,0.64,6,2,4,58.61,C,0,Average experience,Neutral
8745,Anjali Gupta,22,Male,0.55,20.64,0.58,3,39,9,32.14,Fail,0,Poor explanations,Negative
8746,Sneha Patel,28,Male,0.74,58.2,0.62,5,49,3,76,B,0,Helped me improve a lot,Positive
8747,Rahul Singh,30,Female,0.65,12.36,0.66,5,47,6,58.46,C,0,Okay course,Neutral
8748,Divya Das,27,Male,0.47,28.85,0.86,3,36,5,53.17,D,0,Waste of time,Negative
8749,Anjali Patel,29,Female,0.57,48.76,0.46,5,46,1,56.57,C,0,Can be improved,Neutral
8750,Arun Kumar,21,Female,0.93,44.07,0.42,5,8,2,55.65,C,0,Average experience,Neutral
8751,Suresh Das,22,Female,0.57,57.33,0.89,5,15,5,56.39,C,0,Average experience,Neutral
8752,Divya Sharma,18,Male,0.85,32.25,0.8,8,37,3,81.71,B,0,Great course and very helpful,Positive
8753,Rahul Kumar,26,Female,0.35,69.71,0.28,7,31,7,46.89,D,0,Very confusing content,Negative
8754,Priya Singh,24,Male,0.95,41.53,0.43,3,33,2,61.22,C,0,Can be improved,Neutral
8755,Anjali Verma,24,Female,0.75,63.84,0.54,8,4,8,62.13,C,0,Normal learning experience,Neutral
8756,Meena Verma,30,Male,0.78,58.9,0.87,3,37,2,72.15,B,0,Great course and very helpful,Positive
8757,Suresh Verma,20,Female,0.79,42.82,0.39,8,34,3,62.25,C,0,Average experience,Neutral
8758,Rahul Gupta,26,Male,0.96,37.57,0.85,4,12,1,70.41,B,0,Excellent platform for learning,Positive
8759,Suresh Singh,30,Female,0.57,51.2,0.57,7,23,3,47.72,D,0,Too difficult to follow,Negative
8760,Meena Singh,19,Female,0.73,68.57,0.57,8,8,8,65.87,C,0,Can be improved,Neutral
8761,Arun Nair,22,Male,0.98,38.92,0.79,3,34,0,67.74,C,0,Normal learning experience,Neutral
8762,Karthik Das,22,Female,0.26,16.69,0.93,3,22,2,41.82,D,1,Not useful at all,Negative
8763,Arun Gupta,18,Male,0.84,28.6,0.59,7,42,3,64.9,C,0,Average experience,Neutral
8764,Ravi Kumar,30,Male,0.68,51,0.44,9,12,6,51.06,D,0,Waste of time,Negative
8765,Ravi Verma,29,Female,0.41,48.7,0.58,3,27,3,46.12,D,0,Poor explanations,Negative
8766,Sneha Verma,26,Male,0.31,45.33,0.56,7,42,1,48.9,D,0,Waste of time,Negative
8767,Suresh Patel,24,Female,1,55.38,0.56,8,5,4,59.25,C,0,Can be improved,Neutral
8768,Kavya Reddy,19,Female,0.68,14.45,0.66,9,22,2,51.39,D,0,Very confusing content,Negative
8769,Divya Gupta,23,Female,1,42.29,0.75,3,22,9,61.37,C,0,Normal learning experience,Neutral
8770,Arun Reddy,18,Male,0.79,5.71,0.77,3,47,5,59.73,C,0,Average experience,Neutral
8771,Arun Nair,19,Male,0.44,61.08,0.9,8,15,5,60.07,C,0,Normal learning experience,Neutral
8772,Suresh Reddy,27,Male,0.51,44.94,0.7,7,14,1,67.72,C,0,Can be improved,Neutral
8773,Ravi Patel,26,Male,0.63,28.13,0.81,6,8,1,59.95,C,0,Can be improved,Neutral
8774,Suresh Nair,22,Female,0.95,20,0.72,5,23,7,65.67,C,0,Normal learning experience,Neutral
8775,Sneha Kumar,30,Female,0.87,14.22,1,8,9,6,65.56,C,0,Nothing special,Neutral
8776,Meena Gupta,22,Female,0.81,53.13,0.66,9,44,8,70.61,B,0,Loved the teaching style,Positive
8777,Suresh Gupta,18,Male,1,55.68,0.9,4,37,2,71.04,B,0,Loved the teaching style,Positive
8778,Anjali Verma,30,Male,0.87,44.78,0.55,7,24,3,68.97,C,0,Nothing special,Neutral
8779,Ravi Singh,19,Male,0.74,38.59,0.63,4,8,0,55.51,C,0,Can be improved,Neutral
8780,Ravi Verma,29,Male,0.8,31.08,0.38,3,42,6,54.23,D,0,Poor explanations,Negative
8781,Karthik Sharma,19,Male,0.49,49.44,0.34,7,22,4,51.91,D,0,Poor explanations,Negative
8782,Kavya Patel,29,Female,0.63,29.03,0.8,3,13,0,57.21,C,0,Normal learning experience,Neutral
8783,Kavya Das,30,Female,0.62,50.21,0.71,9,29,6,64.82,C,0,Normal learning experience,Neutral
8784,Meena Iyer,29,Male,0.74,52.39,0.79,4,47,9,76.81,B,0,Excellent platform for learning,Positive
8785,Sneha Singh,24,Male,0.79,46.33,0.79,9,37,3,70.01,B,0,Helped me improve a lot,Positive
8786,Arun Das,24,Female,0.82,56.31,0.72,7,22,2,74.64,B,0,Very engaging and informative,Positive
8787,Anjali Sharma,28,Male,0.82,33.67,0.7,8,27,8,62.98,C,0,Okay course,Neutral
8788,Arun Kumar,25,Female,0.69,47.31,0.74,3,48,5,61.63,C,0,Average experience,Neutral
8789,Suresh Iyer,23,Female,0.76,40.83,0.95,6,33,8,67.33,C,0,Normal learning experience,Neutral
8790,Rahul Nair,25,Male,0.69,60.38,0.95,6,4,8,79.72,B,0,Excellent platform for learning,Positive
8791,Arun Reddy,19,Male,0.94,28.37,0.89,7,39,4,76.54,B,0,Helped me improve a lot,Positive
8792,Suresh Iyer,19,Male,0.42,28.07,0.77,3,21,8,47.07,D,0,Very confusing content,Negative
8793,Arun Sharma,22,Female,0.34,9.32,0.62,3,4,7,38.09,Fail,1,Waste of time,Negative
8794,Divya Das,25,Male,0.83,41.46,0.62,8,49,4,74.15,B,0,Very engaging and informative,Positive
8795,Meena Gupta,19,Male,0.69,39.23,0.43,4,28,3,52.56,D,0,Waste of time,Negative
8796,Arun Nair,23,Male,0.64,31.24,0.26,6,6,9,28.33,Fail,0,Not useful at all,Negative
8797,Divya Patel,26,Female,0.85,78.21,0.55,4,37,0,69.85,C,0,Okay course,Neutral
8798,Vijay Das,28,Male,0.84,48.67,0.64,9,37,5,74.62,B,0,Helped me improve a lot,Positive
8799,Suresh Verma,24,Male,1,35.78,0.69,8,10,1,69.51,C,0,Nothing special,Neutral
8800,Sneha Reddy,19,Male,0.88,27.15,0.67,4,4,5,56.16,C,0,Nothing special,Neutral
8801,Vijay Das,21,Male,1,18.44,0.73,7,17,4,68.03,C,0,Average experience,Neutral
8802,Vijay Iyer,20,Female,0.66,45.89,0.71,8,42,0,65.52,C,0,Okay course,Neutral
8803,Divya Patel,20,Female,0.65,38.4,0.76,4,22,8,59.21,C,0,Normal learning experience,Neutral
8804,Anjali Singh,28,Male,0.31,16.96,0.4,4,39,7,36.18,Fail,1,Not useful at all,Negative
8805,Meena Patel,28,Female,0.57,82.42,0.73,7,46,4,72.38,B,0,Very engaging and informative,Positive
8806,Priya Singh,26,Female,0.85,43.28,0.74,3,31,7,61.63,C,0,Normal learning experience,Neutral
8807,Arun Verma,22,Female,0.82,39.7,0.47,5,18,7,55.54,C,0,Average experience,Neutral
8808,Meena Patel,26,Male,1,33.47,0.89,4,35,9,69.11,C,0,Can be improved,Neutral
8809,Kavya Verma,29,Female,1,53.63,0.95,6,45,3,75.47,B,0,Loved the teaching style,Positive
8810,Suresh Reddy,26,Female,0.86,60.4,0.96,4,40,3,75.05,B,0,Very engaging and informative,Positive
8811,Divya Reddy,24,Male,0.85,41.72,0.83,7,30,0,70.98,B,0,Very engaging and informative,Positive
8812,Suresh Kumar,18,Male,0.87,51.99,0.9,5,38,8,79.09,B,0,Great course and very helpful,Positive
8813,Arun Iyer,30,Female,0.82,30.64,0.63,9,32,8,67.04,C,0,Average experience,Neutral
8814,Karthik Das,27,Female,0.53,14.87,0.45,7,30,6,42.68,D,0,Not useful at all,Negative
8815,Anjali Verma,20,Female,0.66,35.76,0.46,4,26,8,40.89,D,0,Very confusing content,Negative
8816,Priya Sharma,29,Male,0.78,41.9,0.82,9,1,1,69.66,C,0,Normal learning experience,Neutral
8817,Karthik Kumar,29,Female,0.93,61.36,0.56,3,0,6,63.82,C,0,Okay course,Neutral
8818,Karthik Iyer,22,Female,0.73,47.43,0.29,7,1,5,42.02,D,0,Very confusing content,Negative
8819,Divya Das,20,Male,0.56,33.11,0.51,7,3,7,40.95,D,0,Not useful at all,Negative
8820,Rahul Sharma,23,Female,0.89,52.44,0.81,7,21,7,69.19,C,0,Okay course,Neutral
8821,Kavya Patel,27,Male,0.88,46.04,0.97,6,18,6,81.65,B,0,Helped me improve a lot,Positive
8822,Rahul Kumar,28,Male,1,16.14,0.61,3,32,4,70.39,B,0,Helped me improve a lot,Positive
8823,Karthik Singh,18,Male,0.92,38.44,1,7,33,4,76.23,B,0,Great course and very helpful,Positive
8824,Rahul Sharma,29,Female,0.85,39.62,0.38,5,31,1,65.9,C,0,Can be improved,Neutral
8825,Ravi Patel,19,Female,0.65,35.51,0.81,5,44,5,58.75,C,0,Normal learning experience,Neutral
8826,Vijay Iyer,25,Male,0.91,35.49,0.72,8,22,0,72.16,B,0,Great course and very helpful,Positive
8827,Priya Reddy,30,Female,0.95,37.42,0.41,9,34,3,59.26,C,0,Can be improved,Neutral
8828,Suresh Sharma,26,Female,0.59,35.14,0.87,7,28,5,64.65,C,0,Average experience,Neutral
8829,Sneha Singh,25,Female,0.82,50.21,0.66,3,27,2,67.5,C,0,Normal learning experience,Neutral
8830,Sneha Sharma,20,Female,0.82,51.26,0.56,4,45,1,65.09,C,0,Normal learning experience,Neutral
8831,Ravi Nair,27,Female,0.92,33.37,0.94,8,35,1,82.99,B,0,Very engaging and informative,Positive
8832,Suresh Gupta,19,Male,0.51,47.94,0.93,6,26,9,69.35,C,0,Can be improved,Neutral
8833,Arun Singh,30,Male,0.94,14.98,0.73,6,23,8,60.91,C,0,Okay course,Neutral
8834,Meena Reddy,21,Female,0.88,47.67,0.94,7,15,4,77.46,B,0,Loved the teaching style,Positive
8835,Rahul Sharma,22,Female,0.57,58.89,0.64,3,5,1,50.35,D,0,Very confusing content,Negative
8836,Arun Kumar,22,Female,0.79,34.33,0.6,7,21,8,55.27,C,0,Can be improved,Neutral
8837,Kavya Singh,22,Male,0.79,48.7,0.22,5,7,7,44.8,D,0,Waste of time,Negative
8838,Kavya Kumar,24,Male,0.4,36.96,1,3,43,5,65.39,C,0,Normal learning experience,Neutral
8839,Vijay Das,22,Female,1,39.9,0.62,7,8,5,71.9,B,0,Excellent platform for learning,Positive
8840,Sneha Nair,26,Male,0.89,38.38,0.52,8,24,0,60.5,C,0,Average experience,Neutral
8841,Vijay Sharma,30,Female,0.67,18.22,0.82,7,48,0,66.61,C,0,Normal learning experience,Neutral
8842,Arun Patel,19,Female,0.7,27.57,0.8,4,26,9,52.92,D,0,Not useful at all,Negative
8843,Karthik Gupta,28,Male,0.77,30.49,1,6,4,4,68.63,C,0,Normal learning experience,Neutral
8844,Sneha Gupta,23,Male,0.48,47.44,1,5,15,8,63.93,C,0,Okay course,Neutral
8845,Ravi Iyer,29,Male,0.55,35.41,0.94,9,21,1,60.19,C,0,Normal learning experience,Neutral
8846,Divya Das,18,Female,0.84,57.6,0.74,3,13,8,62.69,C,0,Normal learning experience,Neutral
8847,Priya Gupta,23,Female,0.71,52.36,0.75,6,9,1,61.47,C,0,Can be improved,Neutral
8848,Arun Sharma,20,Female,0.62,42.07,1,7,41,7,68.63,C,0,Can be improved,Neutral
8849,Suresh Kumar,19,Male,0.6,51.65,0.96,9,47,8,72.95,B,0,Very engaging and informative,Positive
8850,Vijay Verma,25,Female,0.7,53.87,1,7,25,6,72.48,B,0,Very engaging and informative,Positive
8851,Priya Sharma,22,Male,0.77,44.86,0.98,9,24,3,80.89,B,0,Very engaging and informative,Positive
8852,Arun Sharma,28,Female,0.85,62.64,0.81,4,33,9,76.42,B,0,Excellent platform for learning,Positive
8853,Arun Iyer,20,Male,0.86,36.92,0.39,7,37,7,66.06,C,0,Normal learning experience,Neutral
8854,Kavya Kumar,29,Female,0.26,37.13,0.82,6,19,6,46.62,D,0,Too difficult to follow,Negative
8855,Rahul Verma,27,Female,1,54.25,0.48,7,31,1,75.33,B,0,Excellent platform for learning,Positive
8856,Divya Sharma,28,Male,0.45,40.14,0.75,4,20,3,57.37,C,0,Normal learning experience,Neutral
8857,Rahul Patel,22,Female,0.85,22.3,0.67,7,21,0,70.04,B,0,Helped me improve a lot,Positive
8858,Ravi Patel,21,Male,0.58,30.78,0.53,6,44,1,54.42,D,0,Waste of time,Negative
8859,Vijay Reddy,22,Female,0.71,45.6,0.96,5,26,6,79.47,B,0,Very engaging and informative,Positive
8860,Ravi Nair,22,Female,0.35,33.34,0.67,4,35,9,45.59,D,0,Poor explanations,Negative
8861,Meena Singh,24,Female,0.82,8.02,1,7,28,3,66.83,C,0,Nothing special,Neutral
8862,Arun Verma,20,Male,0.65,18.55,0.55,5,28,4,45.57,D,0,Poor explanations,Negative
8863,Arun Iyer,28,Male,0.52,61.38,0.81,7,9,3,56.54,C,0,Okay course,Neutral
8864,Priya Singh,21,Female,0.56,47.02,0.84,6,9,1,60.48,C,0,Normal learning experience,Neutral
8865,Rahul Nair,20,Male,0.8,24.81,0.89,3,11,7,63.74,C,0,Can be improved,Neutral
8866,Rahul Verma,22,Female,0.27,27.55,0.65,3,44,2,38.95,Fail,0,Very confusing content,Negative
8867,Suresh Iyer,18,Female,0.83,22.46,0.46,4,42,7,60.19,C,0,Okay course,Neutral
8868,Vijay Iyer,18,Male,0.82,39.03,1,8,31,2,74.41,B,0,Great course and very helpful,Positive
8869,Anjali Gupta,22,Male,0.97,25.08,0.57,5,46,0,60.63,C,0,Average experience,Neutral
8870,Meena Nair,29,Female,0.85,16.83,0.76,5,39,1,62,C,0,Nothing special,Neutral
8871,Vijay Das,25,Male,0.53,47.17,0.83,7,40,8,66.08,C,0,Average experience,Neutral
8872,Priya Reddy,23,Female,0.93,70.47,0.89,9,37,3,82.85,B,0,Helped me improve a lot,Positive
8873,Priya Reddy,30,Male,0.99,43.84,0.57,5,29,6,57.14,C,0,Normal learning experience,Neutral
8874,Meena Sharma,19,Male,1,48,0.88,7,27,1,75.72,B,0,Excellent platform for learning,Positive
8875,Rahul Patel,30,Male,0.72,34.84,0.71,5,19,3,67.9,C,0,Average experience,Neutral
8876,Kavya Reddy,28,Female,0.44,30.13,0.65,9,25,7,48.94,D,0,Too difficult to follow,Negative
8877,Sneha Reddy,30,Male,0.84,38.73,1,9,39,5,77.68,B,0,Great course and very helpful,Positive
8878,Priya Gupta,20,Female,0.74,48.9,0.79,3,44,9,65.45,C,0,Normal learning experience,Neutral
8879,Kavya Singh,29,Male,0.64,65.13,0.48,8,41,7,64.83,C,0,Average experience,Neutral
8880,Sneha Verma,24,Male,1,65.35,0.61,4,35,3,73.82,B,0,Loved the teaching style,Positive
8881,Vijay Reddy,30,Male,0.9,20.78,0.44,5,48,0,56.86,C,0,Okay course,Neutral
8882,Arun Verma,29,Female,0.83,30.12,0.62,7,0,4,66.89,C,0,Normal learning experience,Neutral
8883,Karthik Singh,24,Male,0.81,16.2,0.48,9,20,4,56.58,C,0,Can be improved,Neutral
8884,Kavya Gupta,28,Female,0.76,57.29,0.89,4,6,2,70.6,B,0,Great course and very helpful,Positive
8885,Divya Kumar,25,Male,0.4,21.79,0.68,7,41,9,53.45,D,0,Poor explanations,Negative
8886,Anjali Iyer,22,Male,1,32.94,0.36,8,17,0,54.89,D,0,Waste of time,Negative
8887,Ravi Nair,29,Male,0.68,56.6,0.76,4,30,5,67.38,C,0,Normal learning experience,Neutral
8888,Suresh Verma,21,Male,0.48,35.72,0.97,9,16,7,61.77,C,0,Okay course,Neutral
8889,Ravi Patel,20,Female,0.26,33.93,0.98,4,42,6,56.1,C,0,Can be improved,Neutral
8890,Kavya Verma,24,Male,0.86,38.32,0.96,6,47,6,78.31,B,0,Excellent platform for learning,Positive
8891,Meena Iyer,26,Male,0.97,45.85,0.39,3,15,3,56.13,C,0,Average experience,Neutral
8892,Vijay Reddy,28,Male,0.99,43.7,0.86,4,44,3,66.37,C,0,Average experience,Neutral
8893,Kavya Das,19,Male,0.46,55.39,0.87,5,7,4,48.43,D,0,Too difficult to follow,Negative
8894,Sneha Gupta,22,Female,0.07,8.67,0.71,5,44,2,48.15,D,1,Not useful at all,Negative
8895,Ravi Singh,27,Female,0.83,49.23,1,6,27,8,73.81,B,0,Excellent platform for learning,Positive
8896,Arun Verma,26,Female,0.99,46.2,1,9,33,3,84.07,B,0,Loved the teaching style,Positive
8897,Suresh Iyer,29,Male,0.59,58.29,1,9,1,2,58.83,C,0,Can be improved,Neutral
8898,Meena Kumar,26,Male,0.73,44.37,0.65,7,18,2,54.64,D,0,Waste of time,Negative
8899,Meena Iyer,24,Male,0.76,21.45,0.88,4,29,7,60.39,C,0,Normal learning experience,Neutral
8900,Divya Kumar,23,Male,0.7,25.76,0.59,8,26,3,57.93,C,0,Okay course,Neutral
8901,Suresh Das,21,Female,1,41.55,0.82,8,34,0,73.3,B,0,Loved the teaching style,Positive
8902,Anjali Singh,30,Female,0.92,67.73,0.71,6,34,0,71.36,B,0,Great course and very helpful,Positive
8903,Divya Sharma,27,Female,0.5,28.89,0.39,6,43,2,48.76,D,0,Not useful at all,Negative
8904,Divya Patel,30,Female,0.81,29.75,0.53,4,8,2,54.9,D,0,Waste of time,Negative
8905,Divya Patel,30,Female,0.7,26,0.79,9,14,1,48.99,D,0,Waste of time,Negative
8906,Ravi Reddy,24,Male,0.78,38.08,0.66,9,2,2,59.86,C,0,Average experience,Neutral
8907,Anjali Kumar,18,Male,0.63,36.35,0.33,6,43,3,47.43,D,0,Waste of time,Negative
8908,Rahul Iyer,18,Female,0.95,25.82,0.76,7,47,8,68.62,C,0,Okay course,Neutral
8909,Suresh Verma,25,Male,1,47.25,0.72,3,40,9,75.72,B,0,Helped me improve a lot,Positive
8910,Suresh Nair,21,Female,1,42.63,0.84,8,28,6,83.57,B,0,Loved the teaching style,Positive
8911,Rahul Kumar,30,Male,0.76,52.3,0.64,4,15,7,63.2,C,0,Nothing special,Neutral
8912,Priya Reddy,29,Female,0.98,31.92,0.73,7,28,1,66.23,C,0,Normal learning experience,Neutral
8913,Ravi Verma,24,Male,0.39,51.73,0.59,8,7,1,44.48,D,0,Too difficult to follow,Negative
8914,Meena Verma,30,Male,0.79,27.75,0.74,9,27,6,64.04,C,0,Nothing special,Neutral
8915,Priya Verma,25,Female,0.89,53.52,0.55,8,15,5,66.7,C,0,Average experience,Neutral
8916,Ravi Iyer,25,Male,0.7,51.51,0.5,9,11,7,57.4,C,0,Okay course,Neutral
8917,Suresh Kumar,28,Male,0.7,42.64,0.78,7,47,0,67.57,C,0,Nothing special,Neutral
8918,Sneha Singh,18,Female,0.74,35.01,0.93,3,32,6,69.47,C,0,Nothing special,Neutral
8919,Meena Reddy,28,Male,0.73,39.79,1,7,8,5,61.54,C,0,Can be improved,Neutral
8920,Priya Kumar,21,Female,0.73,26.59,0.68,7,37,3,62.87,C,0,Can be improved,Neutral
8921,Sneha Iyer,25,Female,0.65,48.99,0.97,6,44,5,74.91,B,0,Excellent platform for learning,Positive
8922,Arun Patel,21,Male,0.75,56.56,0.66,6,8,1,62.64,C,0,Nothing special,Neutral
8923,Suresh Reddy,26,Male,0.93,38.32,0.55,3,27,0,64.99,C,0,Normal learning experience,Neutral
8924,Vijay Nair,27,Male,0.72,36.93,0.96,7,9,9,62.09,C,0,Can be improved,Neutral
8925,Sneha Das,21,Female,0.6,24.18,0.58,8,31,9,52.63,D,0,Very confusing content,Negative
8926,Rahul Nair,25,Male,0.98,60.72,0.77,8,6,1,68.33,C,0,Can be improved,Neutral
8927,Ravi Reddy,29,Male,0.78,39.26,0.46,3,43,8,66.38,C,0,Nothing special,Neutral
8928,Anjali Gupta,23,Male,0.79,41.04,0.55,4,38,3,55.43,C,0,Average experience,Neutral
8929,Meena Sharma,22,Male,1,56.41,0.49,8,33,7,63.85,C,0,Okay course,Neutral
8930,Rahul Das,27,Female,0.47,23.41,0.7,4,3,0,33.29,Fail,0,Too difficult to follow,Negative
8931,Suresh Kumar,25,Male,0.99,38.44,0.55,5,17,7,56.84,C,0,Can be improved,Neutral
8932,Arun Das,23,Male,0.98,22.77,0.81,9,40,9,77.37,B,0,Great course and very helpful,Positive
8933,Anjali Singh,21,Male,0.39,46.62,0.7,4,22,1,49.3,D,0,Not useful at all,Negative
8934,Sneha Kumar,22,Female,0.79,47.36,0.61,4,39,2,59.96,C,0,Can be improved,Neutral
8935,Sneha Das,25,Male,0.74,3.94,0.71,3,10,9,48.6,D,0,Waste of time,Negative
8936,Vijay Patel,22,Male,0.85,40.43,0.8,7,26,2,61.64,C,0,Average experience,Neutral
8937,Sneha Singh,25,Male,0.78,34.82,0.67,9,21,9,56.7,C,0,Normal learning experience,Neutral
8938,Karthik Kumar,21,Male,0.48,30.25,0.58,4,23,2,46.11,D,0,Poor explanations,Negative
8939,Divya Iyer,30,Female,0.51,46.43,0.53,5,11,0,42.7,D,0,Too difficult to follow,Negative
8940,Anjali Das,24,Female,0.75,32.85,0.48,3,16,7,53.37,D,0,Too difficult to follow,Negative
8941,Anjali Sharma,25,Male,0.95,24.9,0.71,7,11,2,63.44,C,0,Can be improved,Neutral
8942,Anjali Verma,30,Female,1,52.29,0.73,4,0,7,67.35,C,0,Normal learning experience,Neutral
8943,Kavya Verma,21,Female,1,40.32,0.54,3,25,0,55.8,C,0,Normal learning experience,Neutral
8944,Priya Patel,21,Male,0.6,26.38,0.57,9,37,7,55.88,C,0,Okay course,Neutral
8945,Sneha Verma,22,Female,0.36,31.07,0.73,9,8,4,54.58,D,0,Poor explanations,Negative
8946,Divya Patel,25,Female,0.92,39.82,0.52,8,23,3,66.88,C,0,Can be improved,Neutral
8947,Suresh Sharma,30,Male,0.63,31.97,0.86,9,39,4,63.42,C,0,Nothing special,Neutral
8948,Priya Singh,26,Female,0.65,32.31,0.65,7,8,4,47.29,D,0,Not useful at all,Negative
8949,Karthik Nair,21,Male,0.93,26.5,0.67,7,42,8,68.93,C,0,Normal learning experience,Neutral
8950,Ravi Singh,29,Male,0.53,47.68,0.93,3,18,9,55.82,C,0,Nothing special,Neutral
8951,Priya Singh,25,Male,0.69,42.19,0.72,5,7,9,59,C,0,Average experience,Neutral
8952,Arun Iyer,26,Female,0.75,29.99,0.72,4,16,2,59.92,C,0,Average experience,Neutral
8953,Priya Das,27,Male,0.69,51.8,0.67,8,23,4,60.95,C,0,Okay course,Neutral
8954,Suresh Singh,19,Female,0.53,30.26,0.68,8,31,9,61.31,C,0,Can be improved,Neutral
8955,Rahul Patel,28,Female,0.76,46.5,0.88,6,6,5,66.42,C,0,Can be improved,Neutral
8956,Arun Reddy,25,Female,0.49,30.64,0.63,4,32,7,38.43,Fail,0,Very confusing content,Negative
8957,Anjali Iyer,29,Female,0.71,59.06,0.78,5,25,3,73.51,B,0,Great course and very helpful,Positive
8958,Kavya Iyer,18,Female,0.81,53.71,0.73,4,12,9,65.56,C,0,Can be improved,Neutral
8959,Suresh Nair,25,Male,0.7,34.7,0.75,6,49,3,68.95,C,0,Can be improved,Neutral
8960,Suresh Reddy,25,Female,0.81,34.64,0.74,5,23,3,74.3,B,0,Very engaging and informative,Positive
8961,Meena Reddy,18,Male,0.83,41.19,0.64,4,40,4,62.27,C,0,Nothing special,Neutral
8962,Suresh Das,19,Male,0.93,37.81,0.61,4,1,1,54.23,D,0,Very confusing content,Negative
8963,Ravi Das,23,Male,0.61,38.5,0.93,4,45,2,65.67,C,0,Nothing special,Neutral
8964,Ravi Reddy,25,Female,0.72,38.68,0.34,6,4,6,49.63,D,0,Very confusing content,Negative
8965,Karthik Gupta,22,Female,0.76,22.79,0.59,9,0,7,55.54,C,0,Average experience,Neutral
8966,Divya Reddy,30,Male,0.69,30.72,1,5,1,3,73.35,B,0,Loved the teaching style,Positive
8967,Arun Nair,28,Male,0.08,36.1,0.23,6,4,6,20.93,Fail,0,Very confusing content,Negative
8968,Anjali Das,21,Female,0.58,37.08,0.79,9,9,2,63.89,C,0,Average experience,Neutral
8969,Vijay Kumar,18,Female,0.63,49.66,0.98,8,28,9,73.98,B,0,Great course and very helpful,Positive
8970,Divya Singh,26,Female,0.7,50.19,0.45,5,28,7,65.12,C,0,Normal learning experience,Neutral
8971,Sneha Kumar,20,Male,0.51,57,0.87,8,27,8,64.91,C,0,Normal learning experience,Neutral
8972,Arun Sharma,18,Male,0.57,38.84,0.57,3,40,9,54.5,D,0,Not useful at all,Negative
8973,Vijay Kumar,19,Male,0.71,62.8,0.51,4,35,7,54.81,D,0,Poor explanations,Negative
8974,Vijay Sharma,18,Female,0.98,77.8,0.55,3,5,5,67.82,C,0,Nothing special,Neutral
8975,Karthik Singh,21,Female,0.56,63.88,0.34,6,48,9,57.92,C,0,Can be improved,Neutral
8976,Priya Reddy,29,Male,0.87,93.31,0.96,3,25,0,75.49,B,0,Excellent platform for learning,Positive
8977,Arun Das,29,Male,0.68,59.16,0.62,3,43,4,61.88,C,0,Can be improved,Neutral
8978,Arun Sharma,27,Female,0.74,51.16,1,9,8,0,84.16,B,0,Very engaging and informative,Positive
8979,Anjali Verma,22,Female,0.7,33.81,0.72,4,43,2,67.99,C,0,Nothing special,Neutral
8980,Karthik Nair,23,Female,0.93,46.24,0.52,4,43,0,70.08,B,0,Helped me improve a lot,Positive
8981,Meena Nair,28,Male,1,22.91,0.49,4,12,0,55.73,C,0,Nothing special,Neutral
8982,Arun Das,20,Female,0.78,49.61,0.52,3,39,3,63.51,C,0,Okay course,Neutral
8983,Rahul Sharma,18,Male,0.38,43.18,0.75,3,8,4,45.86,D,0,Poor explanations,Negative
8984,Rahul Sharma,25,Female,0.72,56.62,0.96,3,18,0,65.05,C,0,Nothing special,Neutral
8985,Meena Verma,26,Female,0.4,57.78,0.92,8,27,3,63.76,C,0,Average experience,Neutral
8986,Anjali Iyer,30,Male,0.61,49.38,0.54,9,14,3,65.72,C,0,Okay course,Neutral
8987,Priya Kumar,26,Female,0.69,68.47,0.59,5,49,0,59.48,C,0,Normal learning experience,Neutral
8988,Suresh Kumar,28,Female,0.94,40.33,0.84,3,28,1,65.96,C,0,Average experience,Neutral
8989,Ravi Reddy,20,Female,0.97,73.51,0.62,7,15,2,67.35,C,0,Nothing special,Neutral
8990,Sneha Patel,30,Male,0.89,21.47,0.53,6,48,4,71.37,B,0,Helped me improve a lot,Positive
8991,Rahul Iyer,23,Male,1,40.11,0.9,4,35,3,65.28,C,0,Normal learning experience,Neutral
8992,Suresh Patel,18,Female,1,44.76,0.77,7,8,6,74.76,B,0,Great course and very helpful,Positive
8993,Vijay Iyer,18,Female,0.79,23.53,0.37,7,32,4,52.76,D,0,Waste of time,Negative
8994,Ravi Reddy,18,Female,0.74,57.08,0.63,3,7,9,67.86,C,0,Okay course,Neutral
8995,Karthik Kumar,19,Male,1,32.72,0.95,7,12,7,75.52,B,0,Excellent platform for learning,Positive
8996,Ravi Kumar,25,Male,0.97,61.7,0.45,8,36,8,73.83,B,0,Very engaging and informative,Positive
8997,Divya Singh,18,Female,0.65,29.55,0.4,7,34,5,53.5,D,0,Too difficult to follow,Negative
8998,Sneha Reddy,26,Male,0.31,53.7,0.64,6,31,4,63.08,C,0,Okay course,Neutral
8999,Rahul Singh,26,Male,1,37.02,0.6,5,14,1,57.28,C,0,Nothing special,Neutral
9000,Rahul Das,22,Female,0.68,70.26,0.42,4,18,7,56.36,C,0,Average experience,Neutral
9001,Vijay Singh,28,Female,0.62,33.1,0.78,5,8,0,57.18,C,0,Normal learning experience,Neutral
9002,Kavya Gupta,25,Male,0.85,45.96,0.59,6,4,4,54.67,D,0,Very confusing content,Negative
9003,Divya Das,25,Female,0.71,19.88,0.9,5,17,9,57.74,C,0,Nothing special,Neutral
9004,Priya Patel,18,Male,0.79,35.73,0.81,6,12,3,62.27,C,0,Nothing special,Neutral
9005,Arun Reddy,19,Male,0.72,33.66,0.71,3,39,7,68.03,C,0,Nothing special,Neutral
9006,Rahul Reddy,30,Male,0.23,30.07,0.35,9,17,7,41.36,D,0,Not useful at all,Negative
9007,Anjali Reddy,28,Female,1,33.44,0.67,7,47,4,74.14,B,0,Excellent platform for learning,Positive
9008,Karthik Verma,29,Female,0.64,38.22,0.77,7,40,5,67.59,C,0,Normal learning experience,Neutral
9009,Priya Iyer,23,Female,0.72,50.76,0.64,7,25,4,59.23,C,0,Nothing special,Neutral
9010,Anjali Verma,23,Female,0.83,41.92,1,7,6,4,68.2,C,0,Can be improved,Neutral
9011,Karthik Nair,28,Female,0.53,39.17,1,3,0,4,53.3,D,0,Very confusing content,Negative
9012,Arun Das,29,Female,0.54,63.58,0.75,5,42,9,68.11,C,0,Average experience,Neutral
9013,Rahul Reddy,18,Male,0.6,51.76,0.66,4,29,3,54.96,D,0,Too difficult to follow,Negative
9014,Arun Patel,29,Male,0.41,21.5,0.68,9,44,7,59.18,C,0,Nothing special,Neutral
9015,Sneha Singh,25,Female,1,27.77,0.54,5,47,8,58.87,C,0,Can be improved,Neutral
9016,Sneha Nair,24,Male,0.83,38.65,0.92,4,3,1,67.8,C,0,Nothing special,Neutral
9017,Anjali Sharma,24,Male,0.77,38.08,0.78,6,15,8,62.28,C,0,Nothing special,Neutral
9018,Karthik Verma,26,Female,0.95,51.33,0.19,8,33,8,51.52,D,0,Waste of time,Negative
9019,Suresh Kumar,22,Male,0.85,48.07,0.79,4,14,1,65.86,C,0,Nothing special,Neutral
9020,Sneha Das,27,Male,0.69,49.58,0.89,7,35,7,67.28,C,0,Average experience,Neutral
9021,Kavya Gupta,28,Male,0.56,41.9,0.85,8,14,5,57.94,C,0,Nothing special,Neutral
9022,Meena Das,21,Female,0.31,63.1,0.82,7,21,3,61.5,C,0,Normal learning experience,Neutral
9023,Divya Iyer,18,Female,0.46,42.83,1,7,31,1,62.26,C,0,Can be improved,Neutral
9024,Kavya Patel,23,Female,0.7,42.6,0.59,6,31,3,59.92,C,0,Average experience,Neutral
9025,Ravi Sharma,26,Male,0.79,48.3,0.34,8,17,8,60.68,C,0,Can be improved,Neutral
9026,Meena Gupta,27,Male,0.27,43.88,0.67,5,17,4,43.59,D,0,Not useful at all,Negative
9027,Rahul Singh,20,Male,0.8,37.36,0.84,6,18,9,68.06,C,0,Can be improved,Neutral
9028,Divya Das,22,Male,0.17,13.73,0.6,6,27,4,42.15,D,1,Too difficult to follow,Negative
9029,Karthik Kumar,24,Female,0.94,30.45,0.8,8,23,0,67.18,C,0,Can be improved,Neutral
9030,Vijay Kumar,20,Female,0.85,7.66,0.94,3,34,9,64.79,C,0,Okay course,Neutral
9031,Anjali Singh,28,Female,0.7,53.59,0.71,5,44,3,76.41,B,0,Loved the teaching style,Positive
9032,Karthik Sharma,26,Female,0.68,5.21,0.73,9,3,7,55.9,C,0,Okay course,Neutral
9033,Sneha Sharma,25,Female,0.66,64.55,0.69,3,25,7,60.9,C,0,Normal learning experience,Neutral
9034,Meena Iyer,27,Female,0.81,30.24,0.72,4,49,0,62.01,C,0,Okay course,Neutral
9035,Arun Singh,28,Female,0.77,13.88,1,8,32,8,69.73,C,0,Normal learning experience,Neutral
9036,Ravi Kumar,18,Female,0.73,42.91,0.53,6,4,7,39.63,Fail,0,Very confusing content,Negative
9037,Arun Sharma,18,Male,0.65,68.16,0.49,7,35,5,59.04,C,0,Nothing special,Neutral
9038,Sneha Das,18,Male,0.44,52.4,0.76,6,49,0,60.69,C,0,Can be improved,Neutral
9039,Kavya Nair,23,Male,1,16.87,0.78,9,41,9,73.36,B,0,Excellent platform for learning,Positive
9040,Anjali Sharma,30,Male,0.69,13.5,0.75,9,4,3,62.45,C,0,Nothing special,Neutral
9041,Anjali Sharma,24,Male,1,50.41,0.64,9,25,9,74.51,B,0,Great course and very helpful,Positive
9042,Meena Sharma,21,Female,0.45,28.94,0.31,5,21,5,36.74,Fail,0,Poor explanations,Negative
9043,Vijay Patel,28,Female,0.76,30.64,0.59,5,6,6,49.41,D,0,Too difficult to follow,Negative
9044,Anjali Nair,28,Male,0.87,47.53,0.8,4,37,4,66.1,C,0,Okay course,Neutral
9045,Rahul Sharma,18,Female,0.89,32.54,0.68,7,25,3,68.18,C,0,Nothing special,Neutral
9046,Karthik Sharma,27,Female,0.87,60.19,0.51,5,16,2,65.99,C,0,Nothing special,Neutral
9047,Karthik Reddy,26,Male,0.48,17.27,0.6,4,47,8,53.54,D,1,Not useful at all,Negative
9048,Sneha Nair,29,Female,0.75,62.59,0.9,9,41,2,82.28,B,0,Helped me improve a lot,Positive
9049,Divya Patel,29,Female,0.85,20.42,0.91,7,48,5,72.58,B,0,Great course and very helpful,Positive
9050,Rahul Kumar,24,Female,0.65,43.9,0.61,5,45,7,56.09,C,0,Nothing special,Neutral
9051,Sneha Singh,24,Female,0.61,42.75,0.89,6,45,9,68.86,C,0,Normal learning experience,Neutral
9052,Meena Singh,25,Female,0.34,36.89,0.61,4,30,4,53.31,D,0,Too difficult to follow,Negative
9053,Meena Patel,24,Male,0.89,46.59,0.79,5,24,9,74.13,B,0,Helped me improve a lot,Positive
9054,Suresh Reddy,23,Male,0.48,38.67,0.84,6,19,1,54.47,D,0,Waste of time,Negative
9055,Ravi Verma,19,Female,0.43,32.55,0.63,5,16,6,45.37,D,0,Waste of time,Negative
9056,Karthik Nair,24,Female,0.46,15.94,0.75,6,0,1,47.17,D,1,Very confusing content,Negative
9057,Karthik Kumar,20,Male,1,31.24,0.73,4,49,1,67.44,C,0,Normal learning experience,Neutral
9058,Sneha Gupta,22,Female,0.86,47.93,0.5,6,32,3,59.24,C,0,Can be improved,Neutral
9059,Kavya Nair,29,Male,0.3,15.2,0.94,4,37,0,49.88,D,1,Very confusing content,Negative
9060,Anjali Sharma,30,Female,0.99,14.38,0.45,6,40,1,57.53,C,0,Nothing special,Neutral
9061,Suresh Das,24,Female,0.76,46.23,0.57,3,28,2,57.29,C,0,Average experience,Neutral
9062,Suresh Iyer,29,Male,0.49,36.86,0.82,9,33,9,60.04,C,0,Can be improved,Neutral
9063,Ravi Das,21,Male,0.63,33.16,0.76,5,31,1,60.6,C,0,Nothing special,Neutral
9064,Vijay Iyer,26,Male,0.49,72.49,0.35,5,27,3,47.91,D,0,Poor explanations,Negative
9065,Karthik Nair,25,Male,0.98,31.84,0.61,7,7,9,53.3,D,0,Too difficult to follow,Negative
9066,Sneha Das,28,Female,1,43.53,0.61,6,20,6,76.58,B,0,Excellent platform for learning,Positive
9067,Ravi Das,25,Female,0.83,64.42,0.69,7,33,8,57.01,C,0,Can be improved,Neutral
9068,Divya Das,28,Female,0.5,68.82,0.67,3,3,1,58.96,C,0,Average experience,Neutral
9069,Anjali Iyer,26,Female,0.75,57.53,0.57,6,48,5,67.61,C,0,Can be improved,Neutral
9070,Meena Kumar,21,Male,0.76,54.27,0.78,9,14,3,73.03,B,0,Loved the teaching style,Positive
9071,Karthik Iyer,25,Male,0.8,31.84,0.43,9,11,6,56.5,C,0,Average experience,Neutral
9072,Vijay Gupta,22,Female,0.92,51.81,0.58,8,22,7,77.56,B,0,Very engaging and informative,Positive
9073,Karthik Das,26,Female,0.51,42.66,0.45,8,14,6,43.54,D,0,Waste of time,Negative
9074,Anjali Verma,29,Male,0.72,23.34,0.82,8,11,2,59.75,C,0,Can be improved,Neutral
9075,Ravi Sharma,18,Male,0.62,40.21,0.78,9,20,1,68.34,C,0,Okay course,Neutral
9076,Kavya Iyer,28,Female,0.74,19.86,0.47,9,16,5,59.93,C,0,Normal learning experience,Neutral
9077,Sneha Reddy,20,Female,0.78,41.77,0.9,6,41,2,69.73,C,0,Nothing special,Neutral
9078,Rahul Nair,25,Female,0.88,41.07,0.88,5,44,5,68.68,C,0,Average experience,Neutral
9079,Suresh Iyer,20,Male,0.77,75.12,0.35,4,48,9,55.97,C,0,Normal learning experience,Neutral
9080,Anjali Das,20,Male,0.82,34.53,0.81,7,25,2,78.7,B,0,Excellent platform for learning,Positive
9081,Vijay Patel,24,Male,0.51,46.24,0.78,4,13,2,60,C,0,Nothing special,Neutral
9082,Vijay Singh,20,Female,0.65,54.42,0.4,9,49,2,62.62,C,0,Normal learning experience,Neutral
9083,Meena Reddy,22,Male,0.65,6.15,0.66,6,20,3,57.17,C,0,Normal learning experience,Neutral
9084,Kavya Singh,22,Female,0.78,45.11,0.67,6,34,6,68.99,C,0,Normal learning experience,Neutral
9085,Anjali Sharma,19,Male,0.6,39.67,0.69,8,45,3,69.25,C,0,Normal learning experience,Neutral
9086,Suresh Reddy,26,Female,0.99,22.44,0.86,7,48,3,74.13,B,0,Helped me improve a lot,Positive
9087,Kavya Patel,29,Female,0.45,41.79,0.99,9,28,5,69.96,C,0,Normal learning experience,Neutral
9088,Karthik Gupta,18,Male,1,39.64,0.49,3,8,4,50.52,D,0,Waste of time,Negative
9089,Rahul Reddy,30,Female,0.73,34.17,1,8,34,3,68.11,C,0,Nothing special,Neutral
9090,Arun Patel,23,Female,0.65,29.16,1,4,42,9,71.35,B,0,Helped me improve a lot,Positive
9091,Karthik Kumar,28,Female,0.81,41.01,0.97,3,49,1,68.44,C,0,Normal learning experience,Neutral
9092,Kavya Gupta,29,Male,0.86,32.05,0.78,4,25,2,66.78,C,0,Okay course,Neutral
9093,Ravi Kumar,23,Male,0.6,8.31,0.74,6,0,6,46.73,D,0,Waste of time,Negative
9094,Anjali Sharma,21,Female,0.77,43.1,0.28,3,49,0,47.18,D,0,Too difficult to follow,Negative
9095,Vijay Kumar,20,Female,0.99,36.86,0.64,6,23,9,63.06,C,0,Can be improved,Neutral
9096,Karthik Das,21,Female,0.84,28.91,0.48,6,29,4,52.67,D,0,Poor explanations,Negative
9097,Kavya Das,30,Female,0.71,37.95,0.49,8,24,3,58.86,C,0,Can be improved,Neutral
9098,Priya Patel,28,Female,0.59,44.65,0.73,5,12,5,51.71,D,0,Waste of time,Negative
9099,Kavya Singh,18,Female,0.55,32.11,0.33,3,40,0,40.47,D,0,Poor explanations,Negative
9100,Divya Patel,20,Female,0.96,59.73,0.65,3,49,9,82.09,B,0,Great course and very helpful,Positive
9101,Suresh Sharma,20,Male,0.77,45.33,0.69,9,42,9,71.04,B,0,Helped me improve a lot,Positive
9102,Suresh Verma,23,Male,0.39,41.58,0.26,9,24,0,45.28,D,0,Waste of time,Negative
9103,Karthik Kumar,20,Male,0.86,38.43,0.94,5,15,5,69.58,C,0,Average experience,Neutral
9104,Suresh Patel,23,Female,0.96,45.75,0.76,3,24,9,72.06,B,0,Excellent platform for learning,Positive
9105,Kavya Verma,28,Female,0.61,20.4,0.68,8,29,0,61.62,C,0,Okay course,Neutral
9106,Anjali Verma,18,Female,0.89,23.79,0.56,7,29,0,59.09,C,0,Okay course,Neutral
9107,Priya Das,30,Female,0.81,27.36,0.58,9,2,7,56.65,C,0,Okay course,Neutral
9108,Sneha Gupta,20,Male,0.82,44.1,0.63,3,47,2,69.54,C,0,Normal learning experience,Neutral
9109,Priya Kumar,23,Male,0.77,30.58,1,8,2,2,67.72,C,0,Okay course,Neutral
9110,Arun Nair,23,Male,0.82,39.23,0.83,6,0,5,61.6,C,0,Can be improved,Neutral
9111,Kavya Reddy,30,Male,0.84,28.83,0.8,4,35,6,70.65,B,0,Great course and very helpful,Positive
9112,Kavya Patel,22,Female,0.78,42.47,0.79,6,44,5,72.43,B,0,Excellent platform for learning,Positive
9113,Vijay Verma,30,Male,0.95,34.21,0.39,3,41,4,64.63,C,0,Normal learning experience,Neutral
9114,Divya Sharma,22,Female,0.8,23.23,1,3,21,9,59.21,C,0,Okay course,Neutral
9115,Sneha Gupta,19,Female,0.87,34,0.58,5,15,4,54.19,D,0,Poor explanations,Negative
9116,Arun Kumar,18,Female,0.81,43.1,0.45,9,13,6,57.76,C,0,Nothing special,Neutral
9117,Rahul Kumar,29,Male,0.9,43.86,0.59,9,18,7,66.91,C,0,Normal learning experience,Neutral
9118,Meena Verma,30,Male,0.4,45.81,0.71,3,30,8,44.2,D,0,Waste of time,Negative
9119,Meena Verma,26,Male,0.78,60.04,0.81,6,4,1,55.63,C,0,Okay course,Neutral
9120,Kavya Sharma,28,Male,0.74,41.55,1,3,4,2,51.28,D,0,Too difficult to follow,Negative
9121,Anjali Das,18,Female,0.58,56.83,0.82,5,42,9,64.79,C,0,Okay course,Neutral
9122,Kavya Sharma,22,Female,0.78,31.14,1,8,4,8,66.94,C,0,Can be improved,Neutral
9123,Priya Verma,30,Female,0.83,76.38,0.78,5,10,9,68.64,C,0,Average experience,Neutral
9124,Sneha Gupta,30,Female,1,73.21,0.92,3,6,9,79.05,B,0,Very engaging and informative,Positive
9125,Anjali Patel,25,Male,0.76,22.02,0.74,9,24,7,67.07,C,0,Normal learning experience,Neutral
9126,Kavya Reddy,28,Female,0.9,44.85,1,5,43,4,76.05,B,0,Loved the teaching style,Positive
9127,Kavya Patel,30,Female,1,24.21,0.5,6,22,5,52.99,D,0,Too difficult to follow,Negative
9128,Karthik Patel,25,Male,0.56,27.54,0.68,9,19,1,55.17,C,0,Nothing special,Neutral
9129,Anjali Nair,30,Male,0.56,38.8,0.84,3,20,6,54.58,D,0,Very confusing content,Negative
9130,Divya Iyer,25,Female,0.68,57.19,0.59,9,48,1,72.85,B,0,Loved the teaching style,Positive
9131,Karthik Reddy,18,Male,0.91,41.32,0.76,5,23,0,65.11,C,0,Can be improved,Neutral
9132,Arun Verma,21,Female,0.8,50.35,1,6,6,4,76.72,B,0,Great course and very helpful,Positive
9133,Ravi Patel,19,Female,1,23.57,0.86,5,33,9,76.42,B,0,Excellent platform for learning,Positive
9134,Priya Singh,30,Male,0.76,44.13,0.76,4,10,0,59.88,C,0,Nothing special,Neutral
9135,Arun Reddy,25,Male,0.47,31.56,0.34,3,2,3,29.78,Fail,0,Too difficult to follow,Negative
9136,Meena Kumar,23,Male,0.54,42.89,0.51,7,20,6,58.92,C,0,Average experience,Neutral
9137,Ravi Kumar,26,Male,0.54,47.57,0.46,9,45,5,65.27,C,0,Average experience,Neutral
9138,Vijay Iyer,20,Female,0.7,48.87,0.67,9,22,6,56.1,C,0,Normal learning experience,Neutral
9139,Kavya Iyer,27,Female,0.66,41.69,0.71,5,7,7,56.87,C,0,Okay course,Neutral
9140,Vijay Reddy,23,Male,0.78,59.88,0.61,5,47,4,75.11,B,0,Great course and very helpful,Positive
9141,Vijay Das,22,Male,0.96,39.35,0.5,6,17,5,62.26,C,0,Normal learning experience,Neutral
9142,Priya Iyer,26,Female,0.55,55.53,0.42,3,20,6,43.6,D,0,Poor explanations,Negative
9143,Divya Singh,20,Female,0.12,58.84,0.82,9,27,5,43.79,D,0,Poor explanations,Negative
9144,Rahul Verma,28,Male,0.5,42.69,0.94,9,16,4,57.63,C,0,Okay course,Neutral
9145,Karthik Reddy,19,Female,0.7,54.77,0.65,8,10,9,61.8,C,0,Okay course,Neutral
9146,Divya Nair,22,Male,0.92,31.29,0.52,7,38,8,59.69,C,0,Can be improved,Neutral
9147,Karthik Kumar,19,Female,0.86,20.94,1,8,27,2,78.64,B,0,Great course and very helpful,Positive
9148,Rahul Iyer,19,Female,0.97,70.69,0.65,3,20,0,66.65,C,0,Nothing special,Neutral
9149,Karthik Nair,20,Male,0.63,33.97,0.48,5,22,5,47.33,D,0,Very confusing content,Negative
9150,Suresh Das,23,Male,0.58,51.19,0.97,9,8,6,66.8,C,0,Nothing special,Neutral
9151,Ravi Gupta,18,Male,0.74,49.49,0.86,7,9,0,71.97,B,0,Excellent platform for learning,Positive
9152,Divya Reddy,21,Female,0.98,42.16,0.95,4,40,7,80.95,B,0,Helped me improve a lot,Positive
9153,Karthik Gupta,27,Female,0.69,12.56,0.94,4,8,1,52.77,D,0,Not useful at all,Negative
9154,Divya Reddy,24,Male,0.57,47.94,0.47,5,16,8,40.02,D,0,Not useful at all,Negative
9155,Vijay Reddy,25,Male,0.99,45.46,0.59,4,19,7,60.53,C,0,Nothing special,Neutral
9156,Anjali Nair,30,Female,1,23.43,0.95,3,5,6,65.05,C,0,Okay course,Neutral
9157,Meena Patel,30,Female,0.8,26.59,0.88,3,35,2,72.88,B,0,Excellent platform for learning,Positive
9158,Divya Singh,21,Female,0.97,41.86,0.58,7,23,7,71.12,B,0,Loved the teaching style,Positive
9159,Kavya Sharma,19,Male,0.71,45.62,0.47,9,23,3,56.87,C,0,Average experience,Neutral
9160,Anjali Iyer,29,Female,0.98,38.24,0.28,7,15,6,42.49,D,0,Too difficult to follow,Negative
9161,Meena Kumar,22,Female,0.57,26.4,0.85,5,3,2,51.18,D,0,Poor explanations,Negative
9162,Arun Iyer,20,Female,0.87,32.86,0.75,9,8,4,69.11,C,0,Average experience,Neutral
9163,Sneha Sharma,29,Male,1,34.18,1,6,9,8,69.09,C,0,Can be improved,Neutral
9164,Suresh Das,28,Female,0.66,3.51,0.47,6,17,7,47.33,D,0,Waste of time,Negative
9165,Anjali Iyer,23,Female,0.8,36.38,0.55,6,33,9,57.4,C,0,Okay course,Neutral
9166,Arun Reddy,30,Female,0.74,39.92,0.73,3,33,0,62.94,C,0,Okay course,Neutral
9167,Divya Gupta,26,Female,0.7,69.41,0.71,4,40,8,67.52,C,0,Normal learning experience,Neutral
9168,Divya Das,24,Female,0.71,42.63,0.78,8,40,5,69.9,C,0,Nothing special,Neutral
9169,Anjali Patel,19,Female,0.52,51.42,0.74,4,48,7,64.96,C,0,Nothing special,Neutral
9170,Meena Reddy,28,Female,0.87,36.64,0.77,4,31,2,65.27,C,0,Nothing special,Neutral
9171,Meena Verma,20,Female,1,36.61,0.48,6,32,1,64,C,0,Average experience,Neutral
9172,Arun Singh,20,Male,0.91,41.81,0.77,9,40,1,68.41,C,0,Average experience,Neutral
9173,Arun Patel,24,Male,0.79,46.01,0.98,8,22,7,74.23,B,0,Very engaging and informative,Positive
9174,Divya Das,25,Male,1,47.05,0.78,9,30,9,68.61,C,0,Can be improved,Neutral
9175,Rahul Gupta,22,Female,0.18,38.68,0.67,7,28,8,52.09,D,0,Too difficult to follow,Negative
9176,Kavya Patel,18,Female,0.81,45.63,0.69,8,28,2,70.57,B,0,Great course and very helpful,Positive
9177,Karthik Sharma,23,Female,0.86,27.91,0.55,9,17,2,60.14,C,0,Nothing special,Neutral
9178,Suresh Patel,20,Male,0.74,50.21,0.85,4,40,8,72.4,B,0,Loved the teaching style,Positive
9179,Suresh Nair,18,Male,0.87,45.03,1,8,12,3,71.21,B,0,Helped me improve a lot,Positive
9180,Vijay Verma,23,Female,0.63,79.03,0.8,5,0,3,72.95,B,0,Loved the teaching style,Positive
9181,Divya Patel,28,Female,0.46,41.57,0.52,7,4,8,44.68,D,0,Waste of time,Negative
9182,Anjali Iyer,23,Female,0.56,33.3,0.57,4,29,9,50.98,D,0,Too difficult to follow,Negative
9183,Divya Kumar,23,Male,0.75,49.59,0.99,8,38,6,77.34,B,0,Helped me improve a lot,Positive
9184,Kavya Gupta,19,Male,0.8,42.32,0.35,3,15,7,46.4,D,0,Waste of time,Negative
9185,Arun Gupta,28,Male,0.93,56.74,0.58,7,48,9,75.69,B,0,Great course and very helpful,Positive
9186,Divya Reddy,25,Female,0.68,52.01,0.59,9,42,5,58.36,C,0,Can be improved,Neutral
9187,Rahul Kumar,21,Male,0.55,36.25,0.6,8,49,7,60.01,C,0,Nothing special,Neutral
9188,Suresh Singh,24,Male,0.51,37.72,0.78,8,7,5,52.28,D,0,Very confusing content,Negative
9189,Meena Sharma,18,Female,0.51,28.62,0.43,7,43,0,51.64,D,0,Too difficult to follow,Negative
9190,Divya Singh,27,Male,0.94,28.81,0.66,7,28,7,68.41,C,0,Average experience,Neutral
9191,Divya Verma,28,Female,1,30.62,0.56,3,5,2,54,D,0,Too difficult to follow,Negative
9192,Priya Patel,28,Female,0.85,34.48,0.5,8,5,6,52.82,D,0,Poor explanations,Negative
9193,Arun Nair,18,Male,0.38,21.58,0.89,6,49,6,60.11,C,0,Okay course,Neutral
9194,Arun Das,28,Male,0.81,30.88,0.78,3,7,2,60.86,C,0,Okay course,Neutral
9195,Kavya Das,20,Male,0.7,33.04,0.57,5,32,9,56.07,C,0,Okay course,Neutral
9196,Kavya Singh,25,Male,1,53.45,0.73,8,7,3,79.63,B,0,Great course and very helpful,Positive
9197,Anjali Iyer,24,Male,0.74,58.39,0.51,8,12,6,56.78,C,0,Average experience,Neutral
9198,Suresh Nair,26,Female,0.24,45.77,0.21,9,16,6,32.46,Fail,0,Poor explanations,Negative
9199,Meena Iyer,27,Male,1,31.06,0.47,7,3,2,48.73,D,0,Too difficult to follow,Negative
9200,Karthik Iyer,22,Male,0.95,41,0.39,8,9,4,56.42,C,0,Can be improved,Neutral
9201,Ravi Kumar,22,Male,0.95,36.91,0.94,5,35,4,70.51,B,0,Great course and very helpful,Positive
9202,Arun Nair,26,Female,0.66,25.02,1,3,9,2,56.02,C,0,Nothing special,Neutral
9203,Meena Gupta,22,Female,0.61,23.5,0.68,6,29,4,55.55,C,0,Okay course,Neutral
9204,Divya Reddy,19,Male,0.67,31.82,0.6,7,45,4,59.74,C,0,Normal learning experience,Neutral
9205,Arun Sharma,22,Female,0.99,54.38,0.75,7,23,2,78.28,B,0,Very engaging and informative,Positive
9206,Vijay Iyer,22,Female,1,29.96,0.71,5,45,6,76.09,B,0,Loved the teaching style,Positive
9207,Priya Verma,29,Female,0.78,37.78,0.78,8,35,5,75.23,B,0,Great course and very helpful,Positive
9208,Sneha Nair,24,Male,0.66,18.5,0.69,5,42,1,55.73,C,0,Average experience,Neutral
9209,Ravi Verma,27,Male,0.96,33.4,0.59,5,26,4,65.49,C,0,Average experience,Neutral
9210,Kavya Verma,19,Female,0.36,18.03,0.6,3,10,0,43.64,D,1,Very confusing content,Negative
9211,Kavya Patel,25,Female,0.58,49.18,0.72,9,48,8,69.45,C,0,Okay course,Neutral
9212,Meena Reddy,30,Female,0.94,30.15,0.72,3,46,5,71.42,B,0,Excellent platform for learning,Positive
9213,Sneha Patel,24,Male,0.94,37.38,0.76,7,19,1,72.19,B,0,Excellent platform for learning,Positive
9214,Priya Nair,26,Female,0.34,36.99,0.68,4,4,2,44.21,D,0,Very confusing content,Negative
9215,Anjali Gupta,18,Female,0.91,51.77,0.38,4,34,3,53.91,D,0,Not useful at all,Negative
9216,Priya Gupta,21,Female,0.97,45.39,0.73,9,15,2,71.53,B,0,Great course and very helpful,Positive
9217,Sneha Patel,28,Male,0.59,23.91,0.71,5,29,6,56.66,C,0,Okay course,Neutral
9218,Karthik Das,29,Male,0.68,27.1,0.88,8,40,8,63.43,C,0,Can be improved,Neutral
9219,Anjali Iyer,19,Male,0.68,76.12,0.72,7,49,1,62.76,C,0,Normal learning experience,Neutral
9220,Vijay Singh,27,Male,0.81,38.22,0.74,8,19,9,61.38,C,0,Okay course,Neutral
9221,Vijay Reddy,26,Male,0.89,58.43,0.84,3,4,8,62.67,C,0,Normal learning experience,Neutral
9222,Priya Singh,27,Male,0.97,51.85,0.68,9,41,0,83.25,B,0,Loved the teaching style,Positive
9223,Ravi Singh,24,Male,0.6,46.2,0.78,6,3,8,59.7,C,0,Can be improved,Neutral
9224,Karthik Sharma,27,Male,1,27.95,0.41,6,5,1,59.8,C,0,Nothing special,Neutral
9225,Vijay Nair,20,Male,0.97,40.02,0.81,3,21,7,63.2,C,0,Nothing special,Neutral
9226,Ravi Nair,20,Female,0.74,16,0.41,6,8,9,39.96,Fail,0,Poor explanations,Negative
9227,Arun Verma,26,Male,0.91,57,0.63,3,0,5,57.94,C,0,Okay course,Neutral
9228,Suresh Nair,29,Female,0.47,11.93,0.64,9,9,0,42.66,D,1,Too difficult to follow,Negative
9229,Arun Nair,19,Male,0.81,15.6,1,5,2,9,67.02,C,0,Normal learning experience,Neutral
9230,Sneha Verma,29,Male,1,34.18,0.79,5,22,7,65.74,C,0,Can be improved,Neutral
9231,Priya Gupta,20,Male,1,38.36,0.3,4,28,9,51.97,D,0,Poor explanations,Negative
9232,Sneha Sharma,27,Female,0.9,49.45,0.58,7,36,1,67.56,C,0,Normal learning experience,Neutral
9233,Vijay Sharma,25,Male,0.63,61.11,0.6,7,20,3,63.75,C,0,Okay course,Neutral
9234,Karthik Nair,20,Female,0.85,37.97,0.49,6,33,0,57.3,C,0,Average experience,Neutral
9235,Suresh Sharma,18,Female,0.68,53.11,0.67,7,39,6,57.84,C,0,Can be improved,Neutral
9236,Rahul Gupta,27,Female,0.67,26.39,0.71,7,44,4,61.86,C,0,Nothing special,Neutral
9237,Kavya Verma,28,Female,0.67,34.2,0.79,8,32,1,67.08,C,0,Normal learning experience,Neutral
9238,Suresh Verma,20,Male,0.83,32.7,1,6,41,4,76.58,B,0,Loved the teaching style,Positive
9239,Vijay Sharma,25,Female,0.65,12,0.8,3,10,2,41.55,D,0,Too difficult to follow,Negative
9240,Suresh Gupta,25,Male,1,21.72,0.71,3,25,8,62.74,C,0,Average experience,Neutral
9241,Ravi Das,24,Female,0.67,48.34,0.74,4,40,4,51.38,D,0,Too difficult to follow,Negative
9242,Rahul Patel,28,Female,0.64,24.42,1,4,0,9,52.52,D,0,Too difficult to follow,Negative
9243,Vijay Verma,25,Male,0.54,51.51,0.79,5,16,8,55.91,C,0,Nothing special,Neutral
9244,Priya Reddy,18,Female,0.57,47.86,0.79,8,12,5,60.05,C,0,Nothing special,Neutral
9245,Priya Singh,23,Female,0.62,30.64,0.68,7,33,0,58.36,C,0,Can be improved,Neutral
9246,Kavya Kumar,21,Female,0.91,40.1,0.82,4,38,6,73.11,B,0,Loved the teaching style,Positive
9247,Ravi Das,22,Female,0.83,29.62,0.78,8,18,8,67.2,C,0,Average experience,Neutral
9248,Priya Kumar,23,Male,0.69,33.76,0.63,4,2,9,46.47,D,0,Poor explanations,Negative
9249,Anjali Nair,27,Male,0.59,47.46,0.65,6,25,7,58,C,0,Normal learning experience,Neutral
9250,Anjali Singh,22,Male,1,43.25,0.65,5,8,4,53.71,D,0,Very confusing content,Negative
9251,Rahul Gupta,30,Female,0.57,58.45,0.67,8,8,6,54.92,D,0,Poor explanations,Negative
9252,Divya Verma,19,Male,0.54,48.29,0.89,5,40,9,60.36,C,0,Okay course,Neutral
9253,Suresh Patel,28,Female,0.57,60.91,1,5,13,2,58.36,C,0,Average experience,Neutral
9254,Divya Reddy,25,Male,0.69,30.38,1,6,30,0,66.16,C,0,Normal learning experience,Neutral
9255,Anjali Reddy,23,Female,0.9,52.53,0.57,7,3,0,53.31,D,0,Very confusing content,Negative
9256,Divya Sharma,20,Female,0.69,48.73,0.44,9,44,9,55.37,C,0,Nothing special,Neutral
9257,Arun Iyer,21,Male,0.48,37.08,0.73,5,24,3,51.59,D,0,Waste of time,Negative
9258,Arun Das,20,Female,0.77,25.03,0.91,7,49,0,69.94,C,0,Average experience,Neutral
9259,Divya Iyer,22,Female,0.78,60.03,0.63,8,43,6,65.66,C,0,Normal learning experience,Neutral
9260,Rahul Gupta,23,Female,0.62,28.15,0.61,3,42,9,52.58,D,0,Not useful at all,Negative
9261,Sneha Verma,26,Male,0.66,55.73,0.31,7,43,5,44.71,D,0,Too difficult to follow,Negative
9262,Kavya Kumar,18,Female,0.98,39.05,0.64,8,44,1,74.57,B,0,Excellent platform for learning,Positive
9263,Suresh Das,28,Male,0.68,61.64,0.66,4,38,2,70.83,B,0,Helped me improve a lot,Positive
9264,Priya Singh,20,Male,1,53.43,0.38,4,48,5,63.39,C,0,Can be improved,Neutral
9265,Anjali Verma,26,Female,0.6,63.29,0.56,5,8,2,49.72,D,0,Not useful at all,Negative
9266,Rahul Reddy,19,Female,0.75,64.39,0.52,3,48,7,62.39,C,0,Okay course,Neutral
9267,Ravi Singh,22,Male,0.82,43.21,0.67,6,28,4,64.48,C,0,Normal learning experience,Neutral
9268,Divya Iyer,28,Female,0.38,51.44,0.51,5,16,8,43.82,D,0,Not useful at all,Negative
9269,Ravi Nair,28,Male,1,29.8,0.75,4,27,3,66.6,C,0,Nothing special,Neutral
9270,Sneha Nair,23,Male,0.99,59.22,0.8,7,45,8,85.46,A,0,Helped me improve a lot,Positive
9271,Karthik Das,22,Female,0.89,29.83,0.58,3,36,9,59.48,C,0,Normal learning experience,Neutral
9272,Anjali Sharma,23,Female,0.76,36.49,0.6,5,41,5,63.41,C,0,Can be improved,Neutral
9273,Rahul Nair,26,Female,0.36,44.29,1,7,10,4,58.68,C,0,Okay course,Neutral
9274,Meena Iyer,25,Male,0.62,16.36,0.44,4,26,8,46.31,D,0,Not useful at all,Negative
9275,Priya Sharma,22,Male,0.78,54.39,0.63,5,22,7,60.3,C,0,Average experience,Neutral
9276,Meena Gupta,24,Female,0.62,28.58,0.88,9,22,7,65.79,C,0,Average experience,Neutral
9277,Ravi Verma,28,Female,0.8,45.58,0.64,7,26,1,67.34,C,0,Okay course,Neutral
9278,Rahul Reddy,28,Female,0.44,53.57,0.55,4,33,0,53.19,D,0,Very confusing content,Negative
9279,Suresh Iyer,26,Male,0.48,45.53,0.3,3,37,1,41.47,D,0,Very confusing content,Negative
9280,Ravi Kumar,21,Female,0.7,32.13,0.64,9,33,0,58.67,C,0,Nothing special,Neutral
9281,Arun Gupta,29,Male,0.49,17.74,0.83,5,48,7,59.86,C,1,Can be improved,Neutral
9282,Karthik Das,26,Female,0.4,55.09,0.86,3,44,9,56.65,C,0,Can be improved,Neutral
9283,Karthik Sharma,29,Male,0.56,28.08,0.65,3,5,5,50.22,D,0,Poor explanations,Negative
9284,Ravi Iyer,26,Female,1,7.83,0.36,5,3,9,44.81,D,0,Waste of time,Negative
9285,Rahul Gupta,23,Male,0.7,40.32,0.33,7,14,2,46.96,D,0,Very confusing content,Negative
9286,Anjali Iyer,26,Male,0.73,24.53,0.69,4,46,9,66.51,C,0,Okay course,Neutral
9287,Anjali Reddy,27,Female,0.89,39.3,0.78,3,10,2,59.78,C,0,Average experience,Neutral
9288,Priya Nair,24,Male,0.59,25.55,0.87,9,28,1,63.83,C,0,Average experience,Neutral
9289,Sneha Sharma,23,Male,0.86,38.99,0.51,9,35,2,63.77,C,0,Can be improved,Neutral
9290,Arun Patel,20,Male,0.45,57.59,0.48,5,42,4,62.54,C,0,Okay course,Neutral
9291,Meena Singh,24,Female,0.59,49.25,1,6,3,0,65.46,C,0,Normal learning experience,Neutral
9292,Arun Singh,27,Male,0.92,48.55,0.73,4,5,5,64.12,C,0,Nothing special,Neutral
9293,Rahul Singh,19,Male,0.62,47.36,1,8,30,2,70.79,B,0,Great course and very helpful,Positive
9294,Meena Reddy,28,Male,0.92,40.61,0.65,4,19,2,55.43,C,0,Can be improved,Neutral
9295,Suresh Verma,22,Male,0.7,40.47,0.41,5,38,3,48.38,D,0,Too difficult to follow,Negative
9296,Meena Gupta,26,Male,0.33,20.51,0.6,3,43,8,40.02,D,0,Very confusing content,Negative
9297,Ravi Kumar,24,Female,0.73,32.91,0.73,6,31,7,63.36,C,0,Normal learning experience,Neutral
9298,Ravi Kumar,28,Male,0.66,45.53,0.84,7,43,0,64.92,C,0,Can be improved,Neutral
9299,Meena Reddy,25,Female,0.47,43.69,0.7,7,22,8,50.63,D,0,Poor explanations,Negative
9300,Priya Gupta,28,Female,0.74,37.57,0.66,3,29,3,60.36,C,0,Can be improved,Neutral
9301,Vijay Patel,24,Male,0.96,11.72,0.65,4,48,4,60.11,C,0,Can be improved,Neutral
9302,Divya Kumar,22,Female,0.59,42.67,0.51,9,31,3,59.48,C,0,Nothing special,Neutral
9303,Sneha Verma,25,Female,0.88,8.45,0.84,4,7,1,61.02,C,0,Okay course,Neutral
9304,Priya Patel,21,Male,0.74,47.19,0.63,8,21,8,71.28,B,0,Very engaging and informative,Positive
9305,Suresh Kumar,20,Female,0.76,26.96,0.66,5,5,0,45.43,D,0,Waste of time,Negative
9306,Priya Sharma,21,Female,0.77,37.14,1,8,49,2,84.33,B,0,Very engaging and informative,Positive
9307,Rahul Sharma,28,Male,0.64,31.78,0.53,3,33,0,56.19,C,0,Okay course,Neutral
9308,Kavya Iyer,24,Male,0.8,55.74,0.82,7,23,4,75.65,B,0,Helped me improve a lot,Positive
9309,Sneha Kumar,22,Female,0.7,55.21,0.92,8,31,4,72.99,B,0,Helped me improve a lot,Positive
9310,Priya Iyer,18,Female,0.82,26.58,0.56,8,29,6,53.84,D,0,Poor explanations,Negative
9311,Meena Nair,20,Male,0.7,30.68,0.81,6,20,4,56.17,C,0,Average experience,Neutral
9312,Vijay Das,19,Female,0.71,33.53,0.52,6,28,4,59.38,C,0,Nothing special,Neutral
9313,Vijay Patel,18,Female,0.53,52.72,0.85,4,49,8,67.52,C,0,Okay course,Neutral
9314,Arun Sharma,27,Female,0.84,47.86,0.79,4,18,8,71.39,B,0,Great course and very helpful,Positive
9315,Meena Das,20,Female,1,58.33,0.45,6,49,0,76.61,B,0,Helped me improve a lot,Positive
9316,Sneha Nair,23,Female,0.99,12.49,0.59,4,8,5,49.42,D,0,Waste of time,Negative
9317,Meena Singh,28,Male,0.53,44.27,0.83,3,15,8,63.46,C,0,Nothing special,Neutral
9318,Priya Das,27,Female,0.87,44.13,0.82,7,27,4,66.69,C,0,Average experience,Neutral
9319,Vijay Reddy,20,Male,0.64,58.86,0.56,8,47,2,72.12,B,0,Great course and very helpful,Positive
9320,Karthik Kumar,21,Female,0.78,37.49,0.94,8,15,1,72.45,B,0,Excellent platform for learning,Positive
9321,Sneha Patel,22,Female,0.29,50.14,0.15,5,18,8,34.62,Fail,0,Poor explanations,Negative
9322,Priya Iyer,29,Male,0.86,52.38,0.75,6,36,6,67.88,C,0,Average experience,Neutral
9323,Suresh Gupta,24,Male,0.56,41.84,0.97,6,4,6,60.56,C,0,Average experience,Neutral
9324,Sneha Singh,27,Male,0.54,56.07,0.94,3,33,7,74.87,B,0,Very engaging and informative,Positive
9325,Meena Verma,23,Female,0.56,35.14,0.69,4,33,0,58.71,C,0,Nothing special,Neutral
9326,Anjali Verma,20,Male,0.8,42.48,0.65,7,20,9,63.58,C,0,Okay course,Neutral
9327,Rahul Das,25,Female,0.94,30.17,0.91,5,45,7,79.02,B,0,Excellent platform for learning,Positive
9328,Anjali Iyer,26,Male,0.7,31.32,0.91,3,9,4,65.26,C,0,Average experience,Neutral
9329,Sneha Sharma,18,Male,0.61,22.62,0.9,6,13,3,54.69,D,0,Poor explanations,Negative
9330,Kavya Reddy,27,Female,0.76,39.33,1,6,38,6,62.47,C,0,Normal learning experience,Neutral
9331,Divya Das,22,Male,0.76,46.26,0.82,9,30,8,72.04,B,0,Great course and very helpful,Positive
9332,Vijay Kumar,25,Female,0.8,26.91,0.68,4,46,9,62.42,C,0,Can be improved,Neutral
9333,Suresh Gupta,19,Male,0.81,47.59,0.65,9,33,2,76.52,B,0,Great course and very helpful,Positive
9334,Karthik Das,20,Female,0.76,72.96,0.6,5,9,3,64.3,C,0,Normal learning experience,Neutral
9335,Meena Patel,22,Male,0.89,26.04,0.38,6,11,1,57.61,C,0,Average experience,Neutral
9336,Divya Verma,19,Male,0.57,27.8,0.7,3,18,3,47.98,D,0,Not useful at all,Negative
9337,Arun Iyer,19,Male,0.63,47.4,0.58,5,35,5,56.22,C,0,Average experience,Neutral
9338,Vijay Nair,30,Female,0.97,44.8,0.76,8,14,2,69.91,C,0,Normal learning experience,Neutral
9339,Arun Iyer,27,Female,0.57,27.99,1,7,34,9,66.46,C,0,Can be improved,Neutral
9340,Kavya Verma,28,Male,0.97,43.28,0.63,6,0,3,62.24,C,0,Okay course,Neutral
9341,Arun Patel,30,Female,0.43,43.06,0.89,9,7,5,56.83,C,0,Okay course,Neutral
9342,Vijay Das,28,Male,0.64,17.25,0.78,7,6,8,55.29,C,0,Average experience,Neutral
9343,Divya Verma,25,Female,0.65,60.88,0.6,6,49,6,66.18,C,0,Nothing special,Neutral
9344,Rahul Iyer,28,Female,0.81,63.52,0.67,5,25,8,65.9,C,0,Average experience,Neutral
9345,Kavya Verma,24,Male,0.63,22.18,0.73,7,49,4,57.29,C,0,Average experience,Neutral
9346,Kavya Das,30,Male,0.73,36.03,0.39,9,0,3,51.25,D,0,Too difficult to follow,Negative
9347,Priya Nair,24,Male,0.8,64.1,0.59,3,9,4,71.85,B,0,Great course and very helpful,Positive
9348,Rahul Singh,30,Female,0.88,41.25,0.74,5,42,6,68.63,C,0,Average experience,Neutral
9349,Vijay Iyer,24,Male,0.95,39.79,0.54,3,21,8,60.13,C,0,Nothing special,Neutral
9350,Vijay Iyer,23,Male,0.8,44.91,0.24,5,25,5,58.02,C,0,Nothing special,Neutral
9351,Sneha Patel,24,Male,0.93,64.69,0.75,5,43,4,76.05,B,0,Loved the teaching style,Positive
9352,Karthik Patel,21,Female,0.77,54.35,0.6,4,39,2,71.71,B,0,Great course and very helpful,Positive
9353,Karthik Reddy,20,Male,0.94,19.56,0.66,7,21,2,59.03,C,0,Okay course,Neutral
9354,Suresh Nair,22,Male,0.85,27.21,0.61,4,14,9,51.73,D,0,Waste of time,Negative
9355,Rahul Reddy,24,Male,1,46.3,0.34,8,29,2,56.54,C,0,Okay course,Neutral
9356,Rahul Das,27,Female,0.71,55.4,0.94,5,28,2,72.91,B,0,Helped me improve a lot,Positive
9357,Arun Reddy,25,Female,1,26.83,0.88,4,6,3,63.26,C,0,Average experience,Neutral
9358,Vijay Verma,29,Male,1,7.97,0.6,7,22,5,63.16,C,0,Nothing special,Neutral
9359,Vijay Verma,21,Male,0.82,51.02,0.77,9,18,7,72.96,B,0,Loved the teaching style,Positive
9360,Priya Singh,23,Male,0.88,38.57,0.36,6,28,5,59.75,C,0,Can be improved,Neutral
9361,Divya Iyer,18,Female,0.42,38.43,0.56,6,21,0,48.1,D,0,Very confusing content,Negative
9362,Vijay Nair,28,Female,0.89,11.86,0.59,9,21,8,62.32,C,0,Can be improved,Neutral
9363,Anjali Reddy,23,Male,0.64,32.72,0.74,9,13,8,53.59,D,0,Poor explanations,Negative
9364,Meena Kumar,28,Female,0.9,34.62,0.68,8,19,3,60.34,C,0,Normal learning experience,Neutral
9365,Sneha Das,26,Male,0.84,8.63,0.86,4,30,4,66.41,C,0,Average experience,Neutral
9366,Priya Iyer,27,Male,0.92,62.59,0.94,8,40,1,86.23,A,0,Very engaging and informative,Positive
9367,Kavya Patel,26,Male,0.78,34.44,1,5,2,5,71.23,B,0,Helped me improve a lot,Positive
9368,Suresh Nair,24,Male,0.61,42.77,0.31,4,10,5,37.54,Fail,0,Waste of time,Negative
9369,Karthik Nair,29,Female,1,5.26,0.68,4,16,7,55.18,C,0,Normal learning experience,Neutral
9370,Meena Nair,20,Male,0.87,45.54,0.5,8,40,0,67.43,C,0,Okay course,Neutral
9371,Ravi Patel,30,Female,0.99,67.95,0.26,7,19,4,64.49,C,0,Nothing special,Neutral
9372,Anjali Nair,27,Female,0.42,53.36,0.87,7,1,5,54.53,D,0,Poor explanations,Negative
9373,Arun Verma,20,Male,0.73,53.09,0.66,3,20,0,62.93,C,0,Nothing special,Neutral
9374,Kavya Kumar,28,Female,0.98,68.2,0.71,3,28,7,71.22,B,0,Great course and very helpful,Positive
9375,Meena Gupta,21,Female,0.74,30.99,0.91,3,6,0,56.24,C,0,Average experience,Neutral
9376,Anjali Reddy,18,Female,0.74,53.83,0.48,8,27,8,56.28,C,0,Okay course,Neutral
9377,Karthik Iyer,27,Male,0.91,56.91,0.73,6,14,1,74.74,B,0,Very engaging and informative,Positive
9378,Arun Reddy,29,Female,1,42.95,0.48,8,20,9,57.51,C,0,Can be improved,Neutral
9379,Rahul Reddy,28,Female,0.58,46.3,0.58,4,21,8,56.09,C,0,Okay course,Neutral
9380,Divya Nair,27,Female,0.62,39.91,0.88,6,1,2,58.37,C,0,Can be improved,Neutral
9381,Kavya Kumar,22,Male,0.86,28.16,1,3,32,0,68.14,C,0,Can be improved,Neutral
9382,Divya Sharma,23,Male,0.49,40.7,0.67,6,16,1,53.82,D,0,Not useful at all,Negative
9383,Suresh Singh,21,Female,0.45,37.1,0.6,6,40,1,59.18,C,0,Normal learning experience,Neutral
9384,Sneha Kumar,24,Female,0.66,53.59,0.72,9,46,4,63.12,C,0,Can be improved,Neutral
9385,Suresh Verma,23,Male,0.83,31.37,0.94,7,28,5,65.12,C,0,Average experience,Neutral
9386,Kavya Nair,28,Male,0.86,46.42,0.57,5,24,3,65.71,C,0,Can be improved,Neutral
9387,Ravi Kumar,21,Female,0.65,9,0.73,7,12,4,49.07,D,0,Very confusing content,Negative
9388,Arun Gupta,20,Female,0.47,64.56,0.57,4,44,0,62.44,C,0,Nothing special,Neutral
9389,Meena Iyer,18,Male,0.53,44.59,0.77,9,33,2,66.61,C,0,Average experience,Neutral
9390,Sneha Gupta,18,Female,0.88,27.35,0.69,9,31,9,62.92,C,0,Normal learning experience,Neutral
9391,Suresh Verma,26,Female,0.99,42.09,0.58,6,33,7,72.16,B,0,Excellent platform for learning,Positive
9392,Meena Gupta,23,Female,0.8,27.89,0.34,7,0,3,49.03,D,0,Waste of time,Negative
9393,Rahul Reddy,19,Female,0.56,27.73,1,6,41,4,63.81,C,0,Can be improved,Neutral
9394,Kavya Verma,26,Male,0.71,33.06,0.66,6,23,4,51.29,D,0,Waste of time,Negative
9395,Anjali Singh,29,Male,0.57,33.48,0.77,5,39,6,60.22,C,0,Nothing special,Neutral
9396,Priya Das,22,Female,1,35.36,0.5,5,3,9,57.08,C,0,Normal learning experience,Neutral
9397,Meena Nair,21,Male,0.83,39.45,0.85,9,27,9,67.12,C,0,Nothing special,Neutral
9398,Ravi Das,29,Female,0.94,21.47,0.64,8,21,5,58.17,C,0,Average experience,Neutral
9399,Rahul Iyer,26,Female,0.51,46.76,0.84,3,40,2,54.64,D,0,Waste of time,Negative
9400,Ravi Verma,23,Male,0.79,25.41,1,3,15,5,62.32,C,0,Can be improved,Neutral
9401,Rahul Sharma,29,Female,0.69,42.77,0.77,9,20,9,62.07,C,0,Okay course,Neutral
9402,Ravi Verma,30,Male,0.54,16.06,0.29,7,25,0,35.25,Fail,0,Too difficult to follow,Negative
9403,Vijay Verma,22,Female,0.67,53.18,0.82,3,31,9,66.27,C,0,Okay course,Neutral
9404,Vijay Nair,28,Male,0.36,33.64,0.19,9,34,8,35.39,Fail,0,Not useful at all,Negative
9405,Meena Patel,22,Male,1,28.16,0.85,5,2,6,67.56,C,0,Nothing special,Neutral
9406,Meena Kumar,21,Male,0.76,36,0.72,7,0,3,52.97,D,0,Not useful at all,Negative
9407,Anjali Reddy,18,Female,0.86,23.97,0.89,3,27,1,51.24,D,0,Very confusing content,Negative
9408,Rahul Patel,30,Male,0.72,44.62,0.74,4,37,1,64.11,C,0,Normal learning experience,Neutral
9409,Suresh Sharma,18,Male,1,60.38,1,4,27,5,83.63,B,0,Great course and very helpful,Positive
9410,Vijay Gupta,19,Male,0.78,19.27,0.29,8,11,8,41.16,D,0,Too difficult to follow,Negative
9411,Divya Singh,18,Male,0.76,35.94,0.52,4,34,1,59.41,C,0,Can be improved,Neutral
9412,Sneha Iyer,29,Female,0.53,21.19,0.58,7,47,1,64.36,C,0,Average experience,Neutral
9413,Karthik Sharma,22,Male,0.63,54.7,0.51,3,29,0,63.98,C,0,Average experience,Neutral
9414,Ravi Singh,19,Female,0.66,36.9,0.42,8,41,4,54.9,D,0,Poor explanations,Negative
9415,Arun Iyer,20,Male,0.64,35.33,0.6,5,1,4,46.15,D,0,Too difficult to follow,Negative
9416,Rahul Iyer,29,Male,0.69,36.77,0.62,4,7,0,37.58,Fail,0,Too difficult to follow,Negative
9417,Anjali Iyer,21,Female,1,24.86,0.31,4,20,7,54.94,D,0,Very confusing content,Negative
9418,Meena Singh,24,Male,0.81,45.9,0.91,4,0,3,59.64,C,0,Nothing special,Neutral
9419,Meena Verma,29,Female,0.49,33.84,0.78,5,20,7,57.81,C,0,Okay course,Neutral
9420,Karthik Sharma,28,Male,0.64,28.1,0.62,4,36,1,46.37,D,0,Too difficult to follow,Negative
9421,Karthik Verma,28,Female,0.52,51.86,0.79,5,49,8,65.09,C,0,Okay course,Neutral
9422,Rahul Nair,30,Male,0.73,19.09,0.62,6,5,9,43.75,D,0,Too difficult to follow,Negative
9423,Karthik Gupta,25,Female,1,50.59,0.58,8,33,6,72.91,B,0,Excellent platform for learning,Positive
9424,Priya Iyer,25,Male,0.8,47.35,0.69,4,33,4,67.55,C,0,Average experience,Neutral
9425,Ravi Verma,19,Male,0.92,68.83,0.76,8,23,8,92.18,A,0,Great course and very helpful,Positive
9426,Karthik Reddy,18,Male,0.63,17.93,1,4,23,7,60.82,C,0,Okay course,Neutral
9427,Karthik Gupta,22,Female,0.57,52.08,0.47,6,49,5,54.52,D,0,Poor explanations,Negative
9428,Kavya Patel,20,Male,0.62,20.38,0.87,8,5,1,64.43,C,0,Can be improved,Neutral
9429,Kavya Das,24,Male,1,33.16,0.79,5,30,2,68.19,C,0,Normal learning experience,Neutral
9430,Anjali Kumar,22,Male,0.66,54.5,0.66,9,3,6,59.94,C,0,Can be improved,Neutral
9431,Vijay Singh,18,Female,0.76,38.14,0.65,8,33,8,63.12,C,0,Nothing special,Neutral
9432,Anjali Patel,19,Female,0.62,41.18,0.29,4,34,0,48.01,D,0,Not useful at all,Negative
9433,Karthik Das,26,Male,0.81,36.3,1,5,21,5,72.72,B,0,Helped me improve a lot,Positive
9434,Arun Gupta,24,Male,0.4,38.95,0.39,5,45,0,35.39,Fail,0,Poor explanations,Negative
9435,Anjali Verma,28,Male,0.91,43.94,1,8,23,0,71.55,B,0,Loved the teaching style,Positive
9436,Sneha Sharma,19,Female,0.83,57.3,0.5,5,19,1,61.8,C,0,Okay course,Neutral
9437,Karthik Sharma,27,Female,0.71,26.66,0.67,3,37,4,53.49,D,0,Very confusing content,Negative
9438,Ravi Sharma,28,Female,0.78,10.37,0.04,7,16,1,36.11,Fail,0,Very confusing content,Negative
9439,Arun Verma,19,Female,0.8,39.81,0.54,3,8,0,57.62,C,0,Average experience,Neutral
9440,Rahul Verma,23,Male,0.87,30.14,0.79,8,0,8,62.05,C,0,Okay course,Neutral
9441,Karthik Patel,23,Male,0.97,31.64,0.93,8,13,8,66.38,C,0,Nothing special,Neutral
9442,Ravi Singh,23,Male,0.88,47.4,0.64,4,10,1,51.38,D,0,Too difficult to follow,Negative
9443,Suresh Singh,27,Male,0.41,29.4,0.78,4,41,9,49.73,D,0,Poor explanations,Negative
9444,Karthik Patel,24,Male,0.98,56.28,0.83,6,47,0,86.11,A,0,Very engaging and informative,Positive
9445,Divya Reddy,30,Male,0.97,21.83,0.75,4,49,6,73.4,B,0,Loved the teaching style,Positive
9446,Meena Verma,19,Male,0.95,15.83,0.52,9,32,8,65.05,C,0,Can be improved,Neutral
9447,Arun Reddy,20,Female,1,43.68,0.82,6,12,2,77.68,B,0,Excellent platform for learning,Positive
9448,Sneha Das,25,Male,0.91,43.01,0.71,6,0,8,58.05,C,0,Can be improved,Neutral
9449,Kavya Verma,30,Male,0.83,45.1,0.74,6,20,2,72.33,B,0,Loved the teaching style,Positive
9450,Suresh Gupta,22,Male,0.95,42.35,0.64,9,34,2,64.91,C,0,Okay course,Neutral
9451,Karthik Nair,25,Female,1,37.37,0.63,3,29,1,70.04,B,0,Helped me improve a lot,Positive
9452,Divya Verma,26,Male,0.94,16.77,0.87,8,1,7,72.45,B,0,Helped me improve a lot,Positive
9453,Kavya Patel,19,Male,0.84,54.49,0.52,4,40,5,56.7,C,0,Can be improved,Neutral
9454,Meena Nair,30,Male,0.73,59.55,0.14,8,30,2,52.43,D,0,Very confusing content,Negative
9455,Anjali Nair,25,Female,0.75,16.86,0.84,8,19,6,61.65,C,0,Normal learning experience,Neutral
9456,Rahul Nair,26,Male,0.73,42.61,0.47,9,34,5,60.8,C,0,Normal learning experience,Neutral
9457,Suresh Patel,29,Male,1,55.77,0.9,7,46,1,94.16,A,0,Great course and very helpful,Positive
9458,Kavya Kumar,19,Female,0.73,81.17,0.75,5,38,1,65.82,C,0,Nothing special,Neutral
9459,Karthik Das,19,Female,0.89,56.39,0.82,4,20,5,71.61,B,0,Helped me improve a lot,Positive
9460,Karthik Reddy,27,Female,0.75,66.02,0.88,5,46,1,73.72,B,0,Helped me improve a lot,Positive
9461,Meena Das,20,Female,0.49,40.3,0.64,9,19,6,55.42,C,0,Okay course,Neutral
9462,Sneha Reddy,29,Female,1,37.43,0.53,4,48,8,66.06,C,0,Normal learning experience,Neutral
9463,Suresh Gupta,29,Female,0.67,34.34,0.56,7,43,9,52.94,D,0,Waste of time,Negative
9464,Karthik Reddy,27,Male,1,29.21,0.6,7,24,6,68.17,C,0,Average experience,Neutral
9465,Karthik Sharma,27,Male,0.64,66.57,0.84,9,36,0,69.79,C,0,Can be improved,Neutral
9466,Suresh Reddy,29,Male,0.76,30.23,0.89,8,27,2,70.34,B,0,Very engaging and informative,Positive
9467,Vijay Reddy,27,Female,0.73,36.49,0.78,3,41,0,61.23,C,0,Okay course,Neutral
9468,Divya Singh,28,Female,0.52,51.22,0.54,5,15,5,56.25,C,0,Average experience,Neutral
9469,Suresh Reddy,24,Female,0.88,35.47,0.97,8,12,9,66.83,C,0,Can be improved,Neutral
9470,Meena Singh,21,Male,0.55,33.21,0.81,5,15,1,58.03,C,0,Okay course,Neutral
9471,Suresh Das,18,Male,0.93,45.73,0.51,9,20,0,67.2,C,0,Nothing special,Neutral
9472,Divya Gupta,30,Male,0.34,53.89,0.53,9,13,6,54.71,D,0,Not useful at all,Negative
9473,Sneha Reddy,21,Female,1,23.15,0.37,4,46,5,65.57,C,0,Okay course,Neutral
9474,Priya Sharma,29,Male,0.91,41.72,0.81,6,35,8,81.89,B,0,Great course and very helpful,Positive
9475,Anjali Kumar,30,Male,0.72,60.44,0.47,6,46,5,56.72,C,0,Okay course,Neutral
9476,Meena Gupta,19,Male,0.73,44.7,0.45,4,49,9,62.49,C,0,Nothing special,Neutral
9477,Ravi Sharma,24,Male,0.97,43.63,0.79,6,27,8,70.22,B,0,Loved the teaching style,Positive
9478,Arun Patel,20,Female,0.97,18.4,0.96,9,34,5,82.51,B,0,Loved the teaching style,Positive
9479,Suresh Gupta,21,Male,1,11.78,0.45,6,23,2,57.35,C,0,Normal learning experience,Neutral
9480,Suresh Gupta,19,Male,0.81,41.93,0.3,5,47,1,53.05,D,0,Waste of time,Negative
9481,Divya Gupta,27,Male,0.78,57.54,0.53,3,48,6,60.05,C,0,Average experience,Neutral
9482,Meena Iyer,23,Female,0.68,30.39,0.63,7,2,2,57.51,C,0,Average experience,Neutral
9483,Karthik Sharma,19,Male,0.98,36.45,0.74,4,34,0,67.46,C,0,Okay course,Neutral
9484,Vijay Iyer,26,Male,0.75,26.68,0.93,3,42,7,63.87,C,0,Okay course,Neutral
9485,Suresh Gupta,20,Female,1,66.08,0.94,9,32,8,96.91,A,0,Loved the teaching style,Positive
9486,Karthik Verma,28,Female,0.89,44.63,0.81,4,10,4,63.1,C,0,Can be improved,Neutral
9487,Meena Singh,18,Male,0.9,20.94,0.67,3,31,8,65.83,C,0,Okay course,Neutral
9488,Priya Nair,21,Male,0.81,19.87,0.74,4,42,6,69.77,C,0,Nothing special,Neutral
9489,Meena Gupta,18,Female,0.76,46.75,0.8,8,11,9,65.04,C,0,Nothing special,Neutral
9490,Suresh Verma,25,Male,0.8,52.48,0.28,9,0,7,52.06,D,0,Very confusing content,Negative
9491,Karthik Das,20,Female,0.51,25.31,0.73,9,40,9,55.57,C,0,Normal learning experience,Neutral
9492,Suresh Sharma,26,Female,0.66,52.49,0.7,9,41,9,70.89,B,0,Excellent platform for learning,Positive
9493,Priya Nair,23,Female,0.8,33,0.86,6,6,1,56.92,C,0,Okay course,Neutral
9494,Kavya Sharma,23,Female,0.7,43.77,0.65,3,2,3,48.5,D,0,Too difficult to follow,Negative
9495,Sneha Sharma,18,Female,1,37.01,0.7,6,47,4,80.33,B,0,Excellent platform for learning,Positive
9496,Priya Das,22,Male,0.45,13.45,0.72,3,43,5,44,D,1,Poor explanations,Negative
9497,Vijay Sharma,19,Female,0.64,48.79,0.9,9,30,5,64.61,C,0,Can be improved,Neutral
9498,Sneha Sharma,30,Male,0.58,53.18,0.91,3,8,6,64.3,C,0,Normal learning experience,Neutral
9499,Rahul Patel,18,Female,0.84,40,0.55,4,24,6,58.14,C,0,Can be improved,Neutral
9500,Sneha Kumar,30,Female,0.8,46.52,1,9,27,7,84.52,B,0,Loved the teaching style,Positive
9501,Kavya Verma,23,Female,0.84,27.79,0.72,8,28,7,63.8,C,0,Average experience,Neutral
9502,Sneha Verma,18,Female,0.37,36.77,0.9,5,32,6,53.27,D,0,Too difficult to follow,Negative
9503,Suresh Kumar,25,Male,1,22.59,0.77,9,28,2,66.14,C,0,Okay course,Neutral
9504,Arun Reddy,22,Female,0.81,28.4,0.9,8,16,8,74.89,B,0,Very engaging and informative,Positive
9505,Meena Sharma,20,Male,0.62,24.22,0.75,6,48,6,60.58,C,0,Can be improved,Neutral
9506,Arun Sharma,30,Male,1,61.19,1,8,30,0,85.35,A,0,Helped me improve a lot,Positive
9507,Ravi Das,22,Female,0.8,38.81,0.56,9,19,4,66.7,C,0,Okay course,Neutral
9508,Rahul Patel,29,Female,0.82,20,0.16,7,14,2,44.6,D,0,Too difficult to follow,Negative
9509,Meena Patel,19,Female,0.88,40.5,0.76,5,29,0,65.61,C,0,Can be improved,Neutral
9510,Sneha Das,19,Female,0.56,11.05,0.79,4,19,4,56.61,C,0,Can be improved,Neutral
9511,Ravi Patel,24,Female,0.68,66.27,0.85,9,14,6,64.04,C,0,Average experience,Neutral
9512,Suresh Gupta,28,Male,0.86,30.43,0.47,4,35,2,53.83,D,0,Waste of time,Negative
9513,Divya Singh,19,Male,0.83,55.92,0.45,7,10,2,66.28,C,0,Average experience,Neutral
9514,Kavya Iyer,18,Male,0.73,27.81,0.49,9,42,5,65.22,C,0,Average experience,Neutral
9515,Meena Nair,23,Male,0.94,17.38,0.77,3,48,0,70.06,B,0,Helped me improve a lot,Positive
9516,Meena Verma,30,Female,1,42.42,0.64,6,8,9,61.57,C,0,Average experience,Neutral
9517,Divya Singh,24,Male,0.83,60.81,0.81,9,9,6,70.4,B,0,Helped me improve a lot,Positive
9518,Meena Das,30,Female,0.64,45.2,0.8,5,0,6,59.29,C,0,Can be improved,Neutral
9519,Suresh Das,22,Male,0.84,38.12,0.43,6,45,7,57.12,C,0,Okay course,Neutral
9520,Rahul Nair,28,Male,0.48,50.84,0.84,5,11,7,56.15,C,0,Normal learning experience,Neutral
9521,Priya Reddy,23,Male,0.73,50.62,0.74,9,33,8,78.16,B,0,Excellent platform for learning,Positive
9522,Sneha Verma,26,Male,0.62,43.27,0.6,4,28,4,60.36,C,0,Okay course,Neutral
9523,Arun Sharma,27,Female,0.89,41.05,0.73,3,11,3,58.53,C,0,Can be improved,Neutral
9524,Kavya Das,28,Male,0.62,28.57,0.86,3,49,7,62.1,C,0,Can be improved,Neutral
9525,Arun Singh,23,Female,0.63,54.52,0.62,8,26,1,64.55,C,0,Can be improved,Neutral
9526,Ravi Nair,30,Male,0.84,16.78,0.47,5,24,3,50.9,D,0,Not useful at all,Negative
9527,Divya Gupta,24,Female,0.76,32.13,0.52,4,45,4,55.62,C,0,Normal learning experience,Neutral
9528,Divya Nair,20,Female,0.97,60.79,0.74,8,12,6,73.53,B,0,Very engaging and informative,Positive
9529,Arun Sharma,28,Male,0.72,36.14,0.65,7,25,0,66.95,C,0,Average experience,Neutral
9530,Priya Singh,27,Male,0.82,65.42,0.55,9,22,4,74.33,B,0,Helped me improve a lot,Positive
9531,Anjali Verma,24,Female,0.69,51.19,0.99,7,27,3,79.98,B,0,Loved the teaching style,Positive
9532,Priya Reddy,28,Female,0.71,47.47,0.99,5,41,0,72.62,B,0,Helped me improve a lot,Positive
9533,Kavya Iyer,30,Female,0.96,32.5,0.44,8,41,4,56.13,C,0,Normal learning experience,Neutral
9534,Kavya Patel,30,Male,0.93,14.25,1,3,1,4,62.27,C,0,Average experience,Neutral
9535,Anjali Kumar,18,Male,0.58,62.72,0.83,3,10,9,60.33,C,0,Can be improved,Neutral
9536,Meena Patel,22,Male,0.63,37,0.58,6,2,3,49.33,D,0,Poor explanations,Negative
9537,Kavya Sharma,23,Male,1,43.75,0.84,3,19,5,63.3,C,0,Average experience,Neutral
9538,Rahul Reddy,28,Female,0.71,33.45,0.54,3,30,5,53.37,D,0,Waste of time,Negative
9539,Priya Verma,18,Female,0.77,32.85,1,7,15,0,64.09,C,0,Okay course,Neutral
9540,Divya Sharma,26,Male,0.89,40.5,0.85,5,18,9,73.13,B,0,Helped me improve a lot,Positive
9541,Kavya Gupta,30,Male,0.83,55.3,0.58,7,26,5,61.85,C,0,Okay course,Neutral
9542,Anjali Iyer,23,Male,0.58,38.31,0.69,8,22,3,61.45,C,0,Okay course,Neutral
9543,Meena Reddy,25,Male,0.26,20.54,0.87,6,49,3,53.65,D,0,Very confusing content,Negative
9544,Karthik Singh,21,Male,0.62,17.81,0.71,4,27,6,55.41,C,0,Can be improved,Neutral
9545,Divya Sharma,26,Female,1,19.68,0.77,7,32,2,68.85,C,0,Okay course,Neutral
9546,Vijay Sharma,18,Male,0.47,70.09,0.91,6,6,6,61.24,C,0,Nothing special,Neutral
9547,Ravi Patel,25,Male,0.67,51.42,0.82,7,37,3,69.67,C,0,Nothing special,Neutral
9548,Arun Iyer,23,Male,0.71,38.58,0.91,5,26,8,69.49,C,0,Average experience,Neutral
9549,Arun Reddy,28,Female,0.65,41.06,0.42,9,12,2,53.37,D,0,Too difficult to follow,Negative
9550,Meena Nair,30,Female,0.83,57.9,0.46,5,40,2,65.45,C,0,Nothing special,Neutral
9551,Meena Verma,27,Female,0.7,14.61,1,7,18,7,59.81,C,0,Nothing special,Neutral
9552,Priya Nair,26,Male,0.46,22,0.49,3,35,5,38.28,Fail,0,Waste of time,Negative
9553,Divya Gupta,25,Female,0.84,31.71,0.88,8,23,5,70.45,B,0,Helped me improve a lot,Positive
9554,Karthik Iyer,18,Male,0.67,48.06,0.79,9,12,5,63.79,C,0,Normal learning experience,Neutral
9555,Meena Sharma,27,Female,0.82,63.86,0.71,5,18,8,66.37,C,0,Okay course,Neutral
9556,Vijay Verma,27,Female,0.8,48.08,0.72,9,13,8,65.86,C,0,Average experience,Neutral
9557,Ravi Sharma,18,Female,0.54,15.07,0.61,3,15,4,36.58,Fail,0,Not useful at all,Negative
9558,Priya Singh,24,Female,0.66,32.2,0.49,4,21,1,50.26,D,0,Not useful at all,Negative
9559,Meena Reddy,22,Male,1,48.28,0.56,3,33,4,59.78,C,0,Can be improved,Neutral
9560,Anjali Verma,29,Male,0.5,14.57,0.58,5,36,2,50.69,D,0,Too difficult to follow,Negative
9561,Ravi Patel,23,Male,0.75,42.38,0.96,6,47,8,66.22,C,0,Normal learning experience,Neutral
9562,Kavya Nair,21,Male,0.51,60.23,0.57,4,45,6,56.34,C,0,Can be improved,Neutral
9563,Rahul Kumar,22,Female,0.67,31.77,0.93,6,15,5,67.87,C,0,Average experience,Neutral
9564,Suresh Patel,20,Male,0.65,56.52,0.53,3,20,4,55.66,C,0,Okay course,Neutral
9565,Kavya Singh,21,Male,0.91,32.6,1,8,0,9,70.71,B,0,Very engaging and informative,Positive
9566,Rahul Iyer,21,Female,0.7,29.76,0.71,5,36,2,63.65,C,0,Normal learning experience,Neutral
9567,Meena Sharma,23,Female,0.75,13.91,0.9,6,42,1,66.42,C,0,Average experience,Neutral
9568,Arun Nair,24,Female,1,48.77,0.4,9,6,9,68.93,C,0,Average experience,Neutral
9569,Vijay Singh,28,Male,0.57,69.09,1,6,39,4,71.98,B,0,Excellent platform for learning,Positive
9570,Karthik Nair,27,Female,0.42,39.5,0.51,7,11,5,41.31,D,0,Waste of time,Negative
9571,Kavya Sharma,24,Female,0.88,61.88,0.44,6,17,3,58.72,C,0,Normal learning experience,Neutral
9572,Anjali Nair,21,Female,0.54,54.55,0.71,5,18,0,65.5,C,0,Nothing special,Neutral
9573,Vijay Patel,25,Male,0.79,65.4,0.75,8,33,2,84.84,B,0,Very engaging and informative,Positive
9574,Arun Das,19,Female,0.78,27.4,0.73,9,49,0,64.67,C,0,Average experience,Neutral
9575,Kavya Singh,28,Male,0.59,13.1,0.82,4,29,6,53.81,D,0,Waste of time,Negative
9576,Priya Patel,23,Female,0.84,55.72,0.77,6,48,0,80.67,B,0,Loved the teaching style,Positive
9577,Rahul Das,20,Male,0.72,19.53,1,9,19,6,68.27,C,0,Nothing special,Neutral
9578,Karthik Patel,27,Female,0.63,40.56,0.92,5,15,4,60.14,C,0,Nothing special,Neutral
9579,Priya Gupta,21,Male,0.97,31.16,0.17,9,22,5,62.72,C,0,Nothing special,Neutral
9580,Suresh Verma,26,Female,0.68,27.75,1,3,5,9,65.39,C,0,Nothing special,Neutral
9581,Sneha Singh,20,Female,0.24,56.46,0.5,8,45,0,49.8,D,0,Poor explanations,Negative
9582,Divya Gupta,29,Male,0.93,44.53,0.59,6,36,8,70.65,B,0,Excellent platform for learning,Positive
9583,Anjali Iyer,23,Male,0.56,49.13,0.71,4,29,2,54.3,D,0,Not useful at all,Negative
9584,Priya Kumar,29,Male,1,49.8,0.8,9,7,6,79.31,B,0,Excellent platform for learning,Positive
9585,Kavya Singh,25,Male,0.77,55.09,1,3,47,0,75.13,B,0,Helped me improve a lot,Positive
9586,Ravi Sharma,21,Male,0.75,28.04,0.78,9,9,3,60.18,C,0,Okay course,Neutral
9587,Meena Gupta,25,Female,0.69,33.38,0.72,6,39,0,60.26,C,0,Normal learning experience,Neutral
9588,Sneha Patel,24,Male,0.71,28.47,0.83,3,14,1,46.65,D,0,Too difficult to follow,Negative
9589,Kavya Singh,29,Female,0.58,48.51,0.73,6,16,1,64.11,C,0,Can be improved,Neutral
9590,Karthik Nair,19,Female,0.76,46.88,1,4,26,6,68.42,C,0,Okay course,Neutral
9591,Ravi Das,28,Male,0.6,25.89,0.57,4,7,4,47.78,D,0,Very confusing content,Negative
9592,Kavya Verma,29,Female,1,50.76,0.53,9,31,1,71.72,B,0,Helped me improve a lot,Positive
9593,Priya Nair,25,Female,0.68,32.83,1,9,33,8,66.53,C,0,Nothing special,Neutral
9594,Meena Patel,20,Male,0.68,17.93,0.82,5,29,7,59.21,C,0,Okay course,Neutral
9595,Rahul Iyer,23,Female,0.33,71.25,0.92,3,34,2,61.13,C,0,Can be improved,Neutral
9596,Rahul Das,23,Male,0.82,17.19,0.73,4,28,7,65.91,C,0,Normal learning experience,Neutral
9597,Arun Patel,20,Female,0.68,45.8,0.44,5,26,5,63.59,C,0,Normal learning experience,Neutral
9598,Suresh Das,22,Female,0.88,73.61,0.76,9,3,0,76.53,B,0,Helped me improve a lot,Positive
9599,Ravi Patel,27,Male,0.93,57.38,0.93,7,21,5,74.18,B,0,Loved the teaching style,Positive
9600,Suresh Nair,19,Male,0.77,2.71,0.61,3,6,1,41.45,D,0,Waste of time,Negative
9601,Priya Gupta,26,Male,0.53,28.49,0.68,5,6,0,50.46,D,0,Not useful at all,Negative
9602,Arun Das,20,Female,0.42,37.89,0.43,5,21,3,41.39,D,0,Too difficult to follow,Negative
9603,Meena Reddy,24,Female,0.35,26.44,0.55,8,41,9,43.39,D,0,Not useful at all,Negative
9604,Arun Gupta,24,Male,0.33,41.92,0.56,4,6,4,43.9,D,0,Not useful at all,Negative
9605,Suresh Reddy,23,Male,0.93,60.49,0.77,6,0,7,77.29,B,0,Great course and very helpful,Positive
9606,Meena Nair,30,Female,0.7,75.39,0.51,8,17,9,59.57,C,0,Normal learning experience,Neutral
9607,Arun Nair,18,Male,0.63,48.92,0.91,3,3,3,60.86,C,0,Normal learning experience,Neutral
9608,Sneha Nair,19,Female,0.94,25.03,0.68,6,31,6,74.32,B,0,Very engaging and informative,Positive
9609,Karthik Sharma,28,Male,0.64,48.11,0.7,7,48,2,69.92,C,0,Can be improved,Neutral
9610,Rahul Kumar,22,Male,0.62,18.7,0.74,6,16,4,52.71,D,0,Very confusing content,Negative
9611,Rahul Singh,21,Female,0.84,35.73,0.97,3,25,2,67.95,C,0,Normal learning experience,Neutral
9612,Ravi Das,25,Female,0.57,48.72,0.55,9,5,4,50.99,D,0,Too difficult to follow,Negative
9613,Sneha Singh,30,Male,0.95,19.33,0.73,7,34,5,67.17,C,0,Normal learning experience,Neutral
9614,Anjali Sharma,24,Female,0.42,47.2,0.74,3,41,1,49.52,D,0,Not useful at all,Negative
9615,Anjali Reddy,21,Female,0.51,42.51,0.57,8,46,6,55.02,C,0,Can be improved,Neutral
9616,Karthik Das,23,Female,0.86,18.5,0.62,3,29,2,60.61,C,0,Nothing special,Neutral
9617,Rahul Iyer,19,Male,0.96,23.88,0.89,4,49,3,76.27,B,0,Great course and very helpful,Positive
9618,Meena Iyer,22,Female,0.64,63.27,1,7,20,3,73.72,B,0,Excellent platform for learning,Positive
9619,Suresh Kumar,23,Female,0.73,42.25,0.67,5,43,9,69.17,C,0,Nothing special,Neutral
9620,Suresh Gupta,29,Male,0.63,35.66,0.35,8,35,7,55.44,C,0,Can be improved,Neutral
9621,Vijay Gupta,26,Male,1,55.28,0.37,9,44,9,64.71,C,0,Normal learning experience,Neutral
9622,Meena Nair,28,Female,0.54,30.81,0.9,3,16,4,50.56,D,0,Poor explanations,Negative
9623,Arun Kumar,21,Female,0.86,51.43,1,8,41,4,78.85,B,0,Great course and very helpful,Positive
9624,Priya Iyer,24,Male,0.43,48.39,0.75,8,15,5,61.24,C,0,Average experience,Neutral
9625,Vijay Patel,18,Male,1,28.95,0.56,4,8,1,54.95,D,0,Poor explanations,Negative
9626,Rahul Sharma,27,Female,0.52,45.96,0.7,7,30,7,67.82,C,0,Okay course,Neutral
9627,Anjali Das,25,Female,0.74,22.95,0.83,7,20,8,68.42,C,0,Average experience,Neutral
9628,Rahul Das,24,Female,0.57,36.12,0.79,6,21,2,53.45,D,0,Very confusing content,Negative
9629,Sneha Patel,29,Female,0.89,35.38,1,7,25,8,73.97,B,0,Loved the teaching style,Positive
9630,Kavya Kumar,28,Male,0.96,60.76,0.73,9,1,1,72.19,B,0,Excellent platform for learning,Positive
9631,Priya Gupta,18,Male,0.41,55.04,1,3,36,0,69.5,C,0,Okay course,Neutral
9632,Rahul Reddy,22,Female,0.75,40.18,0.73,3,47,8,61.5,C,0,Normal learning experience,Neutral
9633,Rahul Iyer,26,Male,0.8,62.63,0.54,8,23,3,72.67,B,0,Loved the teaching style,Positive
9634,Rahul Singh,19,Male,0.45,14.29,0.46,4,30,5,47.68,D,1,Very confusing content,Negative
9635,Meena Kumar,23,Female,0.73,43.1,0.65,3,29,1,58.5,C,0,Can be improved,Neutral
9636,Divya Singh,22,Male,0.77,28.12,1,9,7,6,69.42,C,0,Average experience,Neutral
9637,Sneha Iyer,21,Male,1,51.66,0.74,4,19,5,76.08,B,0,Great course and very helpful,Positive
9638,Anjali Patel,19,Female,0.83,36.44,0.57,7,20,8,56.68,C,0,Okay course,Neutral
9639,Karthik Patel,30,Male,0.53,44.57,0.47,3,39,2,46.14,D,0,Poor explanations,Negative
9640,Karthik Singh,29,Female,0.7,43.96,0.96,9,18,3,65.63,C,0,Normal learning experience,Neutral
9641,Anjali Das,27,Male,0.91,54.4,0.84,7,18,2,79.95,B,0,Great course and very helpful,Positive
9642,Arun Iyer,26,Female,0.6,42.93,0.69,8,37,7,57.5,C,0,Nothing special,Neutral
9643,Rahul Das,23,Female,0.84,65.74,0.6,6,33,8,71.7,B,0,Helped me improve a lot,Positive
9644,Divya Das,20,Male,0.84,43.29,0.72,6,14,7,60.44,C,0,Average experience,Neutral
9645,Anjali Iyer,25,Male,0.92,25.91,0.49,8,30,4,58.6,C,0,Can be improved,Neutral
9646,Anjali Iyer,20,Male,0.77,63.35,0.7,4,48,2,68.33,C,0,Average experience,Neutral
9647,Kavya Singh,29,Male,0.46,23.39,0.61,4,44,9,41.22,D,0,Very confusing content,Negative
9648,Suresh Gupta,25,Male,0.76,32.1,0.75,8,10,2,71.15,B,0,Excellent platform for learning,Positive
9649,Sneha Reddy,28,Male,1,55.54,0.84,6,22,0,75.11,B,0,Very engaging and informative,Positive
9650,Rahul Patel,21,Female,0.79,32.25,0.53,3,32,5,52.25,D,0,Too difficult to follow,Negative
9651,Priya Patel,20,Male,0.95,71.16,0.86,3,22,4,71.99,B,0,Helped me improve a lot,Positive
9652,Divya Nair,23,Female,1,61.35,0.81,3,39,8,76.35,B,0,Excellent platform for learning,Positive
9653,Rahul Singh,28,Female,1,32.31,0.76,9,11,0,70.53,B,0,Very engaging and informative,Positive
9654,Meena Gupta,24,Male,0.94,38.86,0.73,7,13,3,70.14,B,0,Helped me improve a lot,Positive
9655,Rahul Iyer,20,Female,0.65,56.54,1,5,3,7,74.46,B,0,Loved the teaching style,Positive
9656,Anjali Iyer,27,Male,0.8,30.72,0.6,6,43,4,53.94,D,0,Not useful at all,Negative
9657,Karthik Nair,26,Female,0.55,51.17,0.9,7,43,6,69.14,C,0,Can be improved,Neutral
9658,Ravi Singh,24,Female,0.88,64.58,0.77,7,25,0,77.01,B,0,Loved the teaching style,Positive
9659,Suresh Reddy,23,Male,0.63,23.32,0.31,9,28,5,55.28,C,0,Normal learning experience,Neutral
9660,Kavya Iyer,19,Female,1,40.26,0.78,9,21,6,78.54,B,0,Loved the teaching style,Positive
9661,Rahul Singh,21,Male,0.82,58.89,0.77,4,7,7,65.28,C,0,Normal learning experience,Neutral
9662,Anjali Gupta,20,Female,0.67,34.01,0.26,7,7,0,38.59,Fail,0,Not useful at all,Negative
9663,Suresh Gupta,28,Male,0.87,31.2,0.58,3,41,9,68,C,0,Okay course,Neutral
9664,Anjali Das,25,Male,0.65,23.57,0.78,3,46,5,67.28,C,0,Okay course,Neutral
9665,Suresh Verma,23,Male,0.99,62.69,0.51,9,10,0,74.09,B,0,Loved the teaching style,Positive
9666,Arun Gupta,30,Female,0.55,25.02,0.71,9,30,5,55.05,C,0,Normal learning experience,Neutral
9667,Sneha Singh,19,Female,0.95,35.24,0.4,4,12,1,51.21,D,0,Not useful at all,Negative
9668,Sneha Iyer,28,Female,0.88,38.88,0.81,5,1,0,65.37,C,0,Okay course,Neutral
9669,Karthik Patel,18,Male,0.74,54.41,0.42,5,21,7,59.71,C,0,Nothing special,Neutral
9670,Rahul Kumar,29,Female,1,18.66,0.82,3,6,5,57.32,C,0,Okay course,Neutral
9671,Sneha Reddy,24,Female,0.75,50.13,0.82,5,27,7,78.81,B,0,Very engaging and informative,Positive
9672,Anjali Gupta,21,Female,0.23,40.75,0.75,3,27,4,56.57,C,0,Nothing special,Neutral
9673,Meena Verma,23,Female,0.85,-1.82,0.33,7,10,0,34.62,Fail,0,Not useful at all,Negative
9674,Sneha Sharma,28,Male,0.65,60.83,1,4,13,3,74.03,B,0,Helped me improve a lot,Positive
9675,Vijay Sharma,21,Male,0.68,39.68,0.81,6,38,5,69.61,C,0,Okay course,Neutral
9676,Suresh Nair,18,Female,0.66,50.45,0.67,3,13,3,51.83,D,0,Too difficult to follow,Negative
9677,Priya Reddy,18,Male,0.56,28.5,0.73,7,19,1,60.37,C,0,Nothing special,Neutral
9678,Ravi Patel,29,Male,0.5,55.55,0.55,3,29,9,51.97,D,0,Waste of time,Negative
9679,Priya Patel,28,Male,0.52,37.11,1,3,32,0,60.71,C,0,Normal learning experience,Neutral
9680,Priya Kumar,29,Male,0.66,40.39,0.89,4,18,8,58.96,C,0,Average experience,Neutral
9681,Kavya Patel,22,Male,0.9,54.42,0.81,7,48,5,74.08,B,0,Great course and very helpful,Positive
9682,Vijay Sharma,30,Female,0.84,55.73,0.45,5,22,3,51.62,D,0,Poor explanations,Negative
9683,Arun Kumar,25,Male,0.88,54.76,0.91,4,36,1,77.06,B,0,Very engaging and informative,Positive
9684,Kavya Verma,23,Male,0.97,66.55,0.54,3,41,1,72.05,B,0,Very engaging and informative,Positive
9685,Arun Gupta,23,Female,1,52.1,0.67,6,41,3,75.2,B,0,Helped me improve a lot,Positive
9686,Meena Reddy,23,Male,0.81,29.65,0.74,5,14,7,52.42,D,0,Too difficult to follow,Negative
9687,Arun Sharma,22,Male,0.84,49.42,0.98,8,43,3,86.09,A,0,Very engaging and informative,Positive
9688,Karthik Iyer,18,Female,0.58,86.81,0.42,9,29,8,64.14,C,0,Okay course,Neutral
9689,Anjali Nair,25,Male,0.92,20.38,0.48,6,42,5,53.63,D,0,Too difficult to follow,Negative
9690,Kavya Singh,23,Female,0.97,26.79,0.6,8,6,6,67.96,C,0,Normal learning experience,Neutral
9691,Meena Sharma,21,Male,0.55,28.91,0.7,3,14,2,49.27,D,0,Too difficult to follow,Negative
9692,Anjali Singh,27,Female,0.62,11.62,1,5,20,4,59.84,C,0,Normal learning experience,Neutral
9693,Kavya Kumar,21,Female,0.61,47.04,0.8,5,33,4,64.48,C,0,Normal learning experience,Neutral
9694,Priya Das,27,Male,0.88,19.58,0.59,5,9,8,56.4,C,0,Average experience,Neutral
9695,Arun Gupta,25,Female,1,21.57,1,4,11,1,64.29,C,0,Nothing special,Neutral
9696,Ravi Reddy,25,Female,0.6,59.38,0.75,3,23,9,58.45,C,0,Nothing special,Neutral
9697,Rahul Gupta,28,Female,0.91,48.64,0.49,4,1,6,52.46,D,0,Not useful at all,Negative
9698,Anjali Sharma,23,Female,0.99,22.43,0.88,7,1,5,72.82,B,0,Helped me improve a lot,Positive
9699,Rahul Iyer,28,Female,0.99,45.76,0.54,3,40,1,65.6,C,0,Can be improved,Neutral
9700,Divya Reddy,21,Male,0.69,6.32,0.71,8,9,6,45.27,D,0,Too difficult to follow,Negative
9701,Rahul Nair,28,Female,0.96,40.12,0.5,4,33,2,58.8,C,0,Normal learning experience,Neutral
9702,Ravi Iyer,29,Male,0.51,22.31,0.56,9,43,3,53.65,D,0,Very confusing content,Negative
9703,Kavya Singh,26,Female,0.81,28.07,0.67,9,22,5,60.02,C,0,Can be improved,Neutral
9704,Sneha Das,24,Male,0.59,39.62,0.75,8,0,5,66.13,C,0,Can be improved,Neutral
9705,Sneha Verma,23,Female,0.68,30.58,0.87,9,45,5,72.19,B,0,Loved the teaching style,Positive
9706,Priya Verma,26,Female,0.69,56.67,0.79,5,24,2,74.71,B,0,Excellent platform for learning,Positive
9707,Rahul Reddy,25,Female,0.54,36.55,1,3,30,6,55.98,C,0,Nothing special,Neutral
9708,Karthik Gupta,18,Female,0.75,20.51,0.86,9,34,1,65.67,C,0,Can be improved,Neutral
9709,Rahul Iyer,20,Female,0.77,52.63,0.91,4,42,0,69.05,C,0,Nothing special,Neutral
9710,Anjali Sharma,28,Female,0.86,42.4,0.95,5,3,4,58.96,C,0,Can be improved,Neutral
9711,Anjali Iyer,25,Male,0.74,25.27,0.42,8,46,6,61.52,C,0,Okay course,Neutral
9712,Anjali Reddy,22,Female,1,16.78,0.67,5,27,2,65.11,C,0,Nothing special,Neutral
9713,Priya Singh,18,Male,0.94,61.4,0.49,9,42,5,69.88,C,0,Okay course,Neutral
9714,Priya Singh,25,Female,0.83,31.96,0.71,3,3,6,54.43,D,0,Not useful at all,Negative
9715,Anjali Verma,25,Male,1,60.24,0.61,9,34,2,83.49,B,0,Very engaging and informative,Positive
9716,Ravi Verma,18,Male,1,25.43,0.76,6,39,8,67.98,C,0,Average experience,Neutral
9717,Divya Patel,19,Female,1,43.96,0.21,6,24,6,47.83,D,0,Waste of time,Negative
9718,Rahul Iyer,22,Female,0.57,43.78,0.77,7,31,4,57.14,C,0,Normal learning experience,Neutral
9719,Karthik Kumar,20,Female,0.54,50.1,0.51,6,24,5,59.09,C,0,Normal learning experience,Neutral
9720,Priya Patel,22,Male,0.51,40.51,1,4,14,4,50.93,D,0,Very confusing content,Negative
9721,Ravi Verma,23,Male,0.72,0.77,0.6,4,18,8,50.38,D,0,Waste of time,Negative
9722,Suresh Patel,21,Male,1,31.4,0.45,6,47,3,68.16,C,0,Nothing special,Neutral
9723,Priya Kumar,23,Male,0.89,31.72,0.86,7,17,0,64.49,C,0,Can be improved,Neutral
9724,Sneha Nair,22,Female,0.95,22.88,0.79,4,40,3,71.82,B,0,Loved the teaching style,Positive
9725,Divya Das,26,Male,0.79,31.66,0.67,9,6,6,68.43,C,0,Nothing special,Neutral
9726,Ravi Nair,25,Male,0.95,59.28,1,5,5,9,76.05,B,0,Great course and very helpful,Positive
9727,Sneha Gupta,18,Male,0.68,36.47,0.56,9,47,0,60.87,C,0,Normal learning experience,Neutral
9728,Ravi Kumar,22,Female,0.38,36,1,9,35,1,60.72,C,0,Nothing special,Neutral
9729,Meena Das,19,Male,1,45.98,0.73,4,26,3,73.98,B,0,Very engaging and informative,Positive
9730,Kavya Das,23,Male,0.63,15.87,0.66,6,15,2,56.17,C,0,Normal learning experience,Neutral
9731,Vijay Gupta,22,Female,0.67,36.62,0.21,6,43,1,55.77,C,0,Okay course,Neutral
9732,Suresh Verma,19,Female,0.43,32.01,0.47,3,22,7,41.8,D,0,Poor explanations,Negative
9733,Suresh Das,25,Male,1,52.97,0.82,7,17,1,82.08,B,0,Excellent platform for learning,Positive
9734,Meena Singh,24,Female,0.49,-0.65,0.74,5,17,6,39.87,Fail,1,Too difficult to follow,Negative
9735,Priya Gupta,19,Female,0.59,45,0.88,3,44,1,78.83,B,0,Loved the teaching style,Positive
9736,Meena Nair,28,Male,1,44.14,1,9,11,2,77.19,B,0,Helped me improve a lot,Positive
9737,Suresh Gupta,27,Male,0.72,57.47,0.26,5,26,5,48.82,D,0,Poor explanations,Negative
9738,Kavya Das,22,Female,1,46.07,0.85,9,13,8,75.1,B,0,Very engaging and informative,Positive
9739,Meena Verma,20,Male,0.47,45.8,0.76,5,1,3,56.17,C,0,Okay course,Neutral
9740,Ravi Singh,25,Female,0.7,52.88,0.7,7,29,5,67.1,C,0,Nothing special,Neutral
9741,Meena Sharma,24,Female,0.2,37.49,0.56,9,6,4,48.7,D,0,Too difficult to follow,Negative
9742,Ravi Iyer,19,Female,0.48,46.92,0.57,5,5,2,42.64,D,0,Waste of time,Negative
9743,Rahul Kumar,21,Male,1,46.82,0.33,8,20,9,52.3,D,0,Not useful at all,Negative
9744,Arun Singh,23,Female,0.69,50.55,0.53,8,3,1,55.29,C,0,Normal learning experience,Neutral
9745,Kavya Patel,20,Female,0.94,26.86,0.93,6,35,4,73.44,B,0,Excellent platform for learning,Positive
9746,Anjali Gupta,28,Male,1,17.53,0.68,6,41,9,65.35,C,0,Can be improved,Neutral
9747,Meena Kumar,28,Female,0.49,63.79,0.85,6,33,8,62.09,C,0,Normal learning experience,Neutral
9748,Anjali Singh,27,Male,0.89,31.46,0.82,5,42,0,71.58,B,0,Loved the teaching style,Positive
9749,Arun Verma,20,Female,0.34,34.24,1,5,1,7,48.43,D,0,Too difficult to follow,Negative
9750,Vijay Das,30,Female,0.82,37.32,0.85,9,9,4,69.37,C,0,Normal learning experience,Neutral
9751,Priya Das,19,Female,0.46,22.91,0.91,9,45,2,59.96,C,0,Nothing special,Neutral
9752,Vijay Verma,20,Male,0.6,65.32,0.95,5,26,4,70.52,B,0,Loved the teaching style,Positive
9753,Ravi Iyer,20,Male,1,25.37,0.86,4,9,8,67.74,C,0,Can be improved,Neutral
9754,Suresh Iyer,24,Female,0.88,44.11,0.69,5,47,7,74.43,B,0,Excellent platform for learning,Positive
9755,Ravi Reddy,24,Female,1,28.33,1,9,22,2,84.16,B,0,Helped me improve a lot,Positive
9756,Meena Sharma,24,Female,0.44,49.5,0.96,6,37,4,58.1,C,0,Okay course,Neutral
9757,Meena Gupta,25,Male,0.63,19.87,0.93,6,11,5,57.62,C,0,Can be improved,Neutral
9758,Meena Gupta,18,Female,0.91,35.28,0.37,8,32,9,58.41,C,0,Normal learning experience,Neutral
9759,Divya Verma,25,Female,0.83,39.47,0.71,3,44,1,63.11,C,0,Nothing special,Neutral
9760,Arun Patel,23,Male,0.64,66.87,0.95,7,41,2,76.76,B,0,Helped me improve a lot,Positive
9761,Ravi Verma,27,Female,0.49,30.4,0.77,5,1,9,44.25,D,0,Not useful at all,Negative
9762,Rahul Das,28,Female,0.53,36.13,0.77,9,27,3,65.09,C,0,Normal learning experience,Neutral
9763,Rahul Nair,29,Male,1,27.5,1,9,19,4,80.78,B,0,Loved the teaching style,Positive
9764,Ravi Patel,28,Female,1,0.63,0.77,4,38,4,65.57,C,0,Normal learning experience,Neutral
9765,Suresh Iyer,22,Male,0.69,50.99,0.92,9,20,9,69.69,C,0,Okay course,Neutral
9766,Suresh Sharma,30,Male,0.67,64.81,0.9,8,15,5,74.82,B,0,Excellent platform for learning,Positive
9767,Ravi Patel,19,Female,0.73,42.59,0.79,9,37,0,71.34,B,0,Very engaging and informative,Positive
9768,Rahul Nair,19,Female,0.88,52.73,0.94,7,11,5,68.86,C,0,Okay course,Neutral
9769,Anjali Nair,30,Male,0.8,59.69,0.21,8,16,7,49.13,D,0,Poor explanations,Negative
9770,Rahul Iyer,27,Male,0.83,45.14,0.76,3,39,3,67.83,C,0,Average experience,Neutral
9771,Anjali Singh,24,Female,0.5,33.81,0.23,7,22,1,49,D,0,Poor explanations,Negative
9772,Priya Reddy,27,Female,1,55.03,0.74,8,21,3,90.64,A,0,Loved the teaching style,Positive
9773,Sneha Das,22,Male,0.68,13.14,0.41,5,14,9,58.05,C,0,Average experience,Neutral
9774,Anjali Reddy,30,Female,0.09,14.12,0.4,3,13,0,23.54,Fail,1,Too difficult to follow,Negative
9775,Divya Nair,28,Male,0.73,40.56,1,5,29,8,75.31,B,0,Very engaging and informative,Positive
9776,Kavya Sharma,18,Male,0.87,12.34,0.55,9,21,5,56.65,C,0,Can be improved,Neutral
9777,Priya Sharma,23,Male,0.66,32.04,0.46,9,47,1,58.75,C,0,Can be improved,Neutral
9778,Anjali Kumar,26,Male,0.67,50.07,0.63,7,45,7,69.67,C,0,Average experience,Neutral
9779,Rahul Patel,23,Male,0.62,-0.35,1,9,2,9,48.47,D,0,Very confusing content,Negative
9780,Meena Patel,22,Female,0.66,64.52,0.96,9,21,7,72.61,B,0,Very engaging and informative,Positive
9781,Karthik Das,23,Female,0.51,65.87,0.97,3,45,1,74.25,B,0,Helped me improve a lot,Positive
9782,Meena Verma,24,Male,0.97,40.82,0.78,9,17,9,76.63,B,0,Very engaging and informative,Positive
9783,Vijay Gupta,27,Female,0.45,37.99,0.62,8,21,3,59.12,C,0,Nothing special,Neutral
9784,Sneha Gupta,27,Male,0.82,31.71,0.67,3,3,9,41.28,D,0,Very confusing content,Negative
9785,Kavya Singh,20,Male,0.67,35,0.46,3,19,5,46.04,D,0,Not useful at all,Negative
9786,Sneha Patel,22,Female,0.66,26.18,0.42,4,47,4,50.76,D,0,Not useful at all,Negative
9787,Rahul Singh,21,Female,0.9,39.72,0.74,4,49,1,79.57,B,0,Very engaging and informative,Positive
9788,Suresh Kumar,26,Female,0.7,49.69,0.74,8,1,1,55.09,C,0,Normal learning experience,Neutral
9789,Anjali Das,30,Female,0.92,35.47,0.72,3,47,1,69.5,C,0,Normal learning experience,Neutral
9790,Rahul Sharma,26,Male,0.83,0.8,0.49,6,42,2,63.92,C,0,Average experience,Neutral
9791,Anjali Das,18,Male,0.61,67.89,0.93,7,19,3,67.25,C,0,Nothing special,Neutral
9792,Priya Das,29,Female,0.73,28.48,0.64,5,40,7,57.58,C,0,Can be improved,Neutral
9793,Suresh Das,24,Female,0.89,55.43,0.53,9,8,1,63.88,C,0,Normal learning experience,Neutral
9794,Divya Gupta,21,Male,0.89,49.77,0.73,5,14,7,57.47,C,0,Normal learning experience,Neutral
9795,Karthik Kumar,19,Female,0.62,37.91,1,4,11,5,55.39,C,0,Okay course,Neutral
9796,Kavya Das,26,Male,0.89,52.95,0.76,4,4,5,57.29,C,0,Can be improved,Neutral
9797,Sneha Patel,29,Female,0.73,22.97,0.72,9,9,3,68.23,C,0,Average experience,Neutral
9798,Sneha Gupta,19,Male,0.94,5.52,0.47,3,24,6,51.19,D,0,Very confusing content,Negative
9799,Arun Das,27,Male,0.54,34.86,0.32,8,7,1,46.05,D,0,Too difficult to follow,Negative
9800,Kavya Gupta,19,Female,0.56,32.48,0.65,4,30,8,53.99,D,0,Waste of time,Negative
9801,Meena Sharma,25,Male,0.44,28.56,0.61,4,30,9,45,D,0,Poor explanations,Negative
9802,Vijay Singh,27,Female,0.32,32.22,0.79,7,0,2,48.19,D,0,Waste of time,Negative
9803,Rahul Gupta,19,Male,0.89,74.26,1,9,22,2,82.61,B,0,Excellent platform for learning,Positive
9804,Divya Kumar,29,Male,0.69,44.49,1,4,32,4,71.68,B,0,Very engaging and informative,Positive
9805,Vijay Das,22,Male,0.66,28.31,1,9,17,2,64.04,C,0,Can be improved,Neutral
9806,Rahul Iyer,18,Female,0.92,42.87,0.52,3,7,7,65.45,C,0,Average experience,Neutral
9807,Karthik Verma,20,Female,1,53.63,0.93,7,28,7,76.55,B,0,Loved the teaching style,Positive
9808,Ravi Verma,28,Female,0.6,58.97,0.59,5,44,3,54.59,D,0,Too difficult to follow,Negative
9809,Suresh Nair,29,Male,0.82,26.49,0.67,5,41,1,63.09,C,0,Normal learning experience,Neutral
9810,Arun Sharma,27,Female,0.47,22.67,0.94,7,46,6,57.2,C,0,Okay course,Neutral
9811,Suresh Sharma,26,Male,0.94,39.01,0.56,4,15,5,56.47,C,0,Average experience,Neutral
9812,Kavya Patel,29,Male,0.35,33.13,0.79,5,10,2,45.52,D,0,Poor explanations,Negative
9813,Sneha Verma,30,Female,1,27.2,0.64,6,21,0,52.98,D,0,Too difficult to follow,Negative
9814,Ravi Das,28,Female,0.92,56.02,1,7,36,0,90.87,A,0,Very engaging and informative,Positive
9815,Priya Kumar,26,Male,0.53,48.09,0.7,6,8,8,56.26,C,0,Average experience,Neutral
9816,Priya Das,29,Male,0.66,22.35,1,6,46,5,76.52,B,0,Loved the teaching style,Positive
9817,Kavya Das,24,Female,0.8,46.55,0.57,4,0,8,52.7,D,0,Too difficult to follow,Negative
9818,Anjali Iyer,26,Female,0.64,13.39,0.68,9,40,3,54.34,D,0,Waste of time,Negative
9819,Suresh Singh,27,Male,1,36.62,0.63,4,41,6,69.5,C,0,Normal learning experience,Neutral
9820,Karthik Nair,28,Male,0.44,40.7,0.65,5,44,1,60.69,C,0,Can be improved,Neutral
9821,Suresh Singh,26,Male,1,39.61,0.69,4,28,9,69.97,C,0,Average experience,Neutral
9822,Vijay Das,25,Female,0.91,37.75,0.52,4,4,6,55.39,C,0,Nothing special,Neutral
9823,Karthik Nair,18,Female,1,44.22,0.71,7,43,7,75.9,B,0,Great course and very helpful,Positive
9824,Anjali Verma,21,Male,0.68,43.89,0.65,9,28,4,68.28,C,0,Average experience,Neutral
9825,Karthik Singh,26,Female,0.92,48.71,0.52,8,42,6,68.07,C,0,Nothing special,Neutral
9826,Arun Sharma,23,Female,0.59,48.09,1,6,13,3,61.88,C,0,Normal learning experience,Neutral
9827,Arun Iyer,29,Female,1,80.27,0.58,5,11,9,81.69,B,0,Very engaging and informative,Positive
9828,Sneha Iyer,20,Male,0.75,46.67,0.88,5,44,2,77.76,B,0,Great course and very helpful,Positive
9829,Suresh Nair,28,Female,1,41.44,0.69,3,21,1,62.68,C,0,Normal learning experience,Neutral
9830,Ravi Sharma,30,Male,0.57,30.33,0.82,3,37,4,59.3,C,0,Normal learning experience,Neutral
9831,Anjali Kumar,20,Male,1,46.77,0.38,5,21,0,63.01,C,0,Average experience,Neutral
9832,Sneha Reddy,18,Female,0.49,55.09,0.46,5,34,4,46.45,D,0,Poor explanations,Negative
9833,Vijay Reddy,21,Male,0.64,17.05,0.63,6,47,7,61.33,C,0,Okay course,Neutral
9834,Sneha Verma,25,Female,0.89,14.67,0.69,6,6,0,54.28,D,0,Too difficult to follow,Negative
9835,Divya Reddy,25,Male,0.72,46.13,1,8,34,8,68.35,C,0,Normal learning experience,Neutral
9836,Rahul Nair,24,Male,0.51,26.2,0.88,8,16,2,47.75,D,0,Poor explanations,Negative
9837,Priya Patel,18,Male,0.7,14.09,0.35,7,11,5,46.27,D,0,Too difficult to follow,Negative
9838,Suresh Nair,23,Male,0.95,54.7,0.72,9,40,0,75.32,B,0,Great course and very helpful,Positive
9839,Sneha Das,23,Male,0.93,56.01,0.73,9,40,8,75.48,B,0,Very engaging and informative,Positive
9840,Anjali Gupta,26,Male,0.45,43.4,0.71,7,48,3,59.72,C,0,Can be improved,Neutral
9841,Meena Reddy,27,Female,0.95,21.81,1,6,35,2,78.47,B,0,Very engaging and informative,Positive
9842,Priya Kumar,19,Female,1,53.61,0.77,4,23,5,72.2,B,0,Helped me improve a lot,Positive
9843,Sneha Singh,29,Male,0.39,39.66,0.59,4,43,4,48.92,D,0,Poor explanations,Negative
9844,Priya Nair,19,Male,0.63,37.64,0.53,5,33,6,56.67,C,0,Normal learning experience,Neutral
9845,Priya Verma,21,Female,0.73,34.83,0.92,5,37,5,65.78,C,0,Can be improved,Neutral
9846,Rahul Singh,23,Female,0.9,24.24,0.72,6,44,0,67.92,C,0,Nothing special,Neutral
9847,Ravi Reddy,22,Female,0.83,57.11,1,8,10,9,77.48,B,0,Loved the teaching style,Positive
9848,Ravi Singh,30,Female,1,25.04,0.6,6,25,7,61.79,C,0,Average experience,Neutral
9849,Meena Nair,20,Male,0.4,22.87,0.74,5,3,0,40.99,D,0,Waste of time,Negative
9850,Divya Verma,25,Male,0.62,2.03,0.57,9,4,0,56.59,C,0,Okay course,Neutral
9851,Divya Singh,26,Female,0.54,12.12,0.62,3,20,7,35.28,Fail,0,Very confusing content,Negative
9852,Karthik Verma,27,Male,0.76,6.86,0.62,7,26,9,44.64,D,0,Too difficult to follow,Negative
9853,Karthik Reddy,18,Male,0.34,45.21,0.89,7,20,4,54.83,D,0,Waste of time,Negative
9854,Rahul Reddy,20,Female,0.79,12.24,0.93,4,9,9,61.4,C,0,Average experience,Neutral
9855,Kavya Iyer,30,Male,0.79,63.25,0.85,4,32,5,76.6,B,0,Very engaging and informative,Positive
9856,Anjali Verma,21,Female,0.95,39.13,0.8,6,27,9,72.79,B,0,Helped me improve a lot,Positive
9857,Divya Verma,29,Male,0.83,40.05,0.63,7,30,5,62.84,C,0,Can be improved,Neutral
9858,Kavya Sharma,22,Female,0.61,48.7,0.25,8,35,6,49.59,D,0,Very confusing content,Negative
9859,Karthik Nair,19,Female,0.42,14.54,1,9,49,4,62.21,C,1,Nothing special,Neutral
9860,Anjali Iyer,21,Female,1,46.4,0.68,4,18,0,67.11,C,0,Nothing special,Neutral
9861,Suresh Kumar,18,Male,0.65,32.75,0.96,4,46,8,61.8,C,0,Okay course,Neutral
9862,Suresh Sharma,22,Female,0.95,15.77,1,9,29,5,64.51,C,0,Nothing special,Neutral
9863,Meena Kumar,28,Male,0.93,68.59,0.72,7,23,7,71.13,B,0,Helped me improve a lot,Positive
9864,Meena Gupta,20,Male,0.7,45.8,1,6,7,3,74,B,0,Loved the teaching style,Positive
9865,Rahul Reddy,27,Female,0.78,43.49,0.94,5,13,6,76.15,B,0,Great course and very helpful,Positive
9866,Divya Gupta,24,Female,0.73,62.79,0.41,9,14,9,65.74,C,0,Normal learning experience,Neutral
9867,Anjali Patel,26,Male,0.81,41.2,0.39,3,43,6,51.88,D,0,Too difficult to follow,Negative
9868,Karthik Verma,20,Male,0.76,57.49,0.64,6,9,8,60.27,C,0,Nothing special,Neutral
9869,Anjali Nair,29,Male,0.83,64.76,0.53,6,45,1,74.41,B,0,Very engaging and informative,Positive
9870,Kavya Kumar,30,Male,0.86,51.61,0.54,9,26,9,60.3,C,0,Okay course,Neutral
9871,Divya Singh,27,Female,0.63,33.1,0.58,8,47,6,58.29,C,0,Nothing special,Neutral
9872,Divya Verma,30,Female,0.94,39.42,0.78,9,23,7,75.52,B,0,Helped me improve a lot,Positive
9873,Anjali Nair,28,Female,0.5,59.38,0.5,5,6,3,53.12,D,0,Not useful at all,Negative
9874,Anjali Patel,24,Female,0.69,19.21,0.31,8,21,7,38.68,Fail,0,Poor explanations,Negative
9875,Rahul Patel,25,Female,0.91,62,0.62,5,39,2,75.36,B,0,Helped me improve a lot,Positive
9876,Priya Verma,25,Female,0.82,38.04,0.92,3,13,2,63.08,C,0,Average experience,Neutral
9877,Meena Verma,18,Female,0.7,39.56,0.76,9,37,2,60.89,C,0,Nothing special,Neutral
9878,Arun Iyer,25,Male,0.76,20.41,0.68,3,13,0,55.86,C,0,Can be improved,Neutral
9879,Arun Kumar,21,Female,0.94,46.2,0.73,6,15,0,65.91,C,0,Normal learning experience,Neutral
9880,Arun Kumar,30,Male,0.98,37.69,1,7,41,6,80.84,B,0,Helped me improve a lot,Positive
9881,Karthik Kumar,30,Male,0.53,32.19,0.27,4,43,9,43.05,D,0,Not useful at all,Negative
9882,Vijay Verma,28,Male,0.63,43.97,0.83,6,24,3,59.9,C,0,Can be improved,Neutral
9883,Priya Nair,18,Female,0.61,39.01,0.69,4,16,7,59.15,C,0,Normal learning experience,Neutral
9884,Ravi Sharma,20,Female,0.64,34.08,0.9,4,14,9,61.8,C,0,Can be improved,Neutral
9885,Arun Iyer,22,Female,0.6,27.72,0.77,5,4,0,52.79,D,0,Poor explanations,Negative
9886,Kavya Sharma,22,Male,0.77,33.98,0.56,7,12,2,58.21,C,0,Nothing special,Neutral
9887,Arun Sharma,23,Female,0.74,55.44,0.65,5,20,9,68.25,C,0,Nothing special,Neutral
9888,Arun Gupta,26,Male,1,27.22,0.81,7,46,3,62.95,C,0,Normal learning experience,Neutral
9889,Karthik Iyer,20,Female,0.6,34.32,0.92,6,20,3,60.19,C,0,Normal learning experience,Neutral
9890,Meena Iyer,24,Male,0.78,40.25,0.43,9,0,7,55.67,C,0,Average experience,Neutral
9891,Anjali Iyer,21,Male,0.76,34.81,0.71,9,4,1,57,C,0,Normal learning experience,Neutral
9892,Ravi Nair,18,Male,0.93,35.62,0.66,5,42,9,71.15,B,0,Excellent platform for learning,Positive
9893,Suresh Singh,19,Male,0.64,26.68,0.52,4,17,7,46.73,D,0,Too difficult to follow,Negative
9894,Arun Patel,26,Male,0.9,24.01,0.56,6,23,4,57.93,C,0,Nothing special,Neutral
9895,Rahul Nair,30,Male,0.88,49.78,0.94,3,47,8,78.41,B,0,Loved the teaching style,Positive
9896,Kavya Sharma,25,Male,0.69,46.06,1,4,6,5,48.01,D,0,Not useful at all,Negative
9897,Vijay Kumar,30,Female,0.62,41.13,0.54,7,8,2,53.35,D,0,Not useful at all,Negative
9898,Vijay Patel,24,Male,0.35,8.44,0.61,3,26,1,43.77,D,1,Too difficult to follow,Negative
9899,Priya Patel,18,Male,0.31,72.67,0.88,6,16,2,55.1,C,0,Normal learning experience,Neutral
9900,Sneha Nair,27,Male,1,42.19,0.43,6,39,1,63.29,C,0,Can be improved,Neutral
9901,Suresh Gupta,21,Female,0.89,48.39,0.81,5,8,3,67.91,C,0,Nothing special,Neutral
9902,Karthik Singh,20,Male,0.68,45.2,1,8,38,3,76.2,B,0,Helped me improve a lot,Positive
9903,Ravi Singh,20,Female,0.43,50.47,1,9,23,7,68.26,C,0,Normal learning experience,Neutral
9904,Meena Gupta,19,Male,0.86,24.02,0.58,4,16,8,50.11,D,0,Poor explanations,Negative
9905,Meena Singh,18,Male,0.63,50.56,1,8,5,8,67.57,C,0,Can be improved,Neutral
9906,Meena Iyer,18,Male,0.76,33.15,0.8,9,23,3,75.62,B,0,Excellent platform for learning,Positive
9907,Kavya Iyer,30,Male,0.9,35.53,0.86,4,49,0,78.36,B,0,Great course and very helpful,Positive
9908,Kavya Nair,18,Male,0.91,32.42,1,5,13,8,68.43,C,0,Okay course,Neutral
9909,Meena Nair,18,Female,0.75,48.99,1,6,39,2,78.13,B,0,Excellent platform for learning,Positive
9910,Vijay Nair,23,Female,0.5,20,0.86,7,39,6,61.63,C,0,Can be improved,Neutral
9911,Karthik Verma,20,Female,0.92,61.79,0.8,5,42,5,70.79,B,0,Great course and very helpful,Positive
9912,Sneha Gupta,23,Female,1,80.28,0.96,8,8,2,94.71,A,0,Helped me improve a lot,Positive
9913,Anjali Reddy,26,Female,0.62,42.97,1,3,25,2,63.23,C,0,Can be improved,Neutral
9914,Rahul Patel,18,Male,0.66,62.91,0.59,8,28,7,66.42,C,0,Normal learning experience,Neutral
9915,Suresh Iyer,30,Male,0.76,28.49,0.47,5,7,0,40.98,D,0,Poor explanations,Negative
9916,Anjali Singh,29,Female,0.87,41.39,0.46,4,44,8,52.8,D,0,Poor explanations,Negative
9917,Sneha Das,20,Male,0.54,57.34,0.56,7,12,4,52.66,D,0,Poor explanations,Negative
9918,Ravi Verma,22,Male,0.95,38.6,0.81,6,11,3,68.41,C,0,Can be improved,Neutral
9919,Sneha Verma,26,Male,0.93,36.16,0.63,3,13,4,55.34,C,0,Can be improved,Neutral
9920,Vijay Iyer,28,Female,0.65,14.49,0.62,3,14,1,48.81,D,0,Waste of time,Negative
9921,Anjali Singh,25,Female,0.5,53.97,1,9,27,5,76.44,B,0,Excellent platform for learning,Positive
9922,Meena Patel,22,Female,0.71,39.7,0.51,8,1,9,48.99,D,0,Poor explanations,Negative
9923,Rahul Reddy,29,Female,0.75,56.02,0.92,3,15,6,62.31,C,0,Okay course,Neutral
9924,Ravi Kumar,25,Female,0.58,63.17,0.36,8,16,3,51.23,D,0,Waste of time,Negative
9925,Karthik Gupta,21,Male,0.47,46.64,1,6,48,9,70.91,B,0,Excellent platform for learning,Positive
9926,Anjali Patel,27,Female,1,30.95,0.95,9,37,2,74.74,B,0,Great course and very helpful,Positive
9927,Ravi Nair,24,Male,1,49.41,0.82,6,12,7,70.19,B,0,Great course and very helpful,Positive
9928,Arun Iyer,28,Male,0.85,56.85,0.42,6,9,7,75.57,B,0,Great course and very helpful,Positive
9929,Vijay Sharma,23,Female,0.61,33.71,0.43,9,41,9,58.51,C,0,Can be improved,Neutral
9930,Karthik Singh,27,Female,0.95,20.71,0.62,7,38,0,62.83,C,0,Okay course,Neutral
9931,Rahul Nair,19,Female,0.73,60.05,0.74,9,10,2,66.62,C,0,Normal learning experience,Neutral
9932,Meena Kumar,22,Female,0.57,60.59,0.57,7,3,2,52.19,D,0,Poor explanations,Negative
9933,Suresh Singh,25,Female,0.72,43.62,0.68,9,28,7,63.81,C,0,Normal learning experience,Neutral
9934,Ravi Verma,22,Male,0.8,44.19,0.7,9,12,1,68.67,C,0,Average experience,Neutral
9935,Priya Gupta,30,Female,0.83,49.4,0.87,6,43,0,75.1,B,0,Excellent platform for learning,Positive
9936,Sneha Iyer,26,Female,0.76,52.36,0.85,8,8,4,73.22,B,0,Loved the teaching style,Positive
9937,Divya Nair,20,Male,0.58,54.56,0.96,5,31,4,81.67,B,0,Loved the teaching style,Positive
9938,Divya Kumar,24,Female,1,47.46,0.5,3,33,8,63.45,C,0,Can be improved,Neutral
9939,Divya Gupta,30,Female,0.67,41.51,0.88,6,22,6,52.59,D,0,Very confusing content,Negative
9940,Anjali Kumar,23,Male,1,57.19,0.58,6,17,5,66.47,C,0,Can be improved,Neutral
9941,Kavya Nair,28,Female,0.8,53.56,0.61,7,24,8,76.29,B,0,Excellent platform for learning,Positive
9942,Vijay Nair,28,Male,0.96,65.94,0.98,4,7,7,86.14,A,0,Helped me improve a lot,Positive
9943,Sneha Sharma,23,Male,0.75,68.18,0.79,8,28,6,76.81,B,0,Excellent platform for learning,Positive
9944,Meena Das,26,Male,0.59,33.77,1,9,32,5,70.31,B,0,Great course and very helpful,Positive
9945,Vijay Sharma,24,Female,0.93,32.36,0.54,9,20,0,56.98,C,0,Average experience,Neutral
9946,Priya Reddy,19,Female,0.6,15.2,0.54,8,11,6,49.91,D,0,Waste of time,Negative
9947,Ravi Singh,21,Male,0.9,55.2,0.54,3,36,7,73.25,B,0,Loved the teaching style,Positive
9948,Vijay Das,26,Male,0.75,49.34,0.71,9,12,6,68.12,C,0,Okay course,Neutral
9949,Priya Das,27,Female,0.83,46.17,0.62,6,4,5,67.38,C,0,Average experience,Neutral
9950,Rahul Verma,28,Male,0.76,42.97,0.69,8,49,0,72.31,B,0,Helped me improve a lot,Positive
9951,Meena Patel,26,Female,0.88,30.53,0.84,8,37,4,72.3,B,0,Very engaging and informative,Positive
9952,Suresh Das,29,Male,0.73,47.85,0.58,6,6,7,58.97,C,0,Average experience,Neutral
9953,Vijay Kumar,24,Female,0.94,38.14,0.51,9,34,8,64.17,C,0,Normal learning experience,Neutral
9954,Anjali Iyer,19,Female,0.47,27.17,0.53,9,46,2,61.51,C,0,Average experience,Neutral
9955,Anjali Verma,25,Female,0.77,35.22,0.62,6,16,0,61,C,0,Okay course,Neutral
9956,Meena Sharma,18,Female,0.88,26.5,0.6,5,10,5,56.46,C,0,Average experience,Neutral
9957,Ravi Patel,29,Female,0.69,35.83,0.61,3,17,5,55.81,C,0,Okay course,Neutral
9958,Karthik Sharma,25,Male,0.98,29.24,0.35,7,20,2,61.66,C,0,Okay course,Neutral
9959,Priya Singh,20,Female,0.75,18.62,0.42,9,39,6,60.53,C,0,Normal learning experience,Neutral
9960,Sneha Reddy,19,Female,1,42.14,0.71,8,15,8,67.16,C,0,Normal learning experience,Neutral
9961,Ravi Nair,27,Male,0.94,45.64,0.7,5,30,0,68.73,C,0,Average experience,Neutral
9962,Vijay Iyer,28,Female,0.96,50.19,0.79,7,10,7,82.72,B,0,Very engaging and informative,Positive
9963,Arun Verma,25,Male,0.84,20.42,0.81,8,10,0,64.01,C,0,Normal learning experience,Neutral
9964,Vijay Singh,26,Female,0.7,22.3,0.64,8,44,0,63.71,C,0,Normal learning experience,Neutral
9965,Karthik Patel,28,Male,0.83,66.09,0.85,9,42,7,77.17,B,0,Helped me improve a lot,Positive
9966,Rahul Singh,23,Male,0.88,40.59,0.8,3,43,1,75.22,B,0,Loved the teaching style,Positive
9967,Arun Singh,30,Male,0.58,50.21,0.56,3,44,0,52.71,D,0,Waste of time,Negative
9968,Anjali Patel,18,Female,0.82,48.4,0.53,4,48,2,63.92,C,0,Average experience,Neutral
9969,Anjali Das,20,Female,0.27,43.09,0.59,9,43,7,41.59,D,0,Poor explanations,Negative
9970,Vijay Patel,25,Male,0.62,40.66,0.73,6,10,9,58.02,C,0,Normal learning experience,Neutral
9971,Meena Gupta,20,Female,0.55,9.93,0.88,4,40,7,58.01,C,0,Okay course,Neutral
9972,Rahul Reddy,21,Female,0.93,19.13,0.92,7,4,7,77.84,B,0,Loved the teaching style,Positive
9973,Ravi Iyer,28,Male,0.62,62.63,0.53,5,1,3,53.13,D,0,Poor explanations,Negative
9974,Suresh Nair,26,Male,0.53,56.82,0.68,4,40,8,55.03,C,0,Normal learning experience,Neutral
9975,Divya Kumar,20,Female,0.59,26.78,0.5,9,47,1,50.93,D,0,Waste of time,Negative
9976,Karthik Nair,28,Male,0.75,57.42,0.99,3,49,8,74.1,B,0,Excellent platform for learning,Positive
9977,Sneha Verma,23,Male,0.64,49.41,0.32,8,2,2,43.82,D,0,Waste of time,Negative
9978,Arun Singh,30,Male,0.71,62.03,0.38,5,7,4,49.55,D,0,Poor explanations,Negative
9979,Rahul Reddy,27,Male,0.64,39.46,0.64,9,13,0,59.29,C,0,Can be improved,Neutral
9980,Suresh Reddy,25,Male,0.59,42.62,0.71,9,15,7,50.22,D,0,Not useful at all,Negative
9981,Priya Das,28,Male,1,42.43,0.71,4,48,7,72.96,B,0,Excellent platform for learning,Positive
9982,Rahul Kumar,25,Female,0.67,51.12,0.82,9,44,4,70.34,B,0,Helped me improve a lot,Positive
9983,Kavya Gupta,20,Male,0.97,35.83,0.94,7,25,4,79.24,B,0,Great course and very helpful,Positive
9984,Priya Sharma,30,Male,0.68,31.96,0.64,4,29,2,54.4,D,0,Very confusing content,Negative
9985,Rahul Das,23,Male,1,30.02,0.87,8,49,5,72.77,B,0,Very engaging and informative,Positive
9986,Ravi Gupta,23,Male,0.88,26.06,0.46,5,27,6,56.09,C,0,Nothing special,Neutral
9987,Arun Das,25,Male,0.49,44.69,0.68,3,26,7,50.68,D,0,Not useful at all,Negative
9988,Sneha Das,29,Male,0.59,43.8,0.72,3,27,9,56.57,C,0,Normal learning experience,Neutral
9989,Sneha Singh,20,Female,1,37.63,1,3,8,0,69.59,C,0,Average experience,Neutral
9990,Anjali Iyer,30,Female,0.38,49.81,0.67,3,20,1,44.33,D,0,Too difficult to follow,Negative
9991,Sneha Verma,25,Male,1,22.98,0.6,9,46,8,75.85,B,0,Loved the teaching style,Positive
9992,Ravi Kumar,25,Female,0.61,53.47,0.72,7,7,9,55.06,C,0,Average experience,Neutral
9993,Ravi Nair,21,Male,0.83,36.83,0.61,5,25,9,52.08,D,0,Not useful at all,Negative
9994,Suresh Sharma,26,Female,0.82,36.1,0.8,6,31,6,65.29,C,0,Normal learning experience,Neutral
9995,Meena Singh,30,Female,0.71,30.85,0.55,9,32,0,49.16,D,0,Not useful at all,Negative
9996,Rahul Verma,29,Male,0.97,43.4,0.59,7,10,4,71,B,0,Excellent platform for learning,Positive
9997,Suresh Das,21,Female,0.72,45.21,0.77,5,30,3,69.36,C,0,Okay course,Neutral
9998,Sneha Nair,28,Female,0.9,32.89,0.93,6,24,8,67.33,C,0,Nothing special,Neutral
9999,Divya Nair,28,Male,0.74,30.07,0.67,4,17,2,58.31,C,0,Okay course,Neutral
10000,Ravi Iyer,23,Male,0.83,39.77,0.86,6,4,3,63.63,C,0,Can be improved,Neutral
